match_id,team,player,pass_recipient,minute,second,period,location,pass_end_location,pass_length,pass_angle,pass_height,pass_type,pass_technique,pass_cross,pass_cut_back,pass_switch,pass_through_ball,pass_outcome,pass_shot_assist,pass_goal_assist,pass_assisted_shot_id,under_pressure,play_pattern
3943043,Spain,Unai Simón Mendibil,Robin Aime Robert Le Normand,0,34,1,"[6.9, 39.6]","[9.1, 57.2]",17.736967,1.4464413,Ground Pass,Goal Kick,,,,,,,,,,,From Goal Kick
3943043,Spain,Robin Aime Robert Le Normand,Daniel Carvajal Ramos,0,36,1,"[8.9, 57.2]","[20.6, 75.8]",21.973848,1.0093026,Ground Pass,,,,,,,,,,,,From Goal Kick
3943043,Spain,Daniel Carvajal Ramos,Daniel Olmo Carvajal,0,39,1,"[28.6, 76.4]","[50.2, 68.5]",22.999348,-0.35062835,Ground Pass,,,,,,,,,,,,From Goal Kick
3943043,Spain,Álvaro Borja Morata Martín,Lamine Yamal Nasraoui Ebana,0,41,1,"[61.9, 67.1]","[65.1, 66.9]",3.206244,-0.06241881,Ground Pass,Recovery,,,,,,Incomplete,,,,,From Goal Kick
3943043,Spain,Daniel Carvajal Ramos,Daniel Olmo Carvajal,0,56,1,"[72.5, 80.0]","[70.4, 73.3]",7.0213957,-1.8745308,High Pass,Throw-in,,,,,,,,,,,From Throw In
3943043,Spain,Daniel Olmo Carvajal,Daniel Carvajal Ramos,0,58,1,"[70.4, 73.3]","[71.0, 78.3]",5.0358715,1.4513674,Low Pass,,,,,,,,,,,,From Throw In
3943043,Spain,Daniel Olmo Carvajal,Rodrigo Hernández Cascante,1,1,1,"[64.5, 77.5]","[56.8, 75.5]",7.955501,-2.8874679,Ground Pass,Recovery,,,,,,,,,,True,From Throw In
3943043,Spain,Rodrigo Hernández Cascante,Robin Aime Robert Le Normand,1,5,1,"[47.1, 76.6]","[26.1, 60.7]",26.340273,-2.4935358,Ground Pass,,,,,,,,,,,True,From Throw In
3943043,Spain,Robin Aime Robert Le Normand,Aymeric Laporte,1,8,1,"[23.3, 60.1]","[27.4, 33.8]",26.617662,-1.4161476,Ground Pass,,,,,,,,,,,,From Throw In
3943043,Spain,Aymeric Laporte,Robin Aime Robert Le Normand,1,15,1,"[42.2, 24.9]","[35.6, 55.6]",31.401434,1.7825569,Ground Pass,,,,,,,,,,,,From Throw In
3943043,Spain,Robin Aime Robert Le Normand,Aymeric Laporte,1,22,1,"[42.9, 54.1]","[43.5, 25.2]",28.906227,-1.5500381,Ground Pass,,,,,,,,,,,,From Throw In
3943043,Spain,Aymeric Laporte,Lamine Yamal Nasraoui Ebana,1,28,1,"[61.7, 20.2]","[97.1, 71.6]",62.410896,0.96768373,High Pass,,,,,True,,,,,,,From Throw In
3943043,Spain,Daniel Carvajal Ramos,Robin Aime Robert Le Normand,1,43,1,"[35.8, 75.1]","[29.4, 67.1]",10.244999,-2.2455373,Ground Pass,,,,,,,,,,,,Regular Play
3943043,Spain,Robin Aime Robert Le Normand,Daniel Carvajal Ramos,1,50,1,"[29.0, 67.8]","[34.9, 76.0]",10.10198,0.9470946,Ground Pass,,,,,,,,,,,,Regular Play
3943043,Spain,Daniel Carvajal Ramos,Álvaro Borja Morata Martín,2,12,1,"[41.1, 80.0]","[58.6, 74.2]",18.436106,-0.32003528,High Pass,Throw-in,,,,,,,,,,,From Throw In
3943043,Spain,Álvaro Borja Morata Martín,Lamine Yamal Nasraoui Ebana,2,13,1,"[58.4, 74.2]","[72.0, 71.1]",13.948835,-0.22411212,High Pass,,,,,,,Incomplete,,,,,From Throw In
3943043,Spain,Robin Aime Robert Le Normand,Unai Simón Mendibil,2,21,1,"[29.2, 64.7]","[3.8, 45.5]",31.840225,-2.4943228,Ground Pass,,,,,,,,,,,True,From Throw In
3943043,Spain,Unai Simón Mendibil,Robin Aime Robert Le Normand,2,25,1,"[3.2, 46.9]","[10.0, 68.1]",22.263872,1.2604089,Ground Pass,,,,,,,,,,,,From Throw In
3943043,Spain,Robin Aime Robert Le Normand,Daniel Carvajal Ramos,2,28,1,"[10.0, 68.1]","[22.6, 76.6]",15.199013,0.593477,Ground Pass,,,,,,,,,,,,From Throw In
3943043,Spain,Daniel Carvajal Ramos,Robin Aime Robert Le Normand,2,30,1,"[22.6, 76.6]","[11.9, 67.3]",14.176742,-2.4260805,Ground Pass,,,,,,,,,,,,From Throw In
3943043,Spain,Robin Aime Robert Le Normand,Unai Simón Mendibil,2,33,1,"[12.0, 63.8]","[3.0, 41.6]",23.954958,-1.9559538,Ground Pass,,,,,,,,,,,,From Throw In
3943043,Spain,Unai Simón Mendibil,Robin Aime Robert Le Normand,2,39,1,"[13.5, 37.3]","[16.6, 56.1]",19.053871,1.4073733,Ground Pass,,,,,,,,,,,,From Throw In
3943043,Spain,Robin Aime Robert Le Normand,Unai Simón Mendibil,2,46,1,"[36.7, 66.0]","[8.7, 56.5]",29.567719,-2.8144946,Ground Pass,,,,,,,,,,,True,From Throw In
3943043,Spain,Unai Simón Mendibil,Aymeric Laporte,2,50,1,"[10.2, 50.2]","[22.1, 27.1]",25.984995,-1.0951011,Ground Pass,,,,,,,,,,,,From Throw In
3943043,Spain,Aymeric Laporte,Robin Aime Robert Le Normand,2,55,1,"[32.5, 23.7]","[30.5, 51.9]",28.270834,1.6415998,Ground Pass,,,,,,,,,,,,From Throw In
3943043,Spain,Robin Aime Robert Le Normand,Daniel Carvajal Ramos,2,58,1,"[33.7, 54.4]","[51.1, 77.9]",29.240555,0.9334511,Ground Pass,,,,,,,,,,,,From Throw In
3943043,Spain,Daniel Carvajal Ramos,Álvaro Borja Morata Martín,3,2,1,"[54.5, 76.4]","[72.4, 58.5]",25.314423,-0.7853982,Ground Pass,,,,,,,,,,,,From Throw In
3943043,Spain,Álvaro Borja Morata Martín,,3,5,1,"[69.2, 69.5]","[72.7, 69.8]",3.5128336,0.08550529,Ground Pass,,,,,,,Incomplete,,,,True,From Throw In
3943043,Spain,Robin Aime Robert Le Normand,Aymeric Laporte,3,25,1,"[42.3, 37.7]","[47.1, 25.3]",13.296617,-1.2014626,Ground Pass,,,,,,,,,,,,Regular Play
3943043,Spain,Aymeric Laporte,Rodrigo Hernández Cascante,3,30,1,"[52.6, 21.8]","[51.5, 34.2]",12.448695,1.6592743,Ground Pass,,,,,,,,,,,,Regular Play
3943043,Spain,Rodrigo Hernández Cascante,Robin Aime Robert Le Normand,3,32,1,"[49.0, 34.0]","[50.4, 55.6]",21.645323,1.506072,Ground Pass,,,,,,,,,,,,Regular Play
3943043,Spain,Robin Aime Robert Le Normand,Daniel Carvajal Ramos,3,35,1,"[52.1, 65.6]","[71.2, 76.4]",21.941969,0.5146238,Ground Pass,,,,,,,,,,,,Regular Play
3943043,Spain,Daniel Carvajal Ramos,Lamine Yamal Nasraoui Ebana,3,38,1,"[72.0, 76.4]","[71.2, 68.1]",8.338465,-1.666885,Ground Pass,,,,,,,,,,,,Regular Play
3943043,Spain,Lamine Yamal Nasraoui Ebana,Daniel Carvajal Ramos,3,42,1,"[78.4, 71.3]","[84.6, 73.8]",6.685058,0.38328415,Ground Pass,,,,,,,Incomplete,,,,True,Regular Play
3943043,Spain,Daniel Carvajal Ramos,Robin Aime Robert Le Normand,3,47,1,"[70.0, 64.4]","[52.8, 58.5]",18.183784,-2.8111467,Ground Pass,Recovery,,,,,,,,,,,Regular Play
3943043,Spain,Robin Aime Robert Le Normand,Aymeric Laporte,3,48,1,"[50.0, 57.5]","[49.3, 46.6]",10.922454,-1.6349285,Ground Pass,,,,,,,,,,,,Regular Play
3943043,Spain,Aymeric Laporte,Marc Cucurella Saseta,3,52,1,"[54.6, 29.2]","[55.5, 19.6]",9.642096,-1.4773196,Ground Pass,,,,,,,,,,,,Regular Play
3943043,Spain,Marc Cucurella Saseta,Aymeric Laporte,3,54,1,"[55.5, 19.6]","[44.0, 25.7]",13.01768,2.6538947,Ground Pass,,,,,,,,,,,,Regular Play
3943043,Spain,Aymeric Laporte,Robin Aime Robert Le Normand,3,57,1,"[42.9, 25.3]","[48.6, 55.2]",30.438463,1.3824211,Ground Pass,,,,,,,,,,,,Regular Play
3943043,Spain,Robin Aime Robert Le Normand,Álvaro Borja Morata Martín,4,4,1,"[63.2, 58.5]","[79.1, 53.8]",16.580109,-0.2874129,Ground Pass,,,,,,,,,,,,Regular Play
3943043,Spain,Álvaro Borja Morata Martín,Daniel Olmo Carvajal,4,5,1,"[79.1, 53.8]","[80.4, 66.3]",12.567418,1.4671688,Ground Pass,,,,,,,,,,,,Regular Play
3943043,Spain,Daniel Olmo Carvajal,Álvaro Borja Morata Martín,4,9,1,"[91.4, 68.5]","[111.6, 39.3]",35.506054,-0.96560794,High Pass,,,True,,,,Incomplete,,,,,Regular Play
3943043,Spain,Nicholas Williams Arthuer,,4,17,1,"[100.7, 10.4]","[111.5, 35.3]",27.141296,1.1615504,Low Pass,,,True,,,,Incomplete,,,,,Regular Play
3943043,Spain,Nicholas Williams Arthuer,Daniel Carvajal Ramos,4,47,1,"[120.0, 0.1]","[116.3, 34.4]",34.498985,1.6782526,High Pass,Corner,Inswinging,,,,,Incomplete,,,,,From Corner
3943043,Spain,Marc Cucurella Saseta,,4,54,1,"[77.5, 35.1]","[97.3, 34.7]",19.80404,-0.020199273,High Pass,Recovery,,,,,,Incomplete,,,,,From Corner
3943043,Spain,Fabián Ruiz Peña,Álvaro Borja Morata Martín,5,8,1,"[63.7, 10.8]","[78.2, 26.5]",21.371477,0.82511234,Ground Pass,,,,,,,,,,,,Regular Play
3943043,Spain,Álvaro Borja Morata Martín,Rodrigo Hernández Cascante,5,10,1,"[77.1, 24.1]","[63.4, 22.8]",13.76154,-3.0469854,Ground Pass,,,,,,,,,,,True,Regular Play
3943043,Spain,Rodrigo Hernández Cascante,Robin Aime Robert Le Normand,5,11,1,"[63.4, 22.8]","[55.3, 47.1]",25.614449,1.8925469,Ground Pass,,,,,,,,,,,,Regular Play
3943043,Spain,Robin Aime Robert Le Normand,Daniel Carvajal Ramos,5,14,1,"[55.9, 53.0]","[69.0, 66.9]",19.100262,0.81501913,Ground Pass,,,,,,,,,,,,Regular Play
3943043,Spain,Daniel Carvajal Ramos,Aymeric Laporte,5,16,1,"[69.0, 66.9]","[57.0, 36.5]",32.682716,-1.9467573,Ground Pass,,,,,,,,,,,,Regular Play
3943043,Spain,Aymeric Laporte,Nicholas Williams Arthuer,5,23,1,"[77.3, 27.2]","[91.6, 23.6]",14.746186,-0.2466234,Ground Pass,,,,,,,,,,,,Regular Play
3943043,Spain,Nicholas Williams Arthuer,Marc Cucurella Saseta,5,25,1,"[92.4, 23.2]","[112.6, 10.0]",24.130478,-0.5788075,Ground Pass,,,,,,,,,,,True,Regular Play
3943043,Spain,Marc Cucurella Saseta,Fabián Ruiz Peña,5,28,1,"[110.4, 8.4]","[85.7, 6.5]",24.772968,-3.0648208,Ground Pass,,,,,,,,,,,,Regular Play
3943043,Spain,Fabián Ruiz Peña,Marc Cucurella Saseta,5,32,1,"[86.3, 6.5]","[101.0, 7.5]",14.733974,0.06792256,Ground Pass,,,,,,,,,,,,Regular Play
3943043,Spain,Marc Cucurella Saseta,Fabián Ruiz Peña,5,33,1,"[99.8, 7.3]","[84.1, 7.5]",15.701274,3.1288545,Ground Pass,,,,,,,,,,,,Regular Play
3943043,Spain,Fabián Ruiz Peña,Aymeric Laporte,5,35,1,"[84.6, 7.8]","[70.4, 14.1]",15.5348,2.724022,Ground Pass,,,,,,,,,,,,Regular Play
3943043,Spain,Aymeric Laporte,Fabián Ruiz Peña,5,40,1,"[76.0, 15.5]","[79.5, 5.8]",10.312129,-1.2245108,Ground Pass,,,,,,,,,,,,Regular Play
3943043,Spain,Fabián Ruiz Peña,Marc Cucurella Saseta,5,47,1,"[83.7, 15.7]","[85.7, 5.5]",10.394229,-1.3771744,Ground Pass,,,,,,,,,,,,Regular Play
3943043,Spain,Marc Cucurella Saseta,Aymeric Laporte,5,49,1,"[84.9, 6.0]","[62.3, 13.3]",23.749737,2.8291628,Ground Pass,,,,,,,,,,,,Regular Play
3943043,Spain,Aymeric Laporte,Robin Aime Robert Le Normand,5,51,1,"[61.2, 15.1]","[62.3, 48.3]",33.21822,1.5376759,Ground Pass,,,,,,,,,,,,Regular Play
3943043,Spain,Robin Aime Robert Le Normand,Daniel Carvajal Ramos,5,57,1,"[76.0, 63.6]","[87.3, 77.9]",18.225805,0.9020536,Ground Pass,,,,,,,,,,,,Regular Play
3943043,Spain,Daniel Carvajal Ramos,Robin Aime Robert Le Normand,6,0,1,"[87.3, 77.9]","[70.4, 66.0]",20.6693,-2.5280921,Ground Pass,,,,,,,,,,,,Regular Play
3943043,Spain,Robin Aime Robert Le Normand,Rodrigo Hernández Cascante,6,3,1,"[63.2, 63.6]","[63.4, 53.4]",10.201961,-1.551191,Ground Pass,,,,,,,,,,,,Regular Play
3943043,Spain,Rodrigo Hernández Cascante,Robin Aime Robert Le Normand,6,4,1,"[63.4, 53.4]","[63.4, 64.0]",10.6,1.5707964,Ground Pass,,,,,,,,,,,,Regular Play
3943043,Spain,Robin Aime Robert Le Normand,Daniel Carvajal Ramos,6,9,1,"[75.9, 66.5]","[77.5, 77.3]",10.917875,1.423718,Ground Pass,,,,,,,,,,,True,Regular Play
3943043,Spain,Daniel Carvajal Ramos,Rodrigo Hernández Cascante,6,10,1,"[77.5, 77.3]","[63.2, 67.8]",17.167994,-2.5552056,Ground Pass,,,,,,,,,,,,Regular Play
3943043,Spain,Rodrigo Hernández Cascante,Aymeric Laporte,6,14,1,"[63.0, 60.1]","[57.0, 35.3]",25.515486,-1.8081706,Ground Pass,,,,,,,,,,,,Regular Play
3943043,Spain,Aymeric Laporte,Marc Cucurella Saseta,6,19,1,"[74.0, 24.3]","[71.6, 12.4]",12.139605,-1.7698073,Ground Pass,,,,,,,,,,,,Regular Play
3943043,Spain,Marc Cucurella Saseta,Nicholas Williams Arthuer,6,21,1,"[71.6, 12.4]","[82.4, 5.1]",13.03572,-0.5943855,Ground Pass,,,,,,,,,,,,Regular Play
3943043,Spain,Nicholas Williams Arthuer,Marc Cucurella Saseta,6,26,1,"[92.2, 5.7]","[77.3, 7.5]",15.008331,3.02137,Ground Pass,,,,,,,,,,,True,Regular Play
3943043,Spain,Marc Cucurella Saseta,Aymeric Laporte,6,28,1,"[77.3, 7.5]","[63.2, 17.9]",17.52056,2.5060823,Ground Pass,,,,,,,,,,,,Regular Play
3943043,Spain,Aymeric Laporte,Robin Aime Robert Le Normand,6,30,1,"[63.5, 23.4]","[64.7, 48.8]",25.428331,1.5235873,Ground Pass,,,,,,,,,,,,Regular Play
3943043,Spain,Robin Aime Robert Le Normand,Lamine Yamal Nasraoui Ebana,6,35,1,"[77.1, 57.7]","[85.5, 59.2]",8.532878,0.17670886,Ground Pass,,,,,,,,,,,,Regular Play
3943043,Spain,Lamine Yamal Nasraoui Ebana,Robin Aime Robert Le Normand,6,36,1,"[85.9, 59.4]","[76.9, 62.0]",9.368031,2.8603604,Ground Pass,,,,,,,,,,,,Regular Play
3943043,Spain,Robin Aime Robert Le Normand,Daniel Carvajal Ramos,6,38,1,"[75.3, 64.0]","[89.4, 76.2]",18.645374,0.7132801,Ground Pass,,,,,,,,,,,,Regular Play
3943043,Spain,Daniel Carvajal Ramos,Lamine Yamal Nasraoui Ebana,6,40,1,"[89.9, 77.5]","[82.0, 72.2]",9.513149,-2.5506747,Ground Pass,,,,,,,,,,,,Regular Play
3943043,Spain,Lamine Yamal Nasraoui Ebana,Robin Aime Robert Le Normand,6,42,1,"[81.2, 71.6]","[63.4, 63.8]",19.43399,-2.7285929,Ground Pass,,,,,,,,,,,,Regular Play
3943043,Spain,Robin Aime Robert Le Normand,Aymeric Laporte,6,45,1,"[63.0, 59.2]","[62.7, 38.0]",21.202122,-1.5849463,Ground Pass,,,,,,,,,,,,Regular Play
3943043,Spain,Aymeric Laporte,Robin Aime Robert Le Normand,6,47,1,"[62.7, 36.7]","[63.9, 57.7]",21.034258,1.5137155,Ground Pass,,,,,,,,,,,,Regular Play
3943043,Spain,Robin Aime Robert Le Normand,Daniel Carvajal Ramos,6,51,1,"[70.0, 64.9]","[81.2, 76.8]",16.341665,0.81569195,Ground Pass,,,,,,,,,,,,Regular Play
3943043,Spain,Daniel Carvajal Ramos,Robin Aime Robert Le Normand,6,56,1,"[83.1, 75.1]","[63.9, 69.1]",20.115665,-2.8387077,Ground Pass,,,,,,,,,,,True,Regular Play
3943043,Spain,Robin Aime Robert Le Normand,Aymeric Laporte,6,58,1,"[63.4, 64.7]","[65.3, 33.6]",31.157984,-1.509779,Ground Pass,,,,,,,,,,,,Regular Play
3943043,Spain,Aymeric Laporte,Nicholas Williams Arthuer,7,2,1,"[71.8, 28.3]","[93.4, 6.9]",30.40592,-0.78074706,Ground Pass,,,,,,,,,,,,Regular Play
3943043,Spain,Nicholas Williams Arthuer,Fabián Ruiz Peña,7,7,1,"[97.7, 10.6]","[106.5, 21.2]",13.776793,0.8779168,Ground Pass,,,,,,,,,,,,Regular Play
3943043,Spain,Fabián Ruiz Peña,Nicholas Williams Arthuer,7,8,1,"[106.5, 21.4]","[100.5, 22.6]",6.1188235,2.9441972,Ground Pass,,,,,,,Incomplete,,,,True,Regular Play
3943043,Spain,Rodrigo Hernández Cascante,Nicholas Williams Arthuer,7,10,1,"[91.8, 26.1]","[99.2, 23.9]",7.7201037,-0.28897542,Ground Pass,Recovery,,,,,,,,,,True,Regular Play
3943043,Spain,Nicholas Williams Arthuer,Daniel Olmo Carvajal,7,11,1,"[99.2, 23.9]","[100.7, 30.5]",6.7683086,1.3473197,Ground Pass,,,,,,,,,,,,Regular Play
3943043,Spain,Daniel Olmo Carvajal,,7,12,1,"[100.7, 30.5]","[104.7, 26.7]",5.517246,-0.75976276,Ground Pass,,,,,,,Incomplete,,,,,Regular Play
3943043,Spain,Robin Aime Robert Le Normand,Fabián Ruiz Peña,7,48,1,"[63.4, 14.9]","[77.7, 12.6]",14.483784,-0.15947337,High Pass,Recovery,,,,,,,,,,,Regular Play
3943043,Spain,Fabián Ruiz Peña,Rodrigo Hernández Cascante,7,49,1,"[77.7, 12.6]","[70.6, 20.0]",10.255242,2.3355079,High Pass,,,,,,,,,,,,Regular Play
3943043,Spain,Rodrigo Hernández Cascante,Fabián Ruiz Peña,7,50,1,"[69.8, 21.6]","[76.3, 6.5]",16.439587,-1.1643071,High Pass,,,,,,,,,,,,Regular Play
3943043,Spain,Fabián Ruiz Peña,Daniel Olmo Carvajal,7,51,1,"[75.9, 6.2]","[77.1, 15.7]",9.57549,1.445146,Low Pass,,,,,,,,,,,True,Regular Play
3943043,Spain,Daniel Olmo Carvajal,Daniel Carvajal Ramos,7,53,1,"[70.7, 19.6]","[61.9, 36.3]",18.876705,2.0557678,Ground Pass,,,,,,,,,,,,Regular Play
3943043,Spain,Daniel Carvajal Ramos,Fabián Ruiz Peña,7,57,1,"[63.5, 41.1]","[63.9, 24.3]",16.804762,-1.5469913,Ground Pass,,,,,,,,,,,,Regular Play
3943043,Spain,Fabián Ruiz Peña,Álvaro Borja Morata Martín,7,59,1,"[63.4, 24.3]","[84.4, 25.2]",21.019278,0.042830933,Ground Pass,,,,,,,,,,,,Regular Play
3943043,Spain,Álvaro Borja Morata Martín,Daniel Olmo Carvajal,8,0,1,"[84.4, 25.2]","[99.6, 25.5]",15.20296,0.01973428,Ground Pass,,,,,,,Incomplete,,,,,Regular Play
3943043,Spain,Fabián Ruiz Peña,Robin Aime Robert Le Normand,8,10,1,"[67.8, 0.1]","[49.8, 33.6]",38.029594,2.0638473,High Pass,Throw-in,,,,,,,,,,,From Throw In
3943043,Spain,Robin Aime Robert Le Normand,Daniel Carvajal Ramos,8,15,1,"[44.3, 47.5]","[49.8, 65.2]",18.534832,1.2695208,Ground Pass,,,,,,,,,,,,From Throw In
3943043,Spain,Daniel Carvajal Ramos,Robin Aime Robert Le Normand,8,19,1,"[52.6, 68.7]","[47.6, 53.4]",16.096273,-1.8866531,Ground Pass,,,,,,,,,,,,From Throw In
3943043,Spain,Robin Aime Robert Le Normand,Aymeric Laporte,8,21,1,"[47.5, 51.9]","[52.1, 24.5]",27.78345,-1.4044642,Ground Pass,,,,,,,,,,,,From Throw In
3943043,Spain,Aymeric Laporte,Fabián Ruiz Peña,8,23,1,"[53.7, 22.4]","[61.0, 16.6]",9.323626,-0.6713909,Ground Pass,,,,,,,,,,,,From Throw In
3943043,Spain,Fabián Ruiz Peña,Álvaro Borja Morata Martín,8,27,1,"[63.0, 17.1]","[74.0, 29.8]",16.801489,0.8570055,Ground Pass,,,,,,,Incomplete,,,,,From Throw In
3943043,Spain,Daniel Carvajal Ramos,,9,25,1,"[33.1, 73.0]","[50.8, 62.2]",20.734753,-0.54786354,Low Pass,Recovery,,,,,,Incomplete,,,,,From Throw In
3943043,Spain,Aymeric Laporte,Robin Aime Robert Le Normand,10,30,1,"[13.5, 33.6]","[11.5, 55.7]",22.190313,1.6610482,Ground Pass,Free Kick,,,,,,,,,,,From Free Kick
3943043,Spain,Robin Aime Robert Le Normand,Aymeric Laporte,10,34,1,"[14.2, 51.9]","[19.7, 27.9]",24.622145,-1.3455195,Ground Pass,,,,,,,,,,,,From Free Kick
3943043,Spain,Aymeric Laporte,Robin Aime Robert Le Normand,10,40,1,"[27.8, 28.1]","[26.6, 49.5]",21.433619,1.6268125,Ground Pass,,,,,,,,,,,,From Free Kick
3943043,Spain,Robin Aime Robert Le Normand,Unai Simón Mendibil,10,41,1,"[26.8, 47.3]","[9.1, 38.5]",19.766891,-2.6802075,Ground Pass,,,,,,,,,,,,From Free Kick
3943043,Spain,Unai Simón Mendibil,Aymeric Laporte,10,47,1,"[9.8, 40.0]","[18.0, 25.2]",16.919811,-1.0648459,Ground Pass,,,,,,,,,,,,From Free Kick
3943043,Spain,Aymeric Laporte,Unai Simón Mendibil,10,50,1,"[18.0, 25.2]","[12.9, 39.8]",15.465122,1.9068608,Ground Pass,,,,,,,,,,,,From Free Kick
3943043,Spain,Unai Simón Mendibil,Robin Aime Robert Le Normand,10,52,1,"[13.5, 40.2]","[13.7, 61.0]",20.800962,1.5611812,Ground Pass,,,,,,,,,,,,From Free Kick
3943043,Spain,Robin Aime Robert Le Normand,Daniel Carvajal Ramos,10,55,1,"[12.9, 61.4]","[20.9, 73.4]",14.422205,0.98279375,Ground Pass,,,,,,,,,,,,From Free Kick
3943043,Spain,Daniel Carvajal Ramos,Nicholas Williams Arthuer,10,57,1,"[21.1, 74.8]","[63.2, 40.8]",54.114784,-0.67935854,High Pass,,,,,,,Incomplete,,,,,From Free Kick
3943043,Spain,Marc Cucurella Saseta,Fabián Ruiz Peña,11,3,1,"[50.4, 28.1]","[64.5, 6.2]",26.046497,-0.9987668,Low Pass,,,,,,,,,,,,From Free Kick
3943043,Spain,Fabián Ruiz Peña,Nicholas Williams Arthuer,11,5,1,"[65.1, 4.5]","[99.4, 9.1]",34.60708,0.13331532,Low Pass,,,,,,,,True,,3787ac1c-b077-4960-b717-ce3e7361f8a4,,From Free Kick
3943043,Spain,Nicholas Williams Arthuer,Rodrigo Hernández Cascante,12,18,1,"[120.0, 0.1]","[114.2, 48.3]",48.547707,1.6905525,High Pass,Corner,Inswinging,,,True,,,,,,,From Corner
3943043,Spain,Rodrigo Hernández Cascante,Robin Aime Robert Le Normand,12,20,1,"[114.2, 48.3]","[112.9, 36.2]",12.169634,-1.6778238,High Pass,,,,,,,,True,,c825856a-5a21-4507-b9e2-ea07b5bf4cca,True,From Corner
3943043,Spain,Unai Simón Mendibil,Robin Aime Robert Le Normand,13,14,1,"[14.4, 44.9]","[20.4, 57.9]",14.3178215,1.1383885,Ground Pass,,,,,,,,,,,,Regular Play
3943043,Spain,Robin Aime Robert Le Normand,Unai Simón Mendibil,13,19,1,"[31.0, 59.2]","[10.7, 45.7]",24.37909,-2.5547278,Ground Pass,,,,,,,,,,,,Regular Play
3943043,Spain,Unai Simón Mendibil,Aymeric Laporte,13,21,1,"[12.0, 45.5]","[21.1, 29.2]",18.668154,-1.0616167,Ground Pass,,,,,,,,,,,,Regular Play
3943043,Spain,Aymeric Laporte,Robin Aime Robert Le Normand,13,28,1,"[42.3, 31.6]","[43.1, 53.0]",21.414948,1.5334306,Ground Pass,,,,,,,,,,,,Regular Play
3943043,Spain,Robin Aime Robert Le Normand,Daniel Carvajal Ramos,13,34,1,"[55.1, 64.4]","[57.0, 77.9]",13.633048,1.430974,Ground Pass,,,,,,,,,,,,Regular Play
3943043,Spain,Daniel Carvajal Ramos,Rodrigo Hernández Cascante,13,37,1,"[53.9, 75.5]","[43.1, 69.3]",12.453112,-2.6204545,Ground Pass,,,,,,,,,,,,Regular Play
3943043,Spain,Rodrigo Hernández Cascante,Aymeric Laporte,13,41,1,"[50.2, 59.2]","[47.5, 27.1]",32.213352,-1.654711,Ground Pass,,,,,,,,,,,,Regular Play
3943043,Spain,Aymeric Laporte,Nicholas Williams Arthuer,13,45,1,"[60.4, 24.1]","[88.6, 5.3]",33.89218,-0.5880026,Ground Pass,,,,,,,,,,,,Regular Play
3943043,Spain,Nicholas Williams Arthuer,Álvaro Borja Morata Martín,13,51,1,"[106.7, 11.3]","[107.7, 37.7]",26.418932,1.5329356,High Pass,,,True,,,,Incomplete,,,,,Regular Play
3943043,Spain,Álvaro Borja Morata Martín,,16,33,1,"[27.6, 55.2]","[30.3, 53.4]",3.244996,-0.5880026,Low Pass,,,,,,,Incomplete,,,,,From Corner
3943043,Spain,Álvaro Borja Morata Martín,Rodrigo Hernández Cascante,16,35,1,"[28.2, 55.2]","[31.7, 52.6]",4.360046,-0.638914,Low Pass,Recovery,,,,,,,,,,True,From Corner
3943043,Spain,Rodrigo Hernández Cascante,,16,36,1,"[31.7, 52.6]","[58.8, 47.7]",27.539427,-0.17887916,High Pass,,,,,,,Incomplete,,,,,From Corner
3943043,Spain,Aymeric Laporte,Daniel Olmo Carvajal,16,55,1,"[16.2, 36.5]","[25.0, 41.8]",10.272779,0.5420889,Ground Pass,Recovery,,,,,,,,,,True,Regular Play
3943043,Spain,Daniel Olmo Carvajal,Lamine Yamal Nasraoui Ebana,16,59,1,"[39.0, 59.2]","[39.8, 75.0]",15.82024,1.5202066,Ground Pass,,,,,,,,,,,,Regular Play
3943043,Spain,Lamine Yamal Nasraoui Ebana,,17,1,1,"[39.8, 75.0]","[45.3, 74.6]",5.5145264,-0.072599456,Low Pass,,,,,,,Incomplete,,,,,Regular Play
3943043,Spain,Daniel Carvajal Ramos,Fabián Ruiz Peña,17,14,1,"[38.2, 80.0]","[35.1, 56.3]",23.901882,-1.7008597,High Pass,Throw-in,,,,,,,,,,,From Throw In
3943043,Spain,Fabián Ruiz Peña,Unai Simón Mendibil,17,16,1,"[35.4, 56.3]","[8.5, 43.3]",29.87658,-2.6914172,Low Pass,,,,,,,,,,,True,From Throw In
3943043,Spain,Unai Simón Mendibil,Aymeric Laporte,17,20,1,"[8.4, 43.8]","[19.3, 34.7]",14.199296,-0.69563997,Ground Pass,,,,,,,,,,,,From Throw In
3943043,Spain,Aymeric Laporte,Marc Cucurella Saseta,17,22,1,"[21.5, 31.4]","[34.5, 12.9]",22.610838,-0.95825875,Ground Pass,,,,,,,,,,,,From Throw In
3943043,Spain,Marc Cucurella Saseta,Aymeric Laporte,17,25,1,"[34.5, 12.9]","[27.2, 25.7]",14.735332,2.0891006,Ground Pass,,,,,,,,,,,,From Throw In
3943043,Spain,Aymeric Laporte,Robin Aime Robert Le Normand,17,28,1,"[30.1, 26.1]","[35.8, 56.3]",30.733208,1.3842491,Ground Pass,,,,,,,,,,,,From Throw In
3943043,Spain,Robin Aime Robert Le Normand,Daniel Carvajal Ramos,17,38,1,"[49.6, 60.9]","[58.8, 76.8]",18.369812,1.0462486,Ground Pass,,,,,,,,,,,,From Throw In
3943043,Spain,Daniel Carvajal Ramos,Unai Simón Mendibil,17,42,1,"[48.4, 73.8]","[13.5, 46.6]",44.2476,-2.4795585,Ground Pass,,,,,,,,,,,,From Throw In
3943043,Spain,Unai Simón Mendibil,Aymeric Laporte,17,46,1,"[20.8, 33.8]","[32.3, 25.5]",14.182384,-0.6251675,Ground Pass,,,,,,,,,,,,From Throw In
3943043,Spain,Aymeric Laporte,Robin Aime Robert Le Normand,17,51,1,"[45.7, 23.0]","[42.9, 41.1]",18.315294,1.7242758,Ground Pass,,,,,,,,,,,,From Throw In
3943043,Spain,Robin Aime Robert Le Normand,Aymeric Laporte,17,54,1,"[42.9, 40.8]","[51.7, 20.4]",22.21711,-1.1635405,Ground Pass,,,,,,,,,,,,From Throw In
3943043,Spain,Aymeric Laporte,Daniel Olmo Carvajal,17,59,1,"[63.2, 20.2]","[78.2, 20.2]",15.0,0.0,Ground Pass,,,,,,,,,,,,From Throw In
3943043,Spain,Daniel Olmo Carvajal,Álvaro Borja Morata Martín,18,3,1,"[92.8, 22.4]","[101.8, 40.6]",20.303694,1.111554,Ground Pass,,,,,,,Incomplete,,,,,From Throw In
3943043,Spain,Marc Cucurella Saseta,Fabián Ruiz Peña,18,20,1,"[71.0, 0.1]","[65.9, 10.6]",11.673046,2.0229502,High Pass,Throw-in,,,,,,,,,,,From Throw In
3943043,Spain,Fabián Ruiz Peña,Aymeric Laporte,18,22,1,"[63.2, 7.6]","[41.1, 5.3]",22.21936,-3.0378935,Ground Pass,,,,,,,,,,,True,From Throw In
3943043,Spain,Aymeric Laporte,Robin Aime Robert Le Normand,18,24,1,"[39.8, 5.3]","[35.1, 50.8]",45.742104,1.673728,Ground Pass,,,,,True,,,,,,,From Throw In
3943043,Spain,Robin Aime Robert Le Normand,Fabián Ruiz Peña,18,35,1,"[49.8, 56.7]","[57.4, 23.4]",34.156258,-1.3464113,Ground Pass,,,,,,,,,,,,From Throw In
3943043,Spain,Fabián Ruiz Peña,Marc Cucurella Saseta,18,40,1,"[70.7, 20.8]","[82.8, 20.4]",12.106609,-0.033045817,Ground Pass,,,,,,,,,,,,From Throw In
3943043,Spain,Marc Cucurella Saseta,Fabián Ruiz Peña,18,41,1,"[82.8, 20.4]","[74.9, 20.0]",7.91012,-3.091003,Ground Pass,,,,,,,,,,,,From Throw In
3943043,Spain,Fabián Ruiz Peña,Daniel Olmo Carvajal,18,42,1,"[74.9, 20.0]","[79.1, 26.1]",7.406079,0.96781355,Ground Pass,,,,,,,,,,,,From Throw In
3943043,Spain,Daniel Olmo Carvajal,Daniel Carvajal Ramos,18,45,1,"[77.1, 32.0]","[84.8, 71.5]",40.243507,1.378274,Ground Pass,,,,,,,,,,,,From Throw In
3943043,Spain,Daniel Carvajal Ramos,,18,48,1,"[88.3, 69.5]","[116.1, 40.6]",40.1005,-0.8047961,High Pass,,,True,,,,Incomplete,,,,,From Throw In
3943043,Spain,Daniel Carvajal Ramos,Fabián Ruiz Peña,19,20,1,"[45.1, 80.0]","[44.9, 73.3]",6.7029843,-1.6006383,Low Pass,Throw-in,,,,,,,,,,,From Throw In
3943043,Spain,Fabián Ruiz Peña,,19,26,1,"[54.9, 55.2]","[63.5, 44.9]",13.418271,-0.87510383,Low Pass,,,,,,,Incomplete,,,,,From Throw In
3943043,Spain,Daniel Olmo Carvajal,Fabián Ruiz Peña,19,30,1,"[64.1, 40.6]","[64.7, 32.0]",8.620905,-1.5011418,Ground Pass,,,,,,,,,,,True,From Throw In
3943043,Spain,Fabián Ruiz Peña,Nicholas Williams Arthuer,19,32,1,"[70.2, 27.9]","[86.5, 8.8]",25.109758,-0.8643299,Ground Pass,,,,,,,,,,,True,From Throw In
3943043,Spain,Nicholas Williams Arthuer,Marc Cucurella Saseta,19,40,1,"[105.8, 10.0]","[91.6, 12.6]",14.436066,2.9605,Ground Pass,,,,,,,,,,,,From Throw In
3943043,Spain,Marc Cucurella Saseta,Rodrigo Hernández Cascante,19,42,1,"[91.6, 12.6]","[82.6, 20.4]",11.90966,2.427502,Ground Pass,,,,,,,,,,,,From Throw In
3943043,Spain,Rodrigo Hernández Cascante,Lamine Yamal Nasraoui Ebana,19,44,1,"[81.0, 21.0]","[87.3, 45.1]",24.909838,1.3151072,Ground Pass,,,,,,,,,,,,From Throw In
3943043,Spain,Lamine Yamal Nasraoui Ebana,Daniel Olmo Carvajal,19,50,1,"[87.5, 45.5]","[91.0, 33.6]",12.404032,-1.2847449,Ground Pass,,,,,,,,,,,,From Throw In
3943043,Spain,Daniel Olmo Carvajal,Nicholas Williams Arthuer,19,54,1,"[90.1, 32.0]","[97.4, 6.7]",26.33211,-1.2898884,Ground Pass,,,,,,,,,,,True,From Throw In
3943043,Spain,Nicholas Williams Arthuer,Marc Cucurella Saseta,19,59,1,"[97.4, 6.7]","[84.1, 7.8]",13.345411,3.0590737,Ground Pass,,,,,,,,,,,,From Throw In
3943043,Spain,Marc Cucurella Saseta,Aymeric Laporte,20,3,1,"[80.4, 7.3]","[42.2, 12.6]",38.565918,3.0037293,Ground Pass,,,,,,,,,,,True,From Throw In
3943043,Spain,Aymeric Laporte,Rodrigo Hernández Cascante,20,9,1,"[42.2, 13.5]","[56.6, 20.0]",15.79905,0.42400834,Ground Pass,,,,,,,,,,,,From Throw In
3943043,Spain,Rodrigo Hernández Cascante,Aymeric Laporte,20,11,1,"[56.8, 20.0]","[43.9, 33.4]",18.60027,2.3371854,Ground Pass,,,,,,,,,,,,From Throw In
3943043,Spain,Aymeric Laporte,Robin Aime Robert Le Normand,20,17,1,"[56.3, 41.8]","[58.1, 59.4]",17.691807,1.4688779,Ground Pass,,,,,,,,,,,,From Throw In
3943043,Spain,Robin Aime Robert Le Normand,Aymeric Laporte,20,19,1,"[62.3, 58.3]","[56.6, 41.3]",17.930141,-1.8943106,Ground Pass,,,,,,,,,,,,From Throw In
3943043,Spain,Aymeric Laporte,Robin Aime Robert Le Normand,20,27,1,"[64.1, 36.1]","[68.0, 53.6]",17.929306,1.3515224,Ground Pass,,,,,,,,,,,,From Throw In
3943043,Spain,Robin Aime Robert Le Normand,Fabián Ruiz Peña,20,29,1,"[68.0, 53.9]","[76.0, 46.6]",10.83005,-0.7396784,Ground Pass,,,,,,,,,,,,From Throw In
3943043,Spain,Fabián Ruiz Peña,Aymeric Laporte,20,30,1,"[76.5, 46.1]","[63.7, 40.0]",14.17921,-2.6968703,Ground Pass,,,,,,,,,,,,From Throw In
3943043,Spain,Aymeric Laporte,Marc Cucurella Saseta,20,34,1,"[75.1, 32.7]","[89.7, 27.6]",15.465122,-0.33606452,Ground Pass,,,,,,,,,,,,From Throw In
3943043,Spain,Marc Cucurella Saseta,Aymeric Laporte,20,36,1,"[86.9, 27.6]","[75.3, 26.7]",11.634861,-3.0641615,Ground Pass,,,,,,,,,,,,From Throw In
3943043,Spain,Aymeric Laporte,Rodrigo Hernández Cascante,20,37,1,"[75.9, 26.5]","[81.2, 11.1]",16.286497,-1.2393373,Ground Pass,,,,,,,,,,,,From Throw In
3943043,Spain,Rodrigo Hernández Cascante,Nicholas Williams Arthuer,20,39,1,"[82.0, 11.1]","[94.1, 5.1]",13.505924,-0.46033636,Ground Pass,,,,,,,,,,,,From Throw In
3943043,Spain,Nicholas Williams Arthuer,Fabián Ruiz Peña,20,45,1,"[110.6, 7.1]","[91.4, 42.2]",40.008125,2.0713398,High Pass,,,,,,,,,,,,From Throw In
3943043,Spain,Fabián Ruiz Peña,Daniel Olmo Carvajal,20,51,1,"[91.8, 40.4]","[97.9, 30.5]",11.628413,-1.0185779,Ground Pass,,,,,,,Incomplete,,,,True,From Throw In
3943043,Spain,Aymeric Laporte,Daniel Olmo Carvajal,21,52,1,"[32.1, 29.8]","[43.7, 30.2]",11.6068945,0.0344691,High Pass,Recovery,,,,,,Incomplete,,,,True,From Free Kick
3943043,Spain,Rodrigo Hernández Cascante,Álvaro Borja Morata Martín,21,54,1,"[36.7, 32.5]","[50.8, 26.7]",15.246311,-0.3902503,High Pass,Recovery,,,,,,Incomplete,,,,,From Free Kick
3943043,Spain,Robin Aime Robert Le Normand,Daniel Olmo Carvajal,21,58,1,"[33.5, 34.3]","[45.1, 24.7]",15.057224,-0.6913369,High Pass,Recovery,,,,,,Incomplete,,,,,From Free Kick
3943043,Spain,Aymeric Laporte,Nicholas Williams Arthuer,22,1,1,"[29.7, 27.4]","[48.6, 15.7]",22.228361,-0.5543075,Low Pass,Recovery,,,,,,,,,,,Regular Play
3943043,Spain,Nicholas Williams Arthuer,Álvaro Borja Morata Martín,22,3,1,"[47.6, 15.1]","[51.3, 23.6]",9.270383,1.1602389,Low Pass,,,,,,,,,,,,Regular Play
3943043,Spain,Marc Cucurella Saseta,Fabián Ruiz Peña,22,28,1,"[54.5, 0.1]","[59.0, 8.8]",9.794897,1.0934509,Low Pass,Throw-in,,,,,,,,,,,From Throw In
3943043,Spain,Fabián Ruiz Peña,Marc Cucurella Saseta,22,29,1,"[59.0, 8.8]","[55.9, 2.3]",7.201389,-2.0158126,Ground Pass,,,,,,,,,,,,From Throw In
3943043,Spain,Marc Cucurella Saseta,Álvaro Borja Morata Martín,22,29,1,"[55.7, 2.3]","[73.8, 13.1]",21.077238,0.5379785,High Pass,,,,,,,,,,,,From Throw In
3943043,Spain,Álvaro Borja Morata Martín,Nicholas Williams Arthuer,22,31,1,"[74.7, 15.1]","[80.8, 21.0]",8.48646,0.768733,High Pass,,,,,,,,,,,True,From Throw In
3943043,Spain,Nicholas Williams Arthuer,Daniel Carvajal Ramos,22,34,1,"[81.6, 23.2]","[65.9, 73.3]",52.50238,1.8744766,Ground Pass,,,,,True,,,,,,,From Throw In
3943043,Spain,Daniel Carvajal Ramos,Lamine Yamal Nasraoui Ebana,22,38,1,"[66.1, 73.4]","[70.0, 72.2]",4.080441,-0.29849893,Ground Pass,,,,,,,,,,,,From Throw In
3943043,Spain,Lamine Yamal Nasraoui Ebana,Daniel Olmo Carvajal,22,44,1,"[83.9, 63.2]","[111.8, 37.3]",38.068623,-0.74824053,High Pass,,,,,,,Incomplete,,,,,From Throw In
3943043,Spain,Daniel Olmo Carvajal,Lamine Yamal Nasraoui Ebana,22,55,1,"[93.4, 51.7]","[97.6, 58.2]",7.738863,0.9971297,Ground Pass,,,,,,,,,,,,Regular Play
3943043,Spain,Lamine Yamal Nasraoui Ebana,,22,58,1,"[110.7, 58.5]","[111.6, 56.3]",2.376973,-1.1824776,Ground Pass,,,,,,,Incomplete,,,,True,Regular Play
3943043,Spain,Lamine Yamal Nasraoui Ebana,Nicholas Williams Arthuer,23,11,1,"[120.0, 80.0]","[104.5, 64.5]",21.920311,-2.3561945,Ground Pass,Corner,,,,,,,,,,,From Corner
3943043,Spain,Nicholas Williams Arthuer,Aymeric Laporte,23,14,1,"[104.5, 61.0]","[111.6, 39.3]",22.831995,-1.2545859,High Pass,,,True,,,,Incomplete,,,,,From Corner
3943043,Spain,Marc Cucurella Saseta,Nicholas Williams Arthuer,24,5,1,"[25.2, 7.3]","[36.8, 19.2]",16.618362,0.7981634,High Pass,Interception,,,,,,,,,,True,From Free Kick
3943043,Spain,Álvaro Borja Morata Martín,Nicholas Williams Arthuer,24,21,1,"[46.2, 34.9]","[33.5, 30.8]",13.345411,-2.8293204,Low Pass,Recovery,,,,,,,,,,,Regular Play
3943043,Spain,Nicholas Williams Arthuer,Álvaro Borja Morata Martín,24,24,1,"[35.4, 25.5]","[49.6, 14.1]",18.209887,-0.6764562,Ground Pass,,,,,,,,,,,,Regular Play
3943043,Spain,Unai Simón Mendibil,Aymeric Laporte,26,13,1,"[21.9, 35.7]","[28.7, 30.8]",8.381527,-0.62441033,Ground Pass,Free Kick,,,,,,,,,,,From Free Kick
3943043,Spain,Aymeric Laporte,Robin Aime Robert Le Normand,26,14,1,"[30.6, 31.0]","[38.8, 62.0]",32.06618,1.3122028,Ground Pass,,,,,,,,,,,,From Free Kick
3943043,Spain,Robin Aime Robert Le Normand,Aymeric Laporte,26,19,1,"[43.7, 55.4]","[44.3, 28.1]",27.306593,-1.5488218,Ground Pass,,,,,,,,,,,,From Free Kick
3943043,Spain,Aymeric Laporte,Marc Cucurella Saseta,26,30,1,"[69.4, 23.9]","[69.2, 10.2]",13.70146,-1.5853938,Ground Pass,,,,,,,,,,,,From Free Kick
3943043,Spain,Marc Cucurella Saseta,Nicholas Williams Arthuer,26,31,1,"[69.2, 10.2]","[77.8, 3.1]",11.15213,-0.6901459,Ground Pass,,,,,,,,,,,,From Free Kick
3943043,Spain,Nicholas Williams Arthuer,,26,33,1,"[77.5, 2.7]","[78.6, 4.9]",2.4596748,1.1071488,Ground Pass,,,,,,,Incomplete,,,,,From Free Kick
3943043,Spain,Nicholas Williams Arthuer,Álvaro Borja Morata Martín,26,34,1,"[77.3, 2.5]","[80.0, 11.3]",9.20489,1.2730961,Low Pass,Recovery,,,,,,,,,,,From Free Kick
3943043,Spain,Álvaro Borja Morata Martín,Daniel Carvajal Ramos,26,36,1,"[77.5, 13.1]","[61.9, 64.0]",53.236923,1.8681904,High Pass,,,,,True,,,,,,True,From Free Kick
3943043,Spain,Daniel Carvajal Ramos,Lamine Yamal Nasraoui Ebana,26,39,1,"[61.4, 65.2]","[76.3, 74.8]",17.724842,0.57235444,Low Pass,,,,,,,,,,,True,From Free Kick
3943043,Spain,Lamine Yamal Nasraoui Ebana,Daniel Carvajal Ramos,26,45,1,"[76.9, 80.0]","[61.7, 76.6]",15.575622,-2.921531,Low Pass,Throw-in,,,,,,,,,,,From Throw In
3943043,Spain,Daniel Carvajal Ramos,Unai Simón Mendibil,26,48,1,"[55.1, 75.5]","[19.3, 42.6]",48.6215,-2.398382,Ground Pass,,,,,,,,,,,True,From Throw In
3943043,Spain,Unai Simón Mendibil,Aymeric Laporte,26,52,1,"[19.7, 42.6]","[36.5, 28.1]",22.192116,-0.7120476,Ground Pass,,,,,,,,,,,,From Throw In
3943043,Spain,Aymeric Laporte,Rodrigo Hernández Cascante,26,57,1,"[45.1, 21.0]","[43.3, 32.9]",12.035364,1.7209188,Ground Pass,,,,,,,,,,,,From Throw In
3943043,Spain,Rodrigo Hernández Cascante,Aymeric Laporte,27,0,1,"[43.3, 31.2]","[51.7, 12.4]",20.59126,-1.1505996,Ground Pass,,,,,,,,,,,,From Throw In
3943043,Spain,Aymeric Laporte,Marc Cucurella Saseta,27,3,1,"[62.3, 11.3]","[85.3, 5.8]",23.648468,-0.23472261,Ground Pass,,,,,,,,,,,,From Throw In
3943043,Spain,Marc Cucurella Saseta,Nicholas Williams Arthuer,27,6,1,"[99.6, 3.8]","[90.4, 16.3]",15.520632,2.205277,Ground Pass,,,,,,,,,,,True,From Throw In
3943043,Spain,Nicholas Williams Arthuer,Álvaro Borja Morata Martín,27,8,1,"[90.4, 16.3]","[93.0, 27.6]",11.595258,1.344644,Ground Pass,,,,,,,,,,,,From Throw In
3943043,Spain,Álvaro Borja Morata Martín,Fabián Ruiz Peña,27,9,1,"[93.0, 27.6]","[84.4, 34.7]",11.15213,2.4514468,Ground Pass,,,,,,,,,,,,From Throw In
3943043,Spain,Fabián Ruiz Peña,Lamine Yamal Nasraoui Ebana,27,11,1,"[84.8, 36.3]","[93.0, 53.8]",19.32589,1.1326061,Ground Pass,,,,,,,,,,,,From Throw In
3943043,Spain,Lamine Yamal Nasraoui Ebana,Fabián Ruiz Peña,27,14,1,"[95.4, 52.2]","[91.4, 42.0]",10.956277,-1.9445231,Ground Pass,,,,,,,,,,,True,From Throw In
3943043,Spain,Fabián Ruiz Peña,Daniel Carvajal Ramos,27,15,1,"[91.4, 42.0]","[96.3, 45.1]",5.7982755,0.5640837,Low Pass,,,,,,,Incomplete,,,,,From Throw In
3943043,Spain,Rodrigo Hernández Cascante,Daniel Carvajal Ramos,27,20,1,"[83.1, 61.0]","[82.0, 73.0]",12.050311,1.6622075,Low Pass,Recovery,,,,,,,,,,,From Throw In
3943043,Spain,Daniel Carvajal Ramos,Fabián Ruiz Peña,27,24,1,"[83.1, 71.6]","[87.1, 55.4]",16.686522,-1.3287246,Ground Pass,,,,,,,,True,,7f58b69c-8311-493f-91dd-d2a57ac07387,,From Throw In
3943043,Spain,Daniel Carvajal Ramos,Fabián Ruiz Peña,28,47,1,"[14.6, 80.0]","[15.5, 72.6]",7.454529,-1.4497691,Low Pass,Throw-in,,,,,,,,,,,From Throw In
3943043,Spain,Daniel Carvajal Ramos,Álvaro Borja Morata Martín,29,1,1,"[27.2, 80.0]","[37.6, 73.3]",12.371338,-0.57230884,Low Pass,Throw-in,,,,,,Incomplete,,,,,From Throw In
3943043,Spain,Daniel Carvajal Ramos,Unai Simón Mendibil,29,6,1,"[21.5, 72.4]","[3.0, 48.3]",30.381903,-2.2254884,Ground Pass,,,,,,,,,,,True,From Throw In
3943043,Spain,Unai Simón Mendibil,,29,9,1,"[2.9, 48.6]","[56.6, 52.2]",53.820534,0.066938944,High Pass,,,,,,,Incomplete,,,,,From Throw In
3943043,Spain,Unai Simón Mendibil,Robin Aime Robert Le Normand,29,26,1,"[8.9, 34.9]","[16.4, 45.9]",13.313527,0.9723774,Ground Pass,,,,,,,,,,,,Regular Play
3943043,Spain,Robin Aime Robert Le Normand,Rodrigo Hernández Cascante,29,29,1,"[20.2, 50.1]","[26.2, 38.2]",13.32704,-1.103793,Ground Pass,,,,,,,,,,,,Regular Play
3943043,Spain,Rodrigo Hernández Cascante,Aymeric Laporte,29,34,1,"[29.9, 37.3]","[37.8, 21.6]",17.575552,-1.1046042,Ground Pass,,,,,,,,,,,,Regular Play
3943043,Spain,Aymeric Laporte,Nicholas Williams Arthuer,29,40,1,"[54.5, 20.8]","[71.6, 23.0]",17.24094,0.1279521,Ground Pass,,,,,,,,,,,,Regular Play
3943043,Spain,Nicholas Williams Arthuer,Álvaro Borja Morata Martín,29,41,1,"[71.6, 24.5]","[76.9, 36.3]",12.93561,1.1486474,Ground Pass,,,,,,,,,,,True,Regular Play
3943043,Spain,Álvaro Borja Morata Martín,Daniel Olmo Carvajal,29,42,1,"[77.8, 37.1]","[89.2, 38.9]",11.54123,0.15660188,Ground Pass,,,,,,,Incomplete,,,,,Regular Play
3943043,Spain,Rodrigo Hernández Cascante,Daniel Olmo Carvajal,29,54,1,"[71.8, 20.2]","[84.6, 35.8]",20.179197,0.8836721,High Pass,Recovery,,,,,,,,,,,Regular Play
3943043,Spain,Daniel Carvajal Ramos,Rodrigo Hernández Cascante,32,13,1,"[27.4, 72.0]","[23.3, 62.7]",10.163661,-1.9860237,Low Pass,Recovery,,,,,,,,,,True,Regular Play
3943043,Spain,Rodrigo Hernández Cascante,Fabián Ruiz Peña,32,16,1,"[22.3, 60.7]","[29.6, 52.2]",11.204463,-0.861202,Ground Pass,,,,,,,,,,,,Regular Play
3943043,Spain,Unai Simón Mendibil,Robin Aime Robert Le Normand,32,41,1,"[13.7, 43.1]","[22.3, 55.9]",15.420765,0.9791966,Ground Pass,,,,,,,,,,,,Other
3943043,Spain,Robin Aime Robert Le Normand,Daniel Carvajal Ramos,32,48,1,"[35.2, 63.4]","[40.9, 76.4]",14.194717,1.1575791,Ground Pass,,,,,,,,,,,,Other
3943043,Spain,Daniel Carvajal Ramos,Unai Simón Mendibil,32,51,1,"[33.1, 76.4]","[5.6, 53.2]",35.979023,-2.4408047,Ground Pass,,,,,,,,,,,True,Other
3943043,Spain,Unai Simón Mendibil,Aymeric Laporte,32,54,1,"[6.6, 46.9]","[21.7, 24.9]",26.683516,-0.969281,Ground Pass,,,,,,,,,,,,Other
3943043,Spain,Aymeric Laporte,Nicholas Williams Arthuer,33,1,1,"[47.8, 18.8]","[60.2, 23.0]",13.091982,0.32658145,Ground Pass,,,,,,,,,,,,Other
3943043,Spain,Nicholas Williams Arthuer,Rodrigo Hernández Cascante,33,2,1,"[61.0, 23.0]","[51.7, 26.5]",9.9368,2.781644,Ground Pass,,,,,,,,,,,True,Other
3943043,Spain,Rodrigo Hernández Cascante,Aymeric Laporte,33,3,1,"[51.5, 25.3]","[44.0, 13.1]",14.320964,-2.1219938,Ground Pass,,,,,,,,,,,True,Other
3943043,Spain,Aymeric Laporte,Robin Aime Robert Le Normand,33,5,1,"[44.0, 13.1]","[44.9, 39.5]",26.415337,1.5367186,Ground Pass,,,,,,,,,,,,Other
3943043,Spain,Robin Aime Robert Le Normand,Aymeric Laporte,33,11,1,"[56.6, 45.3]","[54.6, 24.5]",20.895933,-1.6666554,Ground Pass,,,,,,,,,,,,Other
3943043,Spain,Aymeric Laporte,Marc Cucurella Saseta,33,17,1,"[83.3, 23.3]","[96.1, 8.8]",19.341406,-0.8475889,Ground Pass,,,,,,,,,,,,Other
3943043,Spain,Marc Cucurella Saseta,Rodrigo Hernández Cascante,33,19,1,"[96.7, 9.1]","[85.3, 15.3]",12.976903,2.643476,Ground Pass,,,,,,,,,,,,Other
3943043,Spain,Rodrigo Hernández Cascante,Fabián Ruiz Peña,33,21,1,"[83.7, 24.9]","[82.8, 39.1]",14.228493,1.634092,Ground Pass,,,,,,,,,,,,Other
3943043,Spain,Fabián Ruiz Peña,Daniel Carvajal Ramos,33,24,1,"[84.4, 40.2]","[83.1, 68.0]",27.83038,1.6175249,Ground Pass,,,,,,,,,,,,Other
3943043,Spain,Daniel Carvajal Ramos,Lamine Yamal Nasraoui Ebana,33,27,1,"[83.1, 67.8]","[93.4, 74.8]",12.453513,0.5969111,Ground Pass,,,,,,,,,,,,Other
3943043,Spain,Lamine Yamal Nasraoui Ebana,,34,5,1,"[120.0, 80.0]","[111.8, 34.3]",46.42984,-1.7483381,High Pass,Corner,Inswinging,,,True,,Incomplete,,,,,From Corner
3943043,Spain,Nicholas Williams Arthuer,Lamine Yamal Nasraoui Ebana,34,53,1,"[120.0, 0.1]","[115.5, 7.1]",8.321658,2.1421337,Ground Pass,Corner,,,,,,,,,,,From Corner
3943043,Spain,Lamine Yamal Nasraoui Ebana,Daniel Olmo Carvajal,34,55,1,"[115.0, 11.3]","[93.9, 28.7]",27.349041,2.4520042,Ground Pass,,,,,,,,True,,064d60aa-8976-42ad-9186-b26265fe1d1a,,From Corner
3943043,Spain,Daniel Olmo Carvajal,Álvaro Borja Morata Martín,35,11,1,"[69.2, 12.2]","[72.7, 24.3]",12.596031,1.2892251,Ground Pass,,,,,,,,,,,,From Corner
3943043,Spain,Álvaro Borja Morata Martín,Rodrigo Hernández Cascante,35,12,1,"[72.7, 24.3]","[68.7, 23.7]",4.0447497,-2.9927027,Ground Pass,,,,,,,,,,,,From Corner
3943043,Spain,Rodrigo Hernández Cascante,Robin Aime Robert Le Normand,35,13,1,"[70.0, 24.1]","[56.4, 45.1]",25.019192,2.145496,Ground Pass,,,,,,,,,,,,From Corner
3943043,Spain,Robin Aime Robert Le Normand,Fabián Ruiz Peña,35,15,1,"[56.4, 45.1]","[63.2, 56.7]",13.446189,1.0405805,Ground Pass,,,,,,,,,,,,From Corner
3943043,Spain,Fabián Ruiz Peña,Rodrigo Hernández Cascante,35,18,1,"[63.9, 56.7]","[66.1, 40.8]",16.05148,-1.4333045,Ground Pass,,,,,,,,,,,,From Corner
3943043,Spain,Rodrigo Hernández Cascante,Aymeric Laporte,35,20,1,"[64.3, 39.8]","[64.9, 23.0]",16.81071,-1.5350972,Ground Pass,,,,,,,,,,,,From Corner
3943043,Spain,Aymeric Laporte,Rodrigo Hernández Cascante,35,25,1,"[78.4, 11.1]","[68.0, 26.5]",18.582788,2.164769,Ground Pass,,,,,,,,,,,,From Corner
3943043,Spain,Rodrigo Hernández Cascante,Fabián Ruiz Peña,35,28,1,"[68.0, 26.5]","[73.6, 40.6]",15.171354,1.1927379,Ground Pass,,,,,,,,,,,,From Corner
3943043,Spain,Fabián Ruiz Peña,Robin Aime Robert Le Normand,35,30,1,"[71.8, 42.8]","[61.9, 46.7]",10.640489,2.766322,Ground Pass,,,,,,,,,,,True,From Corner
3943043,Spain,Robin Aime Robert Le Normand,Rodrigo Hernández Cascante,35,32,1,"[61.4, 47.7]","[63.7, 36.9]",11.0421915,-1.360968,Ground Pass,,,,,,,,,,,,From Corner
3943043,Spain,Rodrigo Hernández Cascante,Robin Aime Robert Le Normand,35,35,1,"[60.6, 38.7]","[67.4, 53.4]",16.196604,1.1375262,Ground Pass,,,,,,,,,,,,From Corner
3943043,Spain,Robin Aime Robert Le Normand,Daniel Carvajal Ramos,35,41,1,"[83.7, 64.7]","[89.7, 77.7]",14.3178215,1.1383885,Ground Pass,,,,,,,,,,,,From Corner
3943043,Spain,Daniel Carvajal Ramos,Lamine Yamal Nasraoui Ebana,35,43,1,"[89.7, 77.7]","[84.9, 68.1]",10.733127,-2.0344439,Ground Pass,,,,,,,,,,,,From Corner
3943043,Spain,Lamine Yamal Nasraoui Ebana,Fabián Ruiz Peña,35,46,1,"[86.9, 62.7]","[90.4, 48.1]",15.01366,-1.3355104,Ground Pass,,,,,,,,,,,,From Corner
3943043,Spain,Fabián Ruiz Peña,Marc Cucurella Saseta,35,48,1,"[88.8, 44.2]","[84.9, 28.3]",16.371317,-1.8113306,Ground Pass,,,,,,,,,,,,From Corner
3943043,Spain,Marc Cucurella Saseta,Nicholas Williams Arthuer,35,50,1,"[84.8, 26.9]","[93.4, 5.3]",23.249086,-1.1918874,Ground Pass,,,,,,,,,,,True,From Corner
3943043,Spain,Nicholas Williams Arthuer,,35,55,1,"[100.3, 8.0]","[120.0, 51.6]",47.844017,1.1464176,High Pass,,,True,,True,,Out,,,,,From Corner
3943043,Spain,Marc Cucurella Saseta,Nicholas Williams Arthuer,36,40,1,"[37.8, 15.5]","[56.6, 24.7]",20.93036,0.4551008,High Pass,Recovery,,,,,,,,,,,Regular Play
3943043,Spain,Nicholas Williams Arthuer,Daniel Carvajal Ramos,36,45,1,"[57.0, 43.5]","[48.4, 66.0]",24.08755,1.9358838,Ground Pass,,,,,,,,,,,True,Regular Play
3943043,Spain,Daniel Carvajal Ramos,Rodrigo Hernández Cascante,36,47,1,"[51.3, 69.1]","[55.1, 58.5]",11.2605505,-1.2265776,Ground Pass,,,,,,,,,,,,Regular Play
3943043,Spain,Rodrigo Hernández Cascante,Lamine Yamal Nasraoui Ebana,36,52,1,"[76.0, 62.7]","[82.8, 76.8]",15.654073,1.1214335,Ground Pass,,,,,,,,,,,,Regular Play
3943043,Spain,Lamine Yamal Nasraoui Ebana,Nicholas Williams Arthuer,36,54,1,"[82.8, 76.8]","[100.9, 77.3]",18.106905,0.027617285,Ground Pass,,,,,,,,,,,,Regular Play
3943043,Spain,Nicholas Williams Arthuer,Daniel Carvajal Ramos,36,58,1,"[98.3, 76.2]","[76.7, 76.0]",21.600925,-3.1323338,Ground Pass,,,,,,,,,,,True,Regular Play
3943043,Spain,Daniel Carvajal Ramos,Aymeric Laporte,37,2,1,"[79.3, 70.0]","[69.6, 28.1]",43.00814,-1.7982923,High Pass,,,,,True,,,,,,,Regular Play
3943043,Spain,Aymeric Laporte,Rodrigo Hernández Cascante,37,9,1,"[85.3, 18.2]","[77.5, 31.6]",15.504838,2.0979424,Ground Pass,,,,,,,,,,,,Regular Play
3943043,Spain,Rodrigo Hernández Cascante,Nicholas Williams Arthuer,37,11,1,"[77.5, 31.6]","[98.5, 76.6]",49.658836,1.1341692,High Pass,,,,,True,,,,,,,Regular Play
3943043,Spain,Nicholas Williams Arthuer,Lamine Yamal Nasraoui Ebana,37,18,1,"[105.8, 66.7]","[103.8, 57.7]",9.219544,-1.7894653,Ground Pass,,,,,,,,,,,,Regular Play
3943043,Spain,Lamine Yamal Nasraoui Ebana,,37,21,1,"[104.9, 57.9]","[105.3, 56.7]",1.264911,-1.2490457,Ground Pass,,,,,,,Incomplete,,,,,Regular Play
3943043,Spain,Daniel Carvajal Ramos,,37,26,1,"[91.0, 73.8]","[104.0, 58.1]",20.383572,-0.87919873,High Pass,,,,,,,Incomplete,,,,,Regular Play
3943043,Spain,Daniel Carvajal Ramos,Lamine Yamal Nasraoui Ebana,37,30,1,"[89.7, 68.1]","[97.1, 76.8]",11.421471,0.8659687,Low Pass,Recovery,,,,,,,,,,,Regular Play
3943043,Spain,Lamine Yamal Nasraoui Ebana,,37,35,1,"[104.5, 72.8]","[106.9, 57.9]",15.092051,-1.4110942,Low Pass,,,,,,,Incomplete,,,,True,Regular Play
3943043,Spain,Robin Aime Robert Le Normand,Aymeric Laporte,37,42,1,"[75.3, 44.9]","[64.7, 40.6]",11.438969,-2.7562163,Ground Pass,Recovery,,,,,,,,,,,Regular Play
3943043,Spain,Aymeric Laporte,Fabián Ruiz Peña,37,48,1,"[84.4, 29.6]","[92.0, 24.3]",9.265528,-0.60895765,Ground Pass,,,,,,,,,,,,Regular Play
3943043,Spain,Fabián Ruiz Peña,,37,50,1,"[96.7, 21.8]","[120.0, 50.2]",36.73486,0.88372606,High Pass,,,,,,,Out,,,,,Regular Play
3943043,Spain,Aymeric Laporte,Rodrigo Hernández Cascante,38,41,1,"[44.9, 34.7]","[56.8, 34.9]",11.901681,0.01680514,High Pass,Recovery,,,,,,,,,,True,Regular Play
3943043,Spain,Rodrigo Hernández Cascante,Aymeric Laporte,38,44,1,"[50.6, 30.2]","[39.4, 26.7]",11.7341385,-2.8387077,Ground Pass,,,,,,,,,,,,Regular Play
3943043,Spain,Aymeric Laporte,Marc Cucurella Saseta,38,47,1,"[42.5, 16.1]","[46.6, 5.5]",11.365298,-1.2017274,Ground Pass,,,,,,,,,,,True,Regular Play
3943043,Spain,Marc Cucurella Saseta,Nicholas Williams Arthuer,38,49,1,"[47.8, 4.9]","[69.2, 7.1]",21.512787,0.10244385,Ground Pass,,,,,,,,,,,,Regular Play
3943043,Spain,Fabián Ruiz Peña,Nicholas Williams Arthuer,39,37,1,"[24.8, 38.9]","[45.3, 28.3]",23.078344,-0.47721267,Ground Pass,,,,,,,,,,,,Regular Play
3943043,Spain,Nicholas Williams Arthuer,Lamine Yamal Nasraoui Ebana,39,42,1,"[61.9, 36.9]","[69.4, 70.7]",34.622105,1.3524407,Low Pass,,,,,,,,,,,True,Regular Play
3943043,Spain,Lamine Yamal Nasraoui Ebana,Nicholas Williams Arthuer,39,47,1,"[69.6, 71.6]","[76.0, 61.2]",12.21147,-1.0191413,Ground Pass,,,,,,,,,,,,Regular Play
3943043,Spain,Nicholas Williams Arthuer,Lamine Yamal Nasraoui Ebana,39,49,1,"[76.0, 61.2]","[70.4, 71.5]",11.723907,2.0687816,Ground Pass,,,,,,,,,,,True,Regular Play
3943043,Spain,Lamine Yamal Nasraoui Ebana,Daniel Carvajal Ramos,39,52,1,"[70.4, 71.5]","[63.2, 70.5]",7.2691126,-3.0035865,Ground Pass,,,,,,,,,,,,Regular Play
3943043,Spain,Daniel Carvajal Ramos,Rodrigo Hernández Cascante,39,54,1,"[63.5, 65.8]","[63.2, 52.2]",13.603309,-1.5928515,Ground Pass,,,,,,,,,,,,Regular Play
3943043,Spain,Rodrigo Hernández Cascante,Aymeric Laporte,39,55,1,"[63.2, 52.2]","[66.1, 26.3]",26.06185,-1.4592917,Ground Pass,,,,,,,,,,,,Regular Play
3943043,Spain,Aymeric Laporte,Marc Cucurella Saseta,39,58,1,"[70.0, 25.2]","[83.5, 6.0]",23.471046,-0.9579761,Ground Pass,,,,,,,,,,,,Regular Play
3943043,Spain,Marc Cucurella Saseta,Aymeric Laporte,40,0,1,"[83.5, 6.0]","[67.8, 15.5]",18.350477,2.5974348,Ground Pass,,,,,,,,,,,,Regular Play
3943043,Spain,Aymeric Laporte,Robin Aime Robert Le Normand,40,5,1,"[73.8, 7.6]","[61.0, 37.8]",32.80061,1.9716849,Ground Pass,,,,,,,,,,,,Regular Play
3943043,Spain,Robin Aime Robert Le Normand,Daniel Olmo Carvajal,40,14,1,"[70.7, 51.2]","[84.4, 43.3]",15.81455,-0.52306765,Ground Pass,,,,,,,,,,,,Regular Play
3943043,Spain,Daniel Olmo Carvajal,Nicholas Williams Arthuer,40,14,1,"[84.4, 44.9]","[98.1, 74.8]",32.88921,1.1411492,High Pass,,,,,,,,,,,True,Regular Play
3943043,Spain,Nicholas Williams Arthuer,Daniel Carvajal Ramos,40,20,1,"[98.1, 74.8]","[84.6, 75.0]",13.501481,3.1267788,Ground Pass,,,,,,,,,,,,Regular Play
3943043,Spain,Daniel Carvajal Ramos,Daniel Olmo Carvajal,40,22,1,"[84.4, 75.0]","[89.2, 74.4]",4.8373547,-0.124354996,Ground Pass,,,,,,,Incomplete,,,,,Regular Play
3943043,Spain,Daniel Carvajal Ramos,Lamine Yamal Nasraoui Ebana,40,30,1,"[84.9, 80.0]","[82.0, 69.5]",10.893117,-1.840269,Low Pass,Throw-in,,,,,,,,,,,From Throw In
3943043,Spain,Lamine Yamal Nasraoui Ebana,Daniel Olmo Carvajal,40,34,1,"[85.5, 66.2]","[92.2, 57.4]",11.060289,-0.92006207,Ground Pass,,,,,,,Incomplete,,,,,From Throw In
3943043,Spain,Daniel Carvajal Ramos,Fabián Ruiz Peña,40,36,1,"[76.9, 59.6]","[83.9, 48.3]",13.2924795,-1.0161842,Ground Pass,Interception,,,,,,,,,,,From Throw In
3943043,Spain,Fabián Ruiz Peña,Rodrigo Hernández Cascante,40,38,1,"[83.9, 48.3]","[82.6, 54.1]",5.9439044,1.79129,Ground Pass,,,,,,,,,,,,From Throw In
3943043,Spain,Rodrigo Hernández Cascante,Daniel Olmo Carvajal,40,39,1,"[83.0, 53.2]","[85.3, 53.9]",2.4041631,0.29544082,Ground Pass,,,,,,,Incomplete,,,,True,From Throw In
3943043,Spain,Robin Aime Robert Le Normand,Nicholas Williams Arthuer,41,3,1,"[35.2, 40.2]","[49.8, 16.1]",28.177473,-1.0261164,Ground Pass,,,,,,,,,,,,Regular Play
3943043,Spain,Nicholas Williams Arthuer,Marc Cucurella Saseta,41,12,1,"[58.4, 13.9]","[51.3, 15.9]",7.376313,2.8670173,Ground Pass,,,,,,,,,,,,Regular Play
3943043,Spain,Marc Cucurella Saseta,Fabián Ruiz Peña,41,13,1,"[51.3, 15.9]","[50.2, 25.5]",9.662815,1.6848822,Ground Pass,,,,,,,,,,,,Regular Play
3943043,Spain,Fabián Ruiz Peña,Rodrigo Hernández Cascante,41,15,1,"[50.4, 25.3]","[52.1, 32.9]",7.787811,1.3507346,Ground Pass,,,,,,,,,,,,Regular Play
3943043,Spain,Rodrigo Hernández Cascante,Robin Aime Robert Le Normand,41,18,1,"[53.5, 36.9]","[51.3, 57.2]",20.418863,1.6787494,Ground Pass,,,,,,,,,,,,Regular Play
3943043,Spain,Robin Aime Robert Le Normand,Lamine Yamal Nasraoui Ebana,41,20,1,"[55.3, 61.6]","[70.7, 76.4]",21.358839,0.7655332,Ground Pass,,,,,,,,,,,,Regular Play
3943043,Spain,Lamine Yamal Nasraoui Ebana,Daniel Carvajal Ramos,41,23,1,"[72.2, 76.6]","[79.6, 65.6]",13.257451,-0.9786096,Ground Pass,,,,,,,,,,,,Regular Play
3943043,Spain,Daniel Carvajal Ramos,Lamine Yamal Nasraoui Ebana,41,24,1,"[77.5, 66.7]","[71.0, 76.6]",11.843142,2.1517732,Ground Pass,,,,,,,,,,,,Regular Play
3943043,Spain,Lamine Yamal Nasraoui Ebana,Daniel Carvajal Ramos,41,25,1,"[70.7, 76.6]","[99.1, 80.0]",28.602797,0.11915123,Ground Pass,,,,,,,Out,,,,,Regular Play
3943043,Spain,Aymeric Laporte,Unai Simón Mendibil,42,2,1,"[44.9, 63.2]","[12.9, 44.4]",37.11388,-2.610415,Ground Pass,,,,,,,,,,,,Regular Play
3943043,Spain,Unai Simón Mendibil,Robin Aime Robert Le Normand,42,7,1,"[12.9, 44.4]","[28.6, 58.1]",20.836987,0.7174756,Ground Pass,,,,,,,,,,,,Regular Play
3943043,Spain,Robin Aime Robert Le Normand,Aymeric Laporte,42,10,1,"[26.8, 58.1]","[34.1, 26.7]",32.2374,-1.3423699,Ground Pass,,,,,,,,,,,,Regular Play
3943043,Spain,Aymeric Laporte,Álvaro Borja Morata Martín,42,19,1,"[73.3, 17.5]","[106.0, 24.5]",33.44084,0.21088448,Ground Pass,,,,,,,,,,,,Regular Play
3943043,Spain,Nicholas Williams Arthuer,Álvaro Borja Morata Martín,42,59,1,"[120.0, 0.1]","[114.9, 38.7]",38.93546,1.7021598,High Pass,Corner,Inswinging,,,,,Incomplete,,,,,From Corner
3943043,Spain,Rodrigo Hernández Cascante,Robin Aime Robert Le Normand,43,53,1,"[28.8, 24.9]","[26.6, 38.7]",13.974262,1.7288862,Ground Pass,,,,,,,,,,,True,Regular Play
3943043,Spain,Robin Aime Robert Le Normand,Daniel Carvajal Ramos,43,55,1,"[26.2, 40.6]","[30.5, 62.0]",21.827734,1.3725023,Ground Pass,,,,,,,,,,,True,Regular Play
3943043,Spain,Unai Simón Mendibil,Aymeric Laporte,46,3,1,"[3.6, 43.5]","[31.7, 26.9]",32.636944,-0.5335883,Ground Pass,,,,,,,,,,,,From Keeper
3943043,Spain,Aymeric Laporte,Lamine Yamal Nasraoui Ebana,46,6,1,"[35.4, 24.9]","[120.0, 10.2]",85.86763,-0.17204116,High Pass,,,,,,,Out,,,,,From Keeper
3943043,Spain,Marc Cucurella Saseta,Nicholas Williams Arthuer,46,45,1,"[32.7, 5.1]","[42.9, 4.0]",10.259142,-0.107427955,Low Pass,Recovery,,,,,,,,,,True,Regular Play
3943043,Spain,Nicholas Williams Arthuer,Lamine Yamal Nasraoui Ebana,46,48,1,"[42.2, 4.5]","[48.0, 62.7]",58.48829,1.471468,High Pass,,,,,True,,,,,,,Regular Play
3943043,Spain,Lamine Yamal Nasraoui Ebana,Daniel Carvajal Ramos,46,55,1,"[41.6, 64.4]","[57.2, 75.1]",18.916924,0.6011983,Ground Pass,,,,,,,,,,,,Regular Play
3943043,Spain,Daniel Carvajal Ramos,Robin Aime Robert Le Normand,46,57,1,"[55.1, 76.2]","[29.2, 63.0]",29.069744,-2.6702528,High Pass,,,,,,,,,,,,Regular Play
3943043,Spain,Álvaro Borja Morata Martín,Martín Zubimendi Ibáñez,45,0,2,"[60.0, 40.0]","[46.9, 41.0]",13.138112,3.0654044,Ground Pass,Kick Off,,,,,,,,,,,From Kick Off
3943043,Spain,Martín Zubimendi Ibáñez,Daniel Carvajal Ramos,45,2,2,"[46.5, 48.6]","[46.4, 70.5]",21.900229,1.5753626,Ground Pass,,,,,,,,,,,,From Kick Off
3943043,Spain,Daniel Carvajal Ramos,Robin Aime Robert Le Normand,45,4,2,"[46.1, 70.3]","[27.5, 58.5]",22.027256,-2.5762563,Ground Pass,,,,,,,,,,,,From Kick Off
3943043,Spain,Robin Aime Robert Le Normand,Aymeric Laporte,45,8,2,"[28.4, 52.0]","[31.5, 21.9]",30.259214,-1.4681681,Ground Pass,,,,,,,,,,,,From Kick Off
3943043,Spain,Aymeric Laporte,Robin Aime Robert Le Normand,45,13,2,"[35.3, 20.5]","[35.4, 52.2]",31.700157,1.5676417,Ground Pass,,,,,,,,,,,,From Kick Off
3943043,Spain,Robin Aime Robert Le Normand,Unai Simón Mendibil,45,16,2,"[27.6, 52.2]","[9.3, 35.2]",24.97779,-2.3930051,Ground Pass,,,,,,,,,,,,From Kick Off
3943043,Spain,Unai Simón Mendibil,Álvaro Borja Morata Martín,45,22,2,"[10.7, 33.8]","[56.8, 24.7]",46.989574,-0.1948914,High Pass,,,,,,,Incomplete,,,,,From Kick Off
3943043,Spain,Daniel Olmo Carvajal,Marc Cucurella Saseta,45,27,2,"[53.1, 23.1]","[47.8, 12.2]",12.120231,-2.0233743,Ground Pass,,,,,,,,,,,,From Kick Off
3943043,Spain,Marc Cucurella Saseta,Nicholas Williams Arthuer,45,28,2,"[46.4, 8.1]","[61.1, 3.8]",15.316005,-0.2845776,Ground Pass,,,,,,,,,,,,From Kick Off
3943043,Spain,Nicholas Williams Arthuer,Marc Cucurella Saseta,45,31,2,"[55.6, 1.1]","[53.2, 1.3]",2.408319,3.0584514,Ground Pass,,,,,,,Incomplete,,,,True,From Kick Off
3943043,Spain,Marc Cucurella Saseta,Aymeric Laporte,45,35,2,"[40.7, 0.1]","[30.4, 6.1]",11.920151,2.6141222,Low Pass,Throw-in,,,,,,,,,,,From Throw In
3943043,Spain,Aymeric Laporte,Robin Aime Robert Le Normand,45,38,2,"[30.4, 6.1]","[27.5, 46.6]",40.603695,1.6422793,Ground Pass,,,,,True,,,,,,,From Throw In
3943043,Spain,Robin Aime Robert Le Normand,Martín Zubimendi Ibáñez,45,41,2,"[27.5, 52.2]","[40.6, 51.4]",13.124405,-0.060992956,Ground Pass,,,,,,,,,,,,From Throw In
3943043,Spain,Martín Zubimendi Ibáñez,Marc Cucurella Saseta,45,49,2,"[48.6, 27.8]","[49.2, 6.6]",21.208488,-1.542502,Ground Pass,,,,,,,,,,,,From Throw In
3943043,Spain,Marc Cucurella Saseta,Nicholas Williams Arthuer,45,51,2,"[49.2, 6.6]","[64.2, 2.5]",15.550241,-0.26681608,Ground Pass,,,,,,,,,,,,From Throw In
3943043,Spain,Nicholas Williams Arthuer,Aymeric Laporte,45,53,2,"[62.8, 2.5]","[38.7, 14.9]",27.102951,2.6663945,Ground Pass,,,,,,,,,,,,From Throw In
3943043,Spain,Aymeric Laporte,Fabián Ruiz Peña,45,59,2,"[47.1, 38.5]","[47.6, 67.7]",29.20428,1.5536747,Ground Pass,,,,,,,,,,,,From Throw In
3943043,Spain,Fabián Ruiz Peña,Daniel Carvajal Ramos,46,2,2,"[49.7, 68.1]","[69.2, 74.7]",20.586647,0.32635882,Ground Pass,,,,,,,,,,,,From Throw In
3943043,Spain,Daniel Carvajal Ramos,Lamine Yamal Nasraoui Ebana,46,3,2,"[69.7, 74.3]","[93.9, 60.6]",27.808811,-0.5151319,Low Pass,,,,,,,,,,,,From Throw In
3943043,Spain,Lamine Yamal Nasraoui Ebana,Nicholas Williams Arthuer,46,8,2,"[100.6, 47.0]","[109.9, 28.0]",21.15396,-1.1156052,Low Pass,,,,,,,,,True,64e7e679-4246-4172-b59e-56905a09ffbf,,From Throw In
3943043,Spain,Aymeric Laporte,Nicholas Williams Arthuer,47,31,2,"[25.4, 20.6]","[32.2, 10.2]",12.425779,-0.99172205,High Pass,Recovery,,,,,,,,,,True,Regular Play
3943043,Spain,Nicholas Williams Arthuer,Fabián Ruiz Peña,47,35,2,"[36.8, 2.4]","[54.3, 3.3]",17.523129,0.0513833,Ground Pass,,,,,,,,,,,,Regular Play
3943043,Spain,Fabián Ruiz Peña,Aymeric Laporte,47,41,2,"[55.0, 7.8]","[30.1, 12.0]",25.251732,2.974491,Ground Pass,,,,,,,,,,,,Regular Play
3943043,Spain,Aymeric Laporte,Robin Aime Robert Le Normand,47,43,2,"[30.4, 11.0]","[30.1, 33.8]",22.801973,1.5839535,Ground Pass,,,,,,,,,,,,Regular Play
3943043,Spain,Robin Aime Robert Le Normand,Unai Simón Mendibil,47,50,2,"[26.2, 47.5]","[7.3, 39.9]",20.370813,-2.759263,Ground Pass,,,,,,,,,,,,Regular Play
3943043,Spain,Unai Simón Mendibil,Aymeric Laporte,47,53,2,"[6.8, 37.5]","[23.6, 11.6]",30.871508,-0.9953717,Ground Pass,,,,,,,,,,,,Regular Play
3943043,Spain,Aymeric Laporte,Unai Simón Mendibil,47,56,2,"[23.2, 13.8]","[10.4, 28.8]",19.719027,2.2772224,Ground Pass,,,,,,,,,,,,Regular Play
3943043,Spain,Unai Simón Mendibil,Robin Aime Robert Le Normand,47,59,2,"[10.6, 31.0]","[14.0, 53.3]",22.557703,1.4194951,Ground Pass,,,,,,,,,,,,Regular Play
3943043,Spain,Robin Aime Robert Le Normand,Álvaro Borja Morata Martín,48,9,2,"[22.9, 57.8]","[80.6, 56.6]",57.71248,-0.02079423,High Pass,,,,,,,,,,,,Regular Play
3943043,Spain,Álvaro Borja Morata Martín,Daniel Carvajal Ramos,48,11,2,"[80.6, 56.6]","[89.7, 62.7]",10.955364,0.59053427,High Pass,,,,,,,,,,,,Regular Play
3943043,Spain,Daniel Carvajal Ramos,Daniel Olmo Carvajal,48,13,2,"[89.7, 62.7]","[94.0, 38.9]",24.185326,-1.3920523,High Pass,,,,,,,,,,,,Regular Play
3943043,Spain,Daniel Olmo Carvajal,Nicholas Williams Arthuer,48,14,2,"[93.9, 37.3]","[92.7, 20.5]",16.842802,-1.6421038,Low Pass,,,,,,,,,,,,Regular Play
3943043,Spain,Nicholas Williams Arthuer,Daniel Olmo Carvajal,48,17,2,"[96.3, 25.0]","[105.9, 30.6]",11.1139555,0.52807444,Ground Pass,,,,,,,,True,,7ba261a3-9a7f-4068-8547-6a7355fa032f,,Regular Play
3943043,Spain,Robin Aime Robert Le Normand,Martín Zubimendi Ibáñez,49,13,2,"[55.6, 52.0]","[61.7, 46.9]",7.9511003,-0.6963486,Low Pass,Recovery,,,,,,,,,,True,Regular Play
3943043,Spain,Martín Zubimendi Ibáñez,Fabián Ruiz Peña,49,14,2,"[62.0, 46.9]","[61.5, 67.8]",20.90598,1.5947152,Low Pass,,,,,,,,,,,True,Regular Play
3943043,Spain,Fabián Ruiz Peña,Daniel Carvajal Ramos,49,16,2,"[61.7, 67.0]","[53.6, 71.6]",9.315042,2.6251097,Ground Pass,,,,,,,,,,,True,Regular Play
3943043,Spain,Daniel Carvajal Ramos,Fabián Ruiz Peña,49,19,2,"[54.5, 64.2]","[57.5, 62.0]",3.720215,-0.63274884,Ground Pass,,,,,,,,,,,,Regular Play
3943043,Spain,Unai Simón Mendibil,Robin Aime Robert Le Normand,50,13,2,"[5.4, 39.5]","[5.9, 58.5]",19.006578,1.5444866,Ground Pass,Goal Kick,,,,,,,,,,,From Goal Kick
3943043,Spain,Robin Aime Robert Le Normand,Lamine Yamal Nasraoui Ebana,50,20,2,"[21.7, 61.7]","[78.1, 60.5]",56.412766,-0.021273386,High Pass,,,,,,,Incomplete,,,,,From Goal Kick
3943043,Spain,Daniel Carvajal Ramos,Álvaro Borja Morata Martín,51,48,2,"[11.2, 80.0]","[36.5, 72.5]",26.388254,-0.28819,High Pass,Throw-in,,,,,,Incomplete,,,,,From Throw In
3943043,Spain,Daniel Olmo Carvajal,Martín Zubimendi Ibáñez,51,51,2,"[27.6, 66.9]","[36.7, 63.3]",9.786215,-0.37671134,High Pass,Recovery,,,,,,,,,,,From Throw In
3943043,Spain,Martín Zubimendi Ibáñez,Robin Aime Robert Le Normand,51,52,2,"[36.7, 63.3]","[27.0, 60.6]",10.068764,-2.870114,High Pass,,,,,,,,,,,,From Throw In
3943043,Spain,Robin Aime Robert Le Normand,Fabián Ruiz Peña,51,54,2,"[27.5, 60.3]","[34.2, 48.8]",13.309395,-1.0432627,High Pass,,,,,,,,,,,True,From Throw In
3943043,Spain,Fabián Ruiz Peña,Nicholas Williams Arthuer,51,55,2,"[35.0, 48.9]","[45.7, 17.4]",33.2677,-1.2433424,High Pass,,,,,,,,,,,,From Throw In
3943043,Spain,Nicholas Williams Arthuer,Marc Cucurella Saseta,52,3,2,"[70.3, 2.8]","[56.2, 10.2]",15.923882,2.6582847,Ground Pass,,,,,,,,,,,,From Throw In
3943043,Spain,Marc Cucurella Saseta,Aymeric Laporte,52,6,2,"[56.4, 11.6]","[49.0, 22.8]",13.42386,2.1546667,Ground Pass,,,,,,,,,,,,From Throw In
3943043,Spain,Aymeric Laporte,Robin Aime Robert Le Normand,52,9,2,"[49.2, 24.9]","[42.2, 54.1]",30.02732,1.8060822,Ground Pass,,,,,,,,,,,,From Throw In
3943043,Spain,Robin Aime Robert Le Normand,Daniel Carvajal Ramos,52,17,2,"[38.9, 56.1]","[45.9, 72.4]",17.739504,1.1651644,Ground Pass,,,,,,,,,,,,From Throw In
3943043,Spain,Daniel Carvajal Ramos,Unai Simón Mendibil,52,20,2,"[34.3, 67.2]","[5.6, 53.1]",31.976553,-2.684938,Ground Pass,,,,,,,,,,,,From Throw In
3943043,Spain,Unai Simón Mendibil,Álvaro Borja Morata Martín,52,24,2,"[8.2, 58.0]","[55.9, 60.3]",47.755417,0.048180714,Low Pass,,,,,,,,,,,True,From Throw In
3943043,Spain,Álvaro Borja Morata Martín,Martín Zubimendi Ibáñez,52,28,2,"[55.6, 56.6]","[54.5, 49.4]",7.283543,-1.7224019,Ground Pass,,,,,,,,,,,,From Throw In
3943043,Spain,Fabián Ruiz Peña,Martín Zubimendi Ibáñez,52,54,2,"[74.2, 34.8]","[74.7, 41.4]",6.618912,1.4951832,Ground Pass,Free Kick,,,,,,,,,,,From Free Kick
3943043,Spain,Martín Zubimendi Ibáñez,Robin Aime Robert Le Normand,52,57,2,"[74.7, 41.8]","[55.7, 44.2]",19.15098,3.0159423,Ground Pass,,,,,,,,,,,,From Free Kick
3943043,Spain,Robin Aime Robert Le Normand,Aymeric Laporte,52,57,2,"[55.7, 44.2]","[55.4, 32.4]",11.803813,-1.5962145,Ground Pass,,,,,,,,,,,,From Free Kick
3943043,Spain,Aymeric Laporte,Marc Cucurella Saseta,53,0,2,"[57.2, 28.3]","[64.2, 8.8]",20.71835,-1.226149,Ground Pass,,,,,,,,,,,,From Free Kick
3943043,Spain,Marc Cucurella Saseta,Nicholas Williams Arthuer,53,2,2,"[64.2, 6.6]","[70.7, 1.1]",8.514693,-0.7022569,Ground Pass,,,,,,,,,,,True,From Free Kick
3943043,Spain,Nicholas Williams Arthuer,Aymeric Laporte,53,6,2,"[69.3, 1.3]","[42.8, 3.6]",26.599625,3.0550172,Ground Pass,,,,,,,,,,,,From Free Kick
3943043,Spain,Aymeric Laporte,Fabián Ruiz Peña,53,10,2,"[40.4, 4.5]","[42.0, 20.2]",15.781318,1.4692361,Ground Pass,,,,,,,,,,,,From Free Kick
3943043,Spain,Fabián Ruiz Peña,Martín Zubimendi Ibáñez,53,17,2,"[35.6, 31.9]","[44.7, 34.5]",9.464143,0.27829966,Ground Pass,,,,,,,,,,,,From Free Kick
3943043,Spain,Martín Zubimendi Ibáñez,Fabián Ruiz Peña,53,18,2,"[44.7, 34.5]","[36.2, 33.8]",8.528775,-3.059425,Ground Pass,,,,,,,,,,,,From Free Kick
3943043,Spain,Fabián Ruiz Peña,Marc Cucurella Saseta,53,22,2,"[48.7, 25.8]","[52.9, 7.2]",19.068298,-1.3487145,Ground Pass,,,,,,,,,,,,From Free Kick
3943043,Spain,Marc Cucurella Saseta,Nicholas Williams Arthuer,53,24,2,"[52.9, 7.2]","[64.0, 3.0]",11.868024,-0.36172923,Ground Pass,,,,,,,,,,,,From Free Kick
3943043,Spain,Nicholas Williams Arthuer,Álvaro Borja Morata Martín,53,28,2,"[69.2, 3.0]","[70.6, 16.6]",13.671869,1.4682164,Ground Pass,,,,,,,,,,,,From Free Kick
3943043,Spain,Álvaro Borja Morata Martín,Martín Zubimendi Ibáñez,53,29,2,"[70.7, 15.5]","[49.3, 26.4]",24.016037,2.6704965,High Pass,,,,,,,,,,,True,From Free Kick
3943043,Spain,Martín Zubimendi Ibáñez,Fabián Ruiz Peña,53,38,2,"[51.5, 39.2]","[54.8, 25.3]",14.286357,-1.3377017,Ground Pass,,,,,,,,,,,,From Free Kick
3943043,Spain,Fabián Ruiz Peña,Martín Zubimendi Ibáñez,53,38,2,"[53.9, 25.3]","[48.7, 29.9]",6.942622,2.4173427,Ground Pass,,,,,,,,,,,,From Free Kick
3943043,Spain,Martín Zubimendi Ibáñez,Fabián Ruiz Peña,53,41,2,"[48.7, 29.9]","[54.5, 21.9]",9.881295,-0.9434881,Ground Pass,,,,,,,,,,,,From Free Kick
3943043,Spain,Fabián Ruiz Peña,Aymeric Laporte,53,42,2,"[54.5, 21.9]","[42.0, 27.0]",13.50037,2.7542088,Ground Pass,,,,,,,,,,,,From Free Kick
3943043,Spain,Aymeric Laporte,Fabián Ruiz Peña,53,47,2,"[49.3, 24.7]","[55.6, 20.6]",7.5166483,-0.57693297,Ground Pass,,,,,,,,,,,,From Free Kick
3943043,Spain,Fabián Ruiz Peña,Aymeric Laporte,53,49,2,"[55.4, 20.6]","[44.3, 22.2]",11.214723,2.9984345,Ground Pass,,,,,,,,,,,True,From Free Kick
3943043,Spain,Aymeric Laporte,Robin Aime Robert Le Normand,53,51,2,"[42.5, 22.5]","[34.8, 40.5]",19.577793,1.9750174,Ground Pass,,,,,,,,,,,,From Free Kick
3943043,Spain,Robin Aime Robert Le Normand,Daniel Carvajal Ramos,53,54,2,"[31.4, 43.0]","[43.4, 67.5]",27.280945,1.1153452,Ground Pass,,,,,,,,,,,,From Free Kick
3943043,Spain,Daniel Carvajal Ramos,Lamine Yamal Nasraoui Ebana,53,58,2,"[43.7, 74.4]","[56.2, 74.2]",12.5016,-0.015998635,Ground Pass,,,,,,,,,,,,From Free Kick
3943043,Spain,Lamine Yamal Nasraoui Ebana,Daniel Carvajal Ramos,54,1,2,"[54.3, 74.2]","[70.1, 74.9]",15.815498,0.044274844,High Pass,,,,,,,,,,,,From Free Kick
3943043,Spain,Daniel Carvajal Ramos,Álvaro Borja Morata Martín,54,5,2,"[75.1, 76.3]","[85.9, 66.4]",14.650939,-0.7419473,Low Pass,Recovery,,,,,,Incomplete,,,,,From Free Kick
3943043,Spain,Daniel Carvajal Ramos,Álvaro Borja Morata Martín,54,11,2,"[79.8, 74.9]","[91.4, 67.2]",13.923002,-0.5860106,Ground Pass,,,,,,,,True,,02c1f765-7ef5-4262-8ba9-91460f91d317,,From Free Kick
3943043,Spain,Marc Cucurella Saseta,Fabián Ruiz Peña,54,27,2,"[94.0, 0.1]","[78.1, 4.9]",16.608732,2.8484058,Low Pass,Throw-in,,,,,,,,,,,From Throw In
3943043,Spain,Fabián Ruiz Peña,Aymeric Laporte,54,36,2,"[64.3, 10.8]","[49.8, 25.8]",20.862646,2.339247,Ground Pass,,,,,,,,,,,,From Throw In
3943043,Spain,Aymeric Laporte,Martín Zubimendi Ibáñez,54,38,2,"[52.3, 25.2]","[62.6, 32.7]",12.741272,0.6293733,Ground Pass,,,,,,,,,,,True,From Throw In
3943043,Spain,Martín Zubimendi Ibáñez,Fabián Ruiz Peña,54,41,2,"[67.6, 24.4]","[63.1, 12.2]",13.003461,-1.9241666,Ground Pass,,,,,,,,,,,,From Throw In
3943043,Spain,Fabián Ruiz Peña,Daniel Olmo Carvajal,54,44,2,"[68.9, 11.6]","[75.1, 21.6]",11.766053,1.0158006,Ground Pass,,,,,,,,,,,,From Throw In
3943043,Spain,Daniel Olmo Carvajal,Fabián Ruiz Peña,54,46,2,"[72.2, 21.3]","[66.1, 12.8]",10.462314,-2.193268,Ground Pass,,,,,,,,,,,True,From Throw In
3943043,Spain,Fabián Ruiz Peña,Robin Aime Robert Le Normand,54,48,2,"[64.0, 13.3]","[51.8, 49.4]",38.105774,1.8966962,High Pass,,,,,,,,,,,,From Throw In
3943043,Spain,Robin Aime Robert Le Normand,Lamine Yamal Nasraoui Ebana,54,54,2,"[68.6, 53.9]","[79.0, 49.2]",11.412712,-0.424452,Ground Pass,,,,,,,,,,,,From Throw In
3943043,Spain,Lamine Yamal Nasraoui Ebana,Álvaro Borja Morata Martín,54,55,2,"[83.9, 50.6]","[110.9, 51.0]",27.002962,0.014813731,Ground Pass,,Through Ball,,,,True,,True,,c5c8b815-2869-4b45-ac6c-dfdad0b3d4c5,,From Throw In
3943043,Spain,Daniel Carvajal Ramos,Lamine Yamal Nasraoui Ebana,55,3,2,"[113.9, 69.9]","[105.3, 64.5]",10.154801,-2.5809057,Ground Pass,,,,,,,,,,,,From Throw In
3943043,Spain,Fabián Ruiz Peña,Nicholas Williams Arthuer,55,21,2,"[83.1, 46.6]","[92.2, 39.9]",11.300443,-0.6346518,Ground Pass,,,,,,,,True,,04ce2e1e-1ffc-4269-b14e-de16f303a5c5,,From Throw In
3943043,Spain,Robin Aime Robert Le Normand,Álvaro Borja Morata Martín,56,37,2,"[22.9, 71.7]","[46.7, 46.9]",34.372665,-0.8059714,High Pass,,,,,,,,,,,,From Free Kick
3943043,Spain,Daniel Carvajal Ramos,Lamine Yamal Nasraoui Ebana,57,7,2,"[38.2, 80.0]","[74.0, 73.6]",36.36757,-0.1769022,Low Pass,Throw-in,,,,,,,,,,,From Throw In
3943043,Spain,Marc Cucurella Saseta,Aymeric Laporte,57,47,2,"[69.8, 0.1]","[38.1, 5.5]",32.156647,2.9728653,Low Pass,Throw-in,,,,,,,,,,,From Throw In
3943043,Spain,Aymeric Laporte,Unai Simón Mendibil,57,48,2,"[34.0, 5.5]","[16.4, 25.2]",26.416851,2.2999537,Low Pass,,,,,,,,,,,,From Throw In
3943043,Spain,Unai Simón Mendibil,Robin Aime Robert Le Normand,57,52,2,"[15.4, 29.1]","[24.5, 48.9]",21.791054,1.1399912,Ground Pass,,,,,,,,,,,,From Throw In
3943043,Spain,Robin Aime Robert Le Normand,Unai Simón Mendibil,57,56,2,"[28.4, 54.5]","[9.2, 43.0]",22.380571,-2.6019394,Ground Pass,,,,,,,,,,,,From Throw In
3943043,Spain,Unai Simón Mendibil,Robin Aime Robert Le Normand,58,4,2,"[13.1, 42.7]","[22.3, 53.5]",14.187318,0.8652282,Ground Pass,,,,,,,,,,,,From Throw In
3943043,Spain,Robin Aime Robert Le Normand,Unai Simón Mendibil,58,9,2,"[28.9, 54.9]","[8.2, 49.9]",21.295305,-2.9045866,Ground Pass,,,,,,,,,,,,From Throw In
3943043,Spain,Unai Simón Mendibil,Daniel Olmo Carvajal,58,12,2,"[8.7, 51.4]","[50.9, 53.8]",42.268192,0.05681084,High Pass,,,,,,,,,,,,From Throw In
3943043,Spain,Álvaro Borja Morata Martín,Lamine Yamal Nasraoui Ebana,58,20,2,"[74.8, 65.6]","[82.6, 71.7]",9.90202,0.6637004,Ground Pass,,,,,,,,,,,,From Throw In
3943043,Spain,Lamine Yamal Nasraoui Ebana,Daniel Carvajal Ramos,58,23,2,"[82.9, 71.6]","[70.0, 75.5]",13.476646,2.8480036,Ground Pass,,,,,,,,,,,,From Throw In
3943043,Spain,Daniel Carvajal Ramos,Fabián Ruiz Peña,58,26,2,"[70.7, 74.7]","[67.9, 45.0]",29.831694,-1.6647946,Ground Pass,,,,,,,,,,,True,From Throw In
3943043,Spain,Fabián Ruiz Peña,Nicholas Williams Arthuer,58,32,2,"[75.3, 13.0]","[90.3, 2.2]",18.483505,-0.6240231,Ground Pass,,,,,,,,,,,,From Throw In
3943043,Spain,Nicholas Williams Arthuer,Fabián Ruiz Peña,58,36,2,"[89.2, 3.0]","[77.3, 8.9]",13.282319,2.681312,Ground Pass,,,,,,,,,,,,From Throw In
3943043,Spain,Fabián Ruiz Peña,Nicholas Williams Arthuer,58,39,2,"[77.3, 8.9]","[80.3, 3.8]",5.916925,-1.0390723,Ground Pass,,,,,,,,,,,,From Throw In
3943043,Spain,Nicholas Williams Arthuer,Fabián Ruiz Peña,58,40,2,"[80.3, 3.8]","[71.2, 8.3]",10.151847,2.6823504,Ground Pass,,,,,,,,,,,,From Throw In
3943043,Spain,Fabián Ruiz Peña,Robin Aime Robert Le Normand,58,42,2,"[71.2, 8.3]","[63.7, 42.2]",34.719734,1.7885281,Ground Pass,,,,,,,,,,,,From Throw In
3943043,Spain,Robin Aime Robert Le Normand,Álvaro Borja Morata Martín,58,46,2,"[66.1, 50.2]","[84.3, 38.5]",21.636312,-0.57133746,Ground Pass,,,,,,,,,,,,From Throw In
3943043,Spain,Álvaro Borja Morata Martín,Martín Zubimendi Ibáñez,58,47,2,"[83.1, 37.8]","[76.1, 38.5]",7.034913,3.041924,Ground Pass,,,,,,,,,,,,From Throw In
3943043,Spain,Martín Zubimendi Ibáñez,Daniel Olmo Carvajal,58,49,2,"[76.5, 38.5]","[85.1, 48.3]",13.038404,0.85052335,Ground Pass,,,,,,,,,,,,From Throw In
3943043,Spain,Daniel Olmo Carvajal,Álvaro Borja Morata Martín,58,50,2,"[89.7, 50.2]","[102.9, 51.0]",13.22422,0.06053202,Ground Pass,,,,,,,Incomplete,,,,,From Throw In
3943043,Spain,Aymeric Laporte,Unai Simón Mendibil,64,13,2,"[5.4, 30.5]","[5.0, 40.3]",9.80816,1.61159,Ground Pass,Goal Kick,,,,,,,,,,,From Goal Kick
3943043,Spain,Unai Simón Mendibil,Robin Aime Robert Le Normand,64,14,2,"[5.0, 40.3]","[10.4, 59.7]",20.137527,1.2993178,Ground Pass,,,,,,,,,,,,From Goal Kick
3943043,Spain,Robin Aime Robert Le Normand,Nicholas Williams Arthuer,64,17,2,"[12.8, 65.6]","[61.4, 55.2]",49.700302,-0.21081227,High Pass,,,,,,,Incomplete,,,,True,From Goal Kick
3943043,Spain,Aymeric Laporte,Unai Simón Mendibil,65,5,2,"[6.0, 31.1]","[2.8, 38.9]",8.430896,1.960113,Ground Pass,Goal Kick,,,,,,,,,,,From Goal Kick
3943043,Spain,Unai Simón Mendibil,,65,8,2,"[4.5, 39.5]","[65.0, 28.5]",61.49187,-0.1798535,High Pass,,,,,,,Incomplete,,,,True,From Goal Kick
3943043,Spain,Marc Cucurella Saseta,Nicholas Williams Arthuer,65,37,2,"[42.0, 16.7]","[49.8, 17.4]",7.8313475,0.08950382,Low Pass,Recovery,,,,,,,,,,,From Counter
3943043,Spain,Nicholas Williams Arthuer,Álvaro Borja Morata Martín,65,40,2,"[57.6, 21.9]","[72.2, 32.4]",17.983604,0.6234815,Ground Pass,,,,,,,,,,,,From Counter
3943043,Spain,Álvaro Borja Morata Martín,Daniel Olmo Carvajal,65,41,2,"[72.2, 32.4]","[73.1, 39.5]",7.156815,1.4447082,Ground Pass,,,,,,,,,,,,From Counter
3943043,Spain,Daniel Olmo Carvajal,Lamine Yamal Nasraoui Ebana,65,42,2,"[77.0, 40.2]","[94.0, 51.0]",20.140507,0.5659676,Ground Pass,,,,,,,,True,,06960e85-8515-4da0-9828-81c07cce0d6e,True,From Counter
3943043,Spain,Nicholas Williams Arthuer,Aymeric Laporte,66,25,2,"[120.0, 0.1]","[111.9, 43.8]",44.444347,1.754071,High Pass,Corner,Inswinging,,,True,,,True,,cc33ae6a-a186-4b6d-890a-ef0e59327853,,From Corner
3943043,Spain,Daniel Carvajal Ramos,Daniel Olmo Carvajal,67,38,2,"[92.8, 80.0]","[105.3, 67.5]",17.67767,-0.7853982,Low Pass,Throw-in,,,,,,,,,,,From Throw In
3943043,Spain,Daniel Olmo Carvajal,Lamine Yamal Nasraoui Ebana,67,40,2,"[105.9, 64.9]","[119.8, 70.5]",14.98566,0.3829847,Low Pass,,,,,,,Out,,,,True,From Throw In
3943043,Spain,Fabián Ruiz Peña,Daniel Olmo Carvajal,68,5,2,"[83.1, 16.9]","[90.4, 27.2]",12.624579,0.95423007,Ground Pass,,,,,,,,,,,,Regular Play
3943043,Spain,Daniel Olmo Carvajal,Lamine Yamal Nasraoui Ebana,68,7,2,"[90.4, 31.0]","[91.4, 43.8]",12.839003,1.4928297,Ground Pass,,,,,,,,,,,,Regular Play
3943043,Spain,Lamine Yamal Nasraoui Ebana,Nicholas Williams Arthuer,68,9,2,"[91.4, 43.8]","[108.4, 35.6]",18.874321,-0.44943056,High Pass,,,,,,,Incomplete,,,,,Regular Play
3943043,Spain,Lamine Yamal Nasraoui Ebana,,68,43,2,"[120.0, 80.0]","[117.3, 39.9]",40.190796,-1.6380265,High Pass,Corner,Inswinging,,,True,,Incomplete,,,,,From Corner
3943043,Spain,Daniel Olmo Carvajal,Martín Zubimendi Ibáñez,68,49,2,"[110.1, 14.7]","[115.9, 44.4]",30.26103,1.3779373,High Pass,,,True,,,,Incomplete,,,,,From Corner
3943043,Spain,Nicholas Williams Arthuer,Martín Zubimendi Ibáñez,68,58,2,"[98.7, 76.4]","[113.1, 69.7]",15.8823805,-0.43548605,Ground Pass,,,,,,,,,,,,From Corner
3943043,Spain,Martín Zubimendi Ibáñez,Robin Aime Robert Le Normand,69,0,2,"[116.2, 69.7]","[112.9, 33.0]",36.84807,-1.6604735,High Pass,,,True,,,,Incomplete,,,,,From Corner
3943043,Spain,Daniel Olmo Carvajal,Fabián Ruiz Peña,69,6,2,"[89.5, 25.3]","[89.5, 33.1]",7.8,1.5707964,Ground Pass,Recovery,,,,,,,True,,9c6371c7-8400-498f-8254-ed2fa2a56d93,True,From Corner
3943043,Spain,Daniel Carvajal Ramos,,69,58,2,"[34.3, 50.8]","[32.3, 39.9]",11.081967,-1.752264,Low Pass,Recovery,,,,,,Incomplete,,,,,From Goal Kick
3943043,Spain,Robin Aime Robert Le Normand,,70,9,2,"[26.8, 44.2]","[52.3, 0.1]",50.94173,-1.046537,High Pass,Recovery,,,,True,,Out,,,,,From Goal Kick
3943043,Spain,Mikel Oyarzabal Ugarte,Martín Zubimendi Ibáñez,70,32,2,"[40.6, 21.3]","[35.3, 22.7]",5.481788,2.8833404,Ground Pass,,,,,,,,,,,,Regular Play
3943043,Spain,Martín Zubimendi Ibáñez,Fabián Ruiz Peña,70,33,2,"[35.0, 22.5]","[50.6, 24.1]",15.681837,0.102206714,Ground Pass,,,,,,,,,,,,Regular Play
3943043,Spain,Fabián Ruiz Peña,Daniel Carvajal Ramos,70,37,2,"[63.7, 30.0]","[52.0, 55.5]",28.056015,2.0009637,Ground Pass,,,,,,,,,,,,Regular Play
3943043,Spain,Daniel Carvajal Ramos,Daniel Olmo Carvajal,70,41,2,"[65.3, 56.7]","[76.4, 59.1]",11.356496,0.21293835,Ground Pass,,,,,,,,,,,,Regular Play
3943043,Spain,Daniel Olmo Carvajal,Lamine Yamal Nasraoui Ebana,70,43,2,"[76.1, 61.7]","[69.2, 71.7]",12.149486,2.1747794,Ground Pass,,,,,,,,,,,True,Regular Play
3943043,Spain,Lamine Yamal Nasraoui Ebana,Robin Aime Robert Le Normand,70,45,2,"[65.3, 71.7]","[48.7, 52.7]",25.23014,-2.2888806,Ground Pass,,,,,,,,,,,,Regular Play
3943043,Spain,Robin Aime Robert Le Normand,Aymeric Laporte,70,48,2,"[48.6, 52.5]","[50.3, 23.9]",28.65048,-1.5114256,Ground Pass,,,,,,,,,,,,Regular Play
3943043,Spain,Aymeric Laporte,Marc Cucurella Saseta,70,54,2,"[55.1, 14.7]","[57.0, 3.9]",10.965857,-1.3966523,Ground Pass,,,,,,,,,,,,Regular Play
3943043,Spain,Marc Cucurella Saseta,Aymeric Laporte,70,56,2,"[56.2, 4.9]","[42.2, 12.4]",15.8823805,2.6497834,Ground Pass,,,,,,,,,,,True,Regular Play
3943043,Spain,Aymeric Laporte,Unai Simón Mendibil,70,59,2,"[30.1, 15.6]","[9.3, 33.0]",27.11826,2.4449658,Ground Pass,,,,,,,,,,,True,Regular Play
3943043,Spain,Unai Simón Mendibil,Daniel Olmo Carvajal,71,3,2,"[10.0, 33.8]","[49.7, 47.4]",41.964867,0.33003974,High Pass,,,,,,,,,,,True,Regular Play
3943043,Spain,Daniel Olmo Carvajal,Lamine Yamal Nasraoui Ebana,71,4,2,"[49.7, 47.4]","[63.6, 54.5]",15.608331,0.4722434,Low Pass,,,,,,,Pass Offside,,,,,Regular Play
3943043,Spain,Martín Zubimendi Ibáñez,Mikel Oyarzabal Ugarte,71,48,2,"[88.9, 36.4]","[112.0, 24.9]",25.804264,-0.4619145,Ground Pass,,,,,,,,True,,cebe071f-c7b3-4c7b-88c1-73d5e70e22a4,,From Counter
3943043,Spain,Mikel Oyarzabal Ugarte,Robin Aime Robert Le Normand,73,21,2,"[60.0, 40.0]","[36.1, 52.2]",26.833748,2.669612,Ground Pass,Kick Off,,,,,,,,,,,From Kick Off
3943043,Spain,Robin Aime Robert Le Normand,Aymeric Laporte,73,24,2,"[34.3, 48.6]","[37.6, 23.9]",24.91947,-1.4379796,Ground Pass,,,,,,,,,,,,From Kick Off
3943043,Spain,Aymeric Laporte,Marc Cucurella Saseta,73,27,2,"[40.6, 14.9]","[38.1, 5.8]",9.4371605,-1.8389071,Ground Pass,,,,,,,,,,,,From Kick Off
3943043,Spain,Marc Cucurella Saseta,Unai Simón Mendibil,73,29,2,"[34.8, 5.2]","[12.6, 30.0]",33.284832,2.3009317,Ground Pass,,,,,,,,,,,,From Kick Off
3943043,Spain,Unai Simón Mendibil,Robin Aime Robert Le Normand,73,32,2,"[15.4, 36.4]","[16.7, 65.6]",29.228924,1.5263052,Ground Pass,,,,,,,,,,,,From Kick Off
3943043,Spain,Robin Aime Robert Le Normand,Daniel Olmo Carvajal,73,37,2,"[29.3, 71.6]","[54.8, 56.1]",29.841248,-0.54616654,Low Pass,,,,,,,,,,,True,From Kick Off
3943043,Spain,Daniel Carvajal Ramos,Martín Zubimendi Ibáñez,73,58,2,"[47.2, 65.0]","[55.6, 65.0]",8.4,0.0,Low Pass,Interception,,,,,,,,,,,Regular Play
3943043,Spain,Martín Zubimendi Ibáñez,Lamine Yamal Nasraoui Ebana,74,2,2,"[49.2, 76.3]","[51.2, 76.3]",2.0,0.0,Ground Pass,,,,,,,Incomplete,,,,True,Regular Play
3943043,Spain,Unai Simón Mendibil,Aymeric Laporte,75,41,2,"[5.0, 35.0]","[15.3, 26.6]",13.290975,-0.6841414,Ground Pass,Goal Kick,,,,,,,,,,,From Goal Kick
3943043,Spain,Aymeric Laporte,Robin Aime Robert Le Normand,75,44,2,"[14.3, 28.5]","[15.9, 52.0]",23.554405,1.5028161,Ground Pass,,,,,,,,,,,,From Goal Kick
3943043,Spain,Robin Aime Robert Le Normand,Aymeric Laporte,75,49,2,"[21.7, 51.9]","[21.8, 25.3]",26.600187,-1.567037,Ground Pass,,,,,,,,,,,,From Goal Kick
3943043,Spain,Aymeric Laporte,Unai Simón Mendibil,75,54,2,"[28.9, 17.4]","[15.0, 38.1]",24.933912,2.162136,Ground Pass,,,,,,,,,,,,From Goal Kick
3943043,Spain,Unai Simón Mendibil,Robin Aime Robert Le Normand,75,57,2,"[15.7, 40.3]","[25.4, 53.1]",16.0602,0.9223139,Ground Pass,,,,,,,,,,,,From Goal Kick
3943043,Spain,Robin Aime Robert Le Normand,Unai Simón Mendibil,76,1,2,"[28.1, 52.7]","[14.7, 39.7]",18.669762,-2.3713448,Ground Pass,,,,,,,,,,,,From Goal Kick
3943043,Spain,Unai Simón Mendibil,Aymeric Laporte,76,4,2,"[17.3, 39.1]","[28.7, 23.3]",19.483326,-0.9457736,Ground Pass,,,,,,,,,,,,From Goal Kick
3943043,Spain,Aymeric Laporte,Robin Aime Robert Le Normand,76,7,2,"[28.7, 23.3]","[27.6, 54.9]",31.61914,1.6055924,Ground Pass,,,,,,,,,,,,From Goal Kick
3943043,Spain,Robin Aime Robert Le Normand,Unai Simón Mendibil,76,13,2,"[32.9, 60.5]","[13.9, 43.5]",25.495098,-2.411693,Ground Pass,,,,,,,,,,,,From Goal Kick
3943043,Spain,Unai Simón Mendibil,Aymeric Laporte,76,17,2,"[13.7, 43.0]","[15.9, 22.0]",21.114923,-1.4664152,Ground Pass,,,,,,,,,,,,From Goal Kick
3943043,Spain,Aymeric Laporte,Marc Cucurella Saseta,76,20,2,"[17.8, 9.4]","[45.4, 1.6]",28.681004,-0.2754261,High Pass,,,,,,,,,,,,From Goal Kick
3943043,Spain,Marc Cucurella Saseta,Fabián Ruiz Peña,76,22,2,"[45.4, 1.6]","[42.5, 16.0]",14.689112,1.769527,Low Pass,,,,,,,,,,,,From Goal Kick
3943043,Spain,Fabián Ruiz Peña,Lamine Yamal Nasraoui Ebana,76,26,2,"[57.0, 24.5]","[82.6, 73.5]",55.284355,1.0893513,High Pass,,,,,True,,,,,,,From Goal Kick
3943043,Spain,Lamine Yamal Nasraoui Ebana,Daniel Carvajal Ramos,76,29,2,"[82.6, 73.5]","[72.6, 63.3]",14.284257,-2.346294,High Pass,,,,,,,,,,,,From Goal Kick
3943043,Spain,Daniel Carvajal Ramos,Daniel Olmo Carvajal,76,31,2,"[72.6, 63.3]","[70.3, 53.8]",9.774457,-1.808331,Ground Pass,,,,,,,,,,,,From Goal Kick
3943043,Spain,Daniel Olmo Carvajal,Martín Zubimendi Ibáñez,76,34,2,"[70.3, 48.3]","[63.7, 38.9]",11.485643,-2.1829488,Ground Pass,,,,,,,,,,,,From Goal Kick
3943043,Spain,Martín Zubimendi Ibáñez,Robin Aime Robert Le Normand,76,39,2,"[73.1, 27.7]","[70.0, 48.8]",21.32651,1.7166722,Ground Pass,,,,,,,,,,,,From Goal Kick
3943043,Spain,Robin Aime Robert Le Normand,Lamine Yamal Nasraoui Ebana,76,42,2,"[70.0, 48.9]","[85.1, 72.0]",27.597464,0.9918387,Ground Pass,,,,,,,,,,,,From Goal Kick
3943043,Spain,Lamine Yamal Nasraoui Ebana,Daniel Carvajal Ramos,76,44,2,"[84.3, 73.0]","[85.9, 60.3]",12.80039,-1.4454724,Ground Pass,,,,,,,,,,,,From Goal Kick
3943043,Spain,Daniel Carvajal Ramos,Lamine Yamal Nasraoui Ebana,76,53,2,"[101.4, 73.8]","[90.4, 70.8]",11.401754,-2.8753407,Ground Pass,,,,,,,,,,,True,From Goal Kick
3943043,Spain,Lamine Yamal Nasraoui Ebana,Robin Aime Robert Le Normand,76,55,2,"[90.4, 70.8]","[70.6, 56.7]",24.307405,-2.5227778,Ground Pass,,,,,,,,,,,,From Goal Kick
3943043,Spain,Robin Aime Robert Le Normand,Aymeric Laporte,76,57,2,"[71.4, 53.9]","[68.2, 37.0]",17.20029,-1.75793,Ground Pass,,,,,,,,,,,,From Goal Kick
3943043,Spain,Aymeric Laporte,Marc Cucurella Saseta,77,1,2,"[74.2, 30.3]","[82.6, 6.6]",25.144583,-1.2301801,Ground Pass,,,,,,,,,,,,From Goal Kick
3943043,Spain,Marc Cucurella Saseta,Martín Zubimendi Ibáñez,77,5,2,"[74.5, 12.7]","[77.2, 18.8]",6.670832,1.1540941,Ground Pass,,,,,,,,,,,,From Goal Kick
3943043,Spain,Martín Zubimendi Ibáñez,Nicholas Williams Arthuer,77,8,2,"[83.7, 12.2]","[85.3, 1.9]",10.423532,-1.4166882,Ground Pass,,,,,,,,,,,,From Goal Kick
3943043,Spain,Nicholas Williams Arthuer,Marc Cucurella Saseta,77,11,2,"[85.1, 1.7]","[71.2, 8.9]",15.654073,2.6636603,Ground Pass,,,,,,,,,,,,From Goal Kick
3943043,Spain,Marc Cucurella Saseta,Fabián Ruiz Peña,77,13,2,"[70.9, 9.4]","[73.4, 14.9]",6.041523,1.1441689,Ground Pass,,,,,,,,,,,,From Goal Kick
3943043,Spain,Fabián Ruiz Peña,Robin Aime Robert Le Normand,77,15,2,"[70.9, 18.9]","[63.7, 44.9]",26.97851,1.8409495,Ground Pass,,,,,,,,,,,,From Goal Kick
3943043,Spain,Robin Aime Robert Le Normand,Fabián Ruiz Peña,77,20,2,"[68.9, 58.6]","[70.1, 40.3]",18.339302,-1.5053163,Ground Pass,,,,,,,,,,,,From Goal Kick
3943043,Spain,Fabián Ruiz Peña,Robin Aime Robert Le Normand,77,23,2,"[72.6, 39.1]","[71.5, 56.7]",17.634342,1.6332152,Ground Pass,,,,,,,,,,,,From Goal Kick
3943043,Spain,Robin Aime Robert Le Normand,Daniel Carvajal Ramos,77,26,2,"[78.6, 59.7]","[86.4, 71.4]",14.06165,0.98279375,Ground Pass,,,,,,,,,,,,From Goal Kick
3943043,Spain,Daniel Carvajal Ramos,Nicholas Williams Arthuer,77,29,2,"[91.7, 70.5]","[111.7, 7.0]",66.57514,-1.2656714,High Pass,,,True,,True,,,,,,,From Goal Kick
3943043,Spain,Nicholas Williams Arthuer,Mikel Oyarzabal Ugarte,77,39,2,"[116.2, 12.2]","[113.9, 33.6]",21.523243,1.6778619,High Pass,,,True,,,,Incomplete,,,,,From Goal Kick
3943043,Spain,Nicholas Williams Arthuer,,78,17,2,"[120.0, 0.1]","[112.1, 35.3]",36.075615,1.79157,High Pass,Corner,Inswinging,,,,,Incomplete,,,,,From Corner
3943043,Spain,Fabián Ruiz Peña,,78,21,2,"[103.4, 55.8]","[104.8, 45.6]",10.29563,-1.4343938,Low Pass,,,,,,,Incomplete,,,,,From Corner
3943043,Spain,Daniel Carvajal Ramos,Fabián Ruiz Peña,78,44,2,"[65.3, 80.0]","[49.3, 68.9]",19.473314,-2.5350738,Low Pass,Throw-in,,,,,,,,,,,From Throw In
3943043,Spain,Fabián Ruiz Peña,Robin Aime Robert Le Normand,78,47,2,"[41.8, 67.0]","[25.7, 64.4]",16.308586,-2.9814842,Ground Pass,,,,,,,,,,,,From Throw In
3943043,Spain,Robin Aime Robert Le Normand,Aymeric Laporte,78,50,2,"[21.1, 59.7]","[28.9, 20.6]",39.870415,-1.3738927,Ground Pass,,,,,,,,,,,,From Throw In
3943043,Spain,Aymeric Laporte,Robin Aime Robert Le Normand,78,53,2,"[28.2, 17.5]","[27.8, 53.9]",36.4022,1.5817848,Ground Pass,,,,,,,,,,,,From Throw In
3943043,Spain,Robin Aime Robert Le Normand,Fabián Ruiz Peña,78,56,2,"[30.4, 54.1]","[42.6, 54.1]",12.2,0.0,Ground Pass,,,,,,,,,,,,From Throw In
3943043,Spain,Fabián Ruiz Peña,Martín Zubimendi Ibáñez,78,57,2,"[41.4, 50.0]","[49.2, 28.3]",23.05927,-1.2257304,Ground Pass,,,,,,,,,,,,From Throw In
3943043,Spain,Martín Zubimendi Ibáñez,Marc Cucurella Saseta,79,7,2,"[82.9, 7.8]","[91.8, 2.5]",10.358571,-0.53710824,Ground Pass,,,,,,,,,,,,From Throw In
3943043,Spain,Marc Cucurella Saseta,Martín Zubimendi Ibáñez,79,9,2,"[91.8, 2.5]","[81.4, 5.0]",10.696261,2.905684,Ground Pass,,,,,,,,,,,,From Throw In
3943043,Spain,Martín Zubimendi Ibáñez,Aymeric Laporte,79,11,2,"[81.4, 5.0]","[65.9, 9.1]",16.03309,2.8829992,Ground Pass,,,,,,,,,,,,From Throw In
3943043,Spain,Aymeric Laporte,Robin Aime Robert Le Normand,79,13,2,"[65.6, 11.4]","[62.8, 43.8]",32.520763,1.6570019,Ground Pass,,,,,,,,,,,,From Throw In
3943043,Spain,Robin Aime Robert Le Normand,Fabián Ruiz Peña,79,16,2,"[64.7, 45.5]","[67.5, 54.7]",9.6166525,1.2753555,Ground Pass,,,,,,,,,,,,From Throw In
3943043,Spain,Fabián Ruiz Peña,Daniel Carvajal Ramos,79,18,2,"[69.8, 56.0]","[90.7, 75.5]",28.58426,0.7507586,Ground Pass,,,,,,,,,,,,From Throw In
3943043,Spain,Daniel Carvajal Ramos,Mikel Oyarzabal Ugarte,79,22,2,"[87.6, 67.7]","[119.0, 58.8]",32.636944,-0.2761953,Low Pass,,,,,,,,,,,True,From Throw In
3943043,Spain,Aymeric Laporte,Martín Zubimendi Ibáñez,80,1,2,"[50.3, 38.3]","[52.9, 29.9]",8.7931795,-1.2706251,Low Pass,Recovery,,,,,,,,,,,Regular Play
3943043,Spain,Martín Zubimendi Ibáñez,Unai Simón Mendibil,80,3,2,"[50.3, 27.4]","[15.0, 40.2]",37.549034,2.7937317,Ground Pass,,,,,,,,,,,True,Regular Play
3943043,Spain,Unai Simón Mendibil,Aymeric Laporte,80,9,2,"[16.5, 38.3]","[26.2, 24.4]",16.949926,-0.9615203,Ground Pass,,,,,,,,,,,,Regular Play
3943043,Spain,Aymeric Laporte,Robin Aime Robert Le Normand,80,16,2,"[42.5, 21.4]","[35.6, 48.6]",28.061539,1.8192322,Ground Pass,,,,,,,,,,,,Regular Play
3943043,Spain,Robin Aime Robert Le Normand,Aymeric Laporte,80,22,2,"[48.2, 50.2]","[48.6, 23.8]",26.40303,-1.555646,Ground Pass,,,,,,,,,,,,Regular Play
3943043,Spain,Aymeric Laporte,Robin Aime Robert Le Normand,80,28,2,"[56.5, 18.1]","[47.0, 33.6]",18.179659,2.1206496,Ground Pass,,,,,,,,,,,,Regular Play
3943043,Spain,Robin Aime Robert Le Normand,Aymeric Laporte,80,36,2,"[62.2, 37.7]","[56.4, 16.6]",21.88264,-1.8390524,Ground Pass,,,,,,,,,,,,Regular Play
3943043,Spain,Aymeric Laporte,Martín Zubimendi Ibáñez,80,45,2,"[66.7, 12.4]","[56.5, 21.3]",13.536986,2.4241526,Ground Pass,,,,,,,,,,,True,Regular Play
3943043,Spain,Martín Zubimendi Ibáñez,Fabián Ruiz Peña,80,46,2,"[53.1, 25.8]","[53.1, 59.2]",33.4,1.5707964,Low Pass,,,,,,,,,,,,Regular Play
3943043,Spain,Fabián Ruiz Peña,Daniel Carvajal Ramos,80,54,2,"[68.7, 61.9]","[70.3, 63.1]",2.0,0.6435011,Ground Pass,,,,,,,Incomplete,,,,True,Regular Play
3943043,Spain,Nicholas Williams Arthuer,Daniel Olmo Carvajal,81,8,2,"[96.2, 33.9]","[90.9, 36.6]",5.948109,2.6704264,Ground Pass,,,,,,,,,,,,Regular Play
3943043,Spain,Daniel Olmo Carvajal,Nicholas Williams Arthuer,81,10,2,"[91.7, 38.9]","[99.5, 38.5]",7.81025,-0.051237166,High Pass,,,,,,,,,,,,Regular Play
3943043,Spain,Nicholas Williams Arthuer,Daniel Olmo Carvajal,81,11,2,"[99.2, 38.9]","[104.8, 46.7]",9.602083,0.94812554,Ground Pass,,,,,,,,,,,True,Regular Play
3943043,Spain,Daniel Olmo Carvajal,Lamine Yamal Nasraoui Ebana,81,12,2,"[104.8, 46.9]","[107.2, 50.2]",4.080441,0.94200003,Ground Pass,,,,,,,,True,,32c3acc6-3796-44d2-93d1-2268bbcc0050,,Regular Play
3943043,Spain,Daniel Carvajal Ramos,Martín Zubimendi Ibáñez,81,22,2,"[78.7, 80.0]","[63.7, 57.2]",27.291758,-2.1527014,Low Pass,Throw-in,,,,,,,,,,,From Throw In
3943043,Spain,Martín Zubimendi Ibáñez,Fabián Ruiz Peña,81,26,2,"[68.9, 48.3]","[77.5, 48.8]",8.614523,0.05807416,Ground Pass,,,,,,,,,,,,From Throw In
3943043,Spain,Fabián Ruiz Peña,Daniel Carvajal Ramos,81,30,2,"[85.9, 53.8]","[99.2, 70.5]",21.349005,0.89825,Ground Pass,,,,,,,,,,,,From Throw In
3943043,Spain,Daniel Carvajal Ramos,Lamine Yamal Nasraoui Ebana,81,33,2,"[100.0, 70.5]","[96.1, 61.9]",9.4429865,-1.9965473,Ground Pass,,,,,,,,,,,,From Throw In
3943043,Spain,Lamine Yamal Nasraoui Ebana,Martín Zubimendi Ibáñez,81,37,2,"[91.5, 59.7]","[82.9, 28.3]",32.55641,-1.838126,Ground Pass,,,,,,,,,,,,From Throw In
3943043,Spain,Martín Zubimendi Ibáñez,Nicholas Williams Arthuer,81,40,2,"[85.1, 26.4]","[92.5, 23.9]",7.8108897,-0.3257991,Ground Pass,,,,,,,,,,,,From Throw In
3943043,Spain,Nicholas Williams Arthuer,Martín Zubimendi Ibáñez,81,43,2,"[91.1, 22.5]","[83.9, 16.7]",9.24554,-2.4634733,Ground Pass,,,,,,,,,,,,From Throw In
3943043,Spain,Martín Zubimendi Ibáñez,Aymeric Laporte,81,45,2,"[83.9, 16.7]","[74.2, 24.5]",12.447088,2.4643424,Ground Pass,,,,,,,,,,,,From Throw In
3943043,Spain,Aymeric Laporte,Robin Aime Robert Le Normand,81,49,2,"[77.5, 23.9]","[74.7, 46.7]",22.971287,1.6929915,Ground Pass,,,,,,,,,,,,From Throw In
3943043,Spain,Robin Aime Robert Le Normand,Daniel Carvajal Ramos,81,52,2,"[76.1, 53.3]","[91.8, 74.1]",26.060123,0.9242254,Ground Pass,,,,,,,,,,,,From Throw In
3943043,Spain,Daniel Carvajal Ramos,Fabián Ruiz Peña,81,54,2,"[90.9, 74.1]","[84.3, 54.9]",20.30271,-1.9018924,Ground Pass,,,,,,,,,,,,From Throw In
3943043,Spain,Fabián Ruiz Peña,Daniel Carvajal Ramos,81,57,2,"[86.5, 53.8]","[94.2, 67.8]",15.9777975,1.0679531,Ground Pass,,,,,,,,,,,,From Throw In
3943043,Spain,Daniel Carvajal Ramos,Robin Aime Robert Le Normand,82,1,2,"[98.6, 67.2]","[78.4, 53.1]",24.634325,-2.532197,Low Pass,,,,,,,,,,,,From Throw In
3943043,Spain,Robin Aime Robert Le Normand,Martín Zubimendi Ibáñez,82,3,2,"[77.5, 48.3]","[81.4, 28.8]",19.886175,-1.3734008,Ground Pass,,,,,,,,,,,,From Throw In
3943043,Spain,Martín Zubimendi Ibáñez,Nicholas Williams Arthuer,82,6,2,"[83.1, 24.7]","[92.3, 6.4]",20.482431,-1.1049653,Ground Pass,,,,,,,,,,,,From Throw In
3943043,Spain,Unai Simón Mendibil,José Ignacio Fernández Iglesias,83,5,2,"[21.2, 31.3]","[28.7, 40.3]",11.715375,0.87605804,Ground Pass,,,,,,,,,,,,Regular Play
3943043,Spain,José Ignacio Fernández Iglesias,Fabián Ruiz Peña,83,8,2,"[34.7, 45.6]","[49.2, 45.6]",14.5,0.0,Ground Pass,,,,,,,,,,,,Regular Play
3943043,Spain,Fabián Ruiz Peña,José Ignacio Fernández Iglesias,83,10,2,"[43.7, 51.9]","[36.5, 50.6]",7.31642,-2.9629617,Ground Pass,,,,,,,,,,,,Regular Play
3943043,Spain,José Ignacio Fernández Iglesias,Fabián Ruiz Peña,83,14,2,"[34.8, 52.2]","[42.6, 68.6]",18.160397,1.1268506,Ground Pass,,,,,,,,,,,,Regular Play
3943043,Spain,Fabián Ruiz Peña,Aymeric Laporte,83,17,2,"[40.1, 63.6]","[34.2, 21.4]",42.610443,-1.7097063,Low Pass,,,,,True,,,,,,True,Regular Play
3943043,Spain,Aymeric Laporte,Daniel Olmo Carvajal,83,24,2,"[47.8, 8.5]","[61.1, 11.7]",13.679546,0.23611365,Ground Pass,,,,,,,,,,,,Regular Play
3943043,Spain,Daniel Olmo Carvajal,Martín Zubimendi Ibáñez,83,25,2,"[60.9, 11.7]","[50.4, 17.2]",11.85327,2.6590793,Ground Pass,,,,,,,,,,,,Regular Play
3943043,Spain,Martín Zubimendi Ibáñez,José Ignacio Fernández Iglesias,83,30,2,"[46.1, 16.9]","[49.7, 37.5]",20.912197,1.3977861,Ground Pass,,,,,,,,,,,True,Regular Play
3943043,Spain,José Ignacio Fernández Iglesias,Daniel Olmo Carvajal,83,34,2,"[64.8, 33.0]","[72.5, 12.8]",21.617817,-1.2066115,Ground Pass,,,,,,,,,,,,Regular Play
3943043,Spain,Daniel Olmo Carvajal,Nicholas Williams Arthuer,83,40,2,"[89.0, 11.6]","[90.1, 22.5]",10.955364,1.4702194,Ground Pass,,,,,,,,,,,,Regular Play
3943043,Spain,Nicholas Williams Arthuer,Lamine Yamal Nasraoui Ebana,83,42,2,"[88.4, 23.8]","[89.5, 45.3]",21.528122,1.5196781,Ground Pass,,,,,,,,,,,,Regular Play
3943043,Spain,Lamine Yamal Nasraoui Ebana,Daniel Carvajal Ramos,83,44,2,"[89.5, 45.3]","[106.5, 63.1]",24.613817,0.80838263,Ground Pass,,,,,,,,,,,,Regular Play
3943043,Spain,Daniel Carvajal Ramos,Fabián Ruiz Peña,83,47,2,"[109.0, 58.1]","[102.9, 51.3]",9.1350975,-2.301984,Ground Pass,,,,,,,,,,,,Regular Play
3943043,Spain,Fabián Ruiz Peña,Daniel Carvajal Ramos,83,49,2,"[106.1, 52.8]","[111.4, 61.0]",9.763708,0.9969973,Ground Pass,,,,,,,,,,,,Regular Play
3943043,Spain,Daniel Carvajal Ramos,,83,51,2,"[114.3, 60.3]","[113.2, 58.6]",2.0248456,-2.145101,Ground Pass,,,,True,,,Incomplete,,,,True,Regular Play
3943043,Spain,Daniel Carvajal Ramos,Lamine Yamal Nasraoui Ebana,83,56,2,"[100.0, 64.9]","[90.9, 64.4]",9.113726,-3.0867028,Ground Pass,,,,,,,,,,,,Regular Play
3943043,Spain,Lamine Yamal Nasraoui Ebana,Nicholas Williams Arthuer,83,58,2,"[90.3, 58.1]","[96.2, 46.1]",13.371985,-1.1138376,Ground Pass,,,,,,,,,,,,Regular Play
3943043,Spain,Nicholas Williams Arthuer,Daniel Olmo Carvajal,84,2,2,"[95.0, 51.6]","[100.7, 51.0]",5.731492,-0.104876935,Ground Pass,,,,,,,,,,,,Regular Play
3943043,Spain,Lamine Yamal Nasraoui Ebana,,84,33,2,"[120.0, 80.0]","[116.1, 39.9]",40.289204,-1.6677482,High Pass,Corner,Inswinging,,,True,,Incomplete,,,,,From Corner
3943043,Spain,Fabián Ruiz Peña,Unai Simón Mendibil,84,40,2,"[70.3, 55.5]","[30.1, 42.4]",42.28061,-2.8265734,Low Pass,,,,,,,,,,,True,From Corner
3943043,Spain,Unai Simón Mendibil,Marc Cucurella Saseta,84,45,2,"[28.1, 39.7]","[40.1, 31.1]",14.763469,-0.62182426,Ground Pass,,,,,,,,,,,,From Corner
3943043,Spain,Marc Cucurella Saseta,Daniel Olmo Carvajal,84,49,2,"[43.4, 28.0]","[62.3, 38.8]",21.768095,0.5191461,Ground Pass,,,,,,,,,,,,From Corner
3943043,Spain,Daniel Olmo Carvajal,Lamine Yamal Nasraoui Ebana,84,52,2,"[63.4, 44.2]","[106.8, 56.0]",44.975548,0.26547202,High Pass,,,,,,,,,,,,From Corner
3943043,Spain,Lamine Yamal Nasraoui Ebana,Mikel Oyarzabal Ugarte,84,57,2,"[117.9, 57.4]","[114.5, 41.1]",16.650826,-1.7764367,High Pass,,,True,,,,Incomplete,,,,,From Corner
3943043,Spain,Daniel Carvajal Ramos,Aymeric Laporte,85,43,2,"[34.3, 80.0]","[25.1, 50.6]",30.805843,-1.8740685,Low Pass,Throw-in,,,,,,,,,,,From Throw In
3943043,Spain,Aymeric Laporte,Fabián Ruiz Peña,85,47,2,"[27.0, 43.8]","[49.3, 47.0]",22.528427,0.1425248,Ground Pass,,,,,,,,,,,,From Throw In
3943043,Spain,Fabián Ruiz Peña,Daniel Olmo Carvajal,85,49,2,"[52.6, 46.6]","[63.4, 34.9]",15.922626,-0.82537687,Ground Pass,,,,,,,,,,,True,From Throw In
3943043,Spain,Daniel Olmo Carvajal,Mikel Oyarzabal Ugarte,85,52,2,"[70.7, 33.6]","[88.2, 39.9]",18.599463,0.34555557,Low Pass,,,,,,,,,,,,From Throw In
3943043,Spain,Mikel Oyarzabal Ugarte,Marc Cucurella Saseta,85,53,2,"[88.9, 37.8]","[99.7, 12.7]",27.324898,-1.1644629,Ground Pass,,,,,,,,,,,,From Throw In
3943043,Spain,Marc Cucurella Saseta,Mikel Oyarzabal Ugarte,85,55,2,"[100.0, 12.7]","[111.2, 36.3]",26.122787,1.1276938,Ground Pass,,,True,,,,,,True,35c0a2a4-8e87-41cf-a26f-f85859261d87,True,From Throw In
3943043,Spain,Martín Zubimendi Ibáñez,Fabián Ruiz Peña,87,45,2,"[34.3, 24.5]","[38.7, 26.7]",4.9193497,0.4636476,Low Pass,Recovery,,,,,,Incomplete,,,,,From Kick Off
3943043,Spain,Unai Simón Mendibil,,89,57,2,"[5.4, 43.8]","[70.9, 79.4]",74.54938,0.49784794,High Pass,Goal Kick,,,,,,Out,,,,,From Goal Kick
3943043,Spain,Daniel Carvajal Ramos,Mikel Oyarzabal Ugarte,90,25,2,"[38.6, 80.0]","[79.8, 74.7]",41.539497,-0.12793814,High Pass,Throw-in,,,,,,,,,,,From Throw In
3943043,Spain,Mikel Oyarzabal Ugarte,Mikel Merino Zazón,90,28,2,"[82.5, 75.3]","[120.0, 67.0]",38.40755,-0.21782173,Low Pass,,,,,,,Out,,,,,From Throw In
3943043,Spain,Unai Simón Mendibil,Mikel Merino Zazón,91,55,2,"[26.1, 21.1]","[81.1, 32.0]",56.069687,0.1956467,High Pass,Free Kick,,,,,,Incomplete,,,,,From Free Kick
3943043,Spain,Aymeric Laporte,,92,2,2,"[47.9, 27.7]","[70.9, 24.1]",23.280035,-0.155262,High Pass,Recovery,,,,,,Incomplete,,,,,Regular Play
3943043,Spain,Unai Simón Mendibil,Mikel Merino Zazón,93,45,2,"[22.9, 5.5]","[98.1, 23.4]",77.30103,0.23368326,High Pass,Free Kick,,,,,,Unknown,,,,,From Free Kick
