match_id,team,player,pass_recipient,minute,second,period,location,pass_end_location,pass_length,pass_angle,pass_height,pass_type,pass_technique,pass_cross,pass_cut_back,pass_switch,pass_deflected,pass_outcome,pass_shot_assist,pass_goal_assist,pass_assisted_shot_id,under_pressure,play_pattern
3857289,Argentina,Damián Emiliano Martínez,Nicolás Hernán Otamendi,0,15,1,"[6.0, 36.0]","[7.8, 49.5]",13.619472,1.4382448,Ground Pass,Goal Kick,,,,,,,,,,,From Goal Kick
3857289,Argentina,Nicolás Hernán Otamendi,Gonzalo Ariel Montiel,0,17,1,"[8.9, 51.1]","[21.1, 71.8]",24.027693,1.0382282,Ground Pass,,,,,,,,,,,,From Goal Kick
3857289,Argentina,Gonzalo Ariel Montiel,Nicolás Hernán Otamendi,0,22,1,"[32.8, 69.3]","[21.1, 53.9]",19.340372,-2.2205021,Ground Pass,,,,,,,,,,,,From Goal Kick
3857289,Argentina,Nicolás Hernán Otamendi,Gonzalo Ariel Montiel,0,27,1,"[24.1, 51.7]","[34.7, 67.4]",18.943336,0.9769373,Ground Pass,,,,,,,,,,,,From Goal Kick
3857289,Argentina,Gonzalo Ariel Montiel,Ángel Fabián Di María Hernández,0,29,1,"[39.9, 68.8]","[46.6, 73.7]",8.300602,0.6314535,Ground Pass,,,,,,,,,,,,From Goal Kick
3857289,Argentina,Ángel Fabián Di María Hernández,Marcos Javier Acuña,0,32,1,"[43.9, 72.9]","[58.3, 14.5]",60.149147,-1.3290435,High Pass,,,,,True,,,,,,True,From Goal Kick
3857289,Argentina,Marcos Javier Acuña,Lautaro Javier Martínez,0,36,1,"[57.8, 12.3]","[68.1, 19.4]",12.509996,0.6035224,Low Pass,,,,,,,,,,,,From Goal Kick
3857289,Argentina,Marcos Javier Acuña,Lisandro Martínez,0,50,1,"[75.4, 0.1]","[45.0, 4.7]",30.746058,2.9914162,Low Pass,Throw-in,,,,,,,,,,,From Throw In
3857289,Argentina,Lisandro Martínez,Nicolás Hernán Otamendi,0,54,1,"[39.0, 5.0]","[27.9, 19.7]",18.420097,2.2175548,Ground Pass,,,,,,,,,,,,From Throw In
3857289,Argentina,Nicolás Hernán Otamendi,Gonzalo Ariel Montiel,0,57,1,"[28.2, 25.9]","[45.8, 67.7]",45.35416,1.1722739,Ground Pass,,,,,True,,,,,,,From Throw In
3857289,Argentina,Gonzalo Ariel Montiel,Ángel Fabián Di María Hernández,1,1,1,"[45.3, 69.3]","[60.8, 72.3]",15.787653,0.19118446,Ground Pass,,,,,,,,,,,,From Throw In
3857289,Argentina,Gonzalo Ariel Montiel,Rodrigo Javier De Paul,1,10,1,"[55.9, 68.0]","[39.6, 61.2]",17.661541,-2.746366,Ground Pass,Free Kick,,,,,,,,,,,From Free Kick
3857289,Argentina,Rodrigo Javier De Paul,Gonzalo Ariel Montiel,1,22,1,"[61.3, 64.2]","[54.0, 71.5]",10.323759,2.3561945,Ground Pass,,,,,,,,,,,,From Free Kick
3857289,Argentina,Gonzalo Ariel Montiel,Nicolás Hernán Otamendi,1,25,1,"[54.0, 71.5]","[38.5, 60.9]",18.777912,-2.5417738,Ground Pass,,,,,,,,,,,,From Free Kick
3857289,Argentina,Nicolás Hernán Otamendi,Guido Rodríguez,1,27,1,"[38.2, 58.2]","[50.7, 49.8]",15.060212,-0.59168583,Ground Pass,,,,,,,,,,,,From Free Kick
3857289,Argentina,Guido Rodríguez,Lisandro Martínez,1,28,1,"[49.4, 50.3]","[42.6, 20.5]",30.565994,-1.795143,Ground Pass,,,,,,,,,,,,From Free Kick
3857289,Argentina,Lisandro Martínez,Marcos Javier Acuña,1,34,1,"[55.9, 12.1]","[68.4, 3.7]",15.060212,-0.59168583,Ground Pass,,,,,,,,,,,True,From Free Kick
3857289,Argentina,Marcos Javier Acuña,Nicolás Hernán Otamendi,1,37,1,"[64.3, 11.0]","[40.1, 25.1]",28.008034,2.6140323,Ground Pass,,,,,,,,,,,True,From Free Kick
3857289,Argentina,Nicolás Hernán Otamendi,Gonzalo Ariel Montiel,1,39,1,"[38.8, 30.3]","[45.3, 64.7]",35.008713,1.3840446,Ground Pass,,,,,,,,,,,,From Free Kick
3857289,Argentina,Gonzalo Ariel Montiel,Ángel Fabián Di María Hernández,1,45,1,"[71.3, 65.5]","[69.2, 73.7]",8.464632,1.8215055,Ground Pass,,,,,,,,,,,,From Free Kick
3857289,Argentina,Ángel Fabián Di María Hernández,Guido Rodríguez,1,47,1,"[67.5, 73.9]","[56.7, 51.7]",24.687649,-2.0235748,Ground Pass,,,,,,,,,,,,From Free Kick
3857289,Argentina,Guido Rodríguez,Lionel Andrés Messi Cuccittini,1,48,1,"[56.7, 51.7]","[62.9, 53.0]",6.3348246,0.20668322,Ground Pass,,,,,,,,,,,,From Free Kick
3857289,Argentina,Lionel Andrés Messi Cuccittini,Alexis Mac Allister,1,52,1,"[65.9, 36.0]","[76.5, 21.6]",17.880716,-0.93624353,Ground Pass,,,,,,,,,,,True,From Free Kick
3857289,Argentina,Alexis Mac Allister,Marcos Javier Acuña,1,54,1,"[80.8, 19.7]","[96.8, 6.6]",20.678734,-0.6860698,Ground Pass,,,,,,,,,,,,From Free Kick
3857289,Argentina,Marcos Javier Acuña,,1,57,1,"[99.8, 6.1]","[109.9, 45.2]",40.38341,1.31801,High Pass,,,True,,,,Incomplete,,,,,From Free Kick
3857289,Argentina,Gonzalo Ariel Montiel,Ángel Fabián Di María Hernández,2,1,1,"[93.0, 60.1]","[106.1, 70.7]",16.85141,0.6803016,Ground Pass,Recovery,,,,,,,,,,,From Free Kick
3857289,Argentina,Ángel Fabián Di María Hernández,Rodrigo Javier De Paul,2,7,1,"[105.3, 62.5]","[99.0, 55.5]",9.417537,-2.3036115,Ground Pass,,,,,,,,,,,,From Free Kick
3857289,Argentina,Rodrigo Javier De Paul,,2,11,1,"[112.0, 68.8]","[112.3, 65.0]",3.8118236,-1.4920124,Low Pass,,,,,,,Incomplete,,,,,From Free Kick
3857289,Argentina,Gonzalo Ariel Montiel,Nicolás Hernán Otamendi,2,28,1,"[100.1, 80.0]","[72.2, 72.3]",28.943048,-2.8723104,Low Pass,Throw-in,,,,,,,,,,,From Throw In
3857289,Argentina,Nicolás Hernán Otamendi,Lisandro Martínez,2,30,1,"[72.2, 71.0]","[57.2, 52.2]",24.05078,-2.2442386,Ground Pass,,,,,,,,,,,,From Throw In
3857289,Argentina,Lisandro Martínez,Nicolás Hernán Otamendi,2,35,1,"[55.9, 52.8]","[62.9, 69.1]",17.739504,1.1651644,Ground Pass,,,,,,,,,,,,From Throw In
3857289,Argentina,Nicolás Hernán Otamendi,Gonzalo Ariel Montiel,2,37,1,"[69.7, 70.7]","[83.3, 76.1]",14.63284,0.3779683,Ground Pass,,,,,,,,,,,,From Throw In
3857289,Argentina,Nicolás Hernán Otamendi,Damián Emiliano Martínez,3,14,1,"[39.9, 67.4]","[12.2, 47.1]",34.342102,-2.509157,Ground Pass,Recovery,,,,,,,,,,,Regular Play
3857289,Argentina,Damián Emiliano Martínez,Marcos Javier Acuña,3,18,1,"[12.2, 44.1]","[21.7, 17.8]",27.96319,-1.224164,Ground Pass,,,,,,,,,,,,Regular Play
3857289,Argentina,Marcos Javier Acuña,Damián Emiliano Martínez,3,23,1,"[22.8, 11.5]","[6.8, 35.7]",29.011032,2.154975,Ground Pass,,,,,,,,,,,,Regular Play
3857289,Argentina,Damián Emiliano Martínez,Nicolás Hernán Otamendi,3,27,1,"[7.8, 38.1]","[15.4, 55.2]",18.71283,1.152572,Ground Pass,,,,,,,,,,,,Regular Play
3857289,Argentina,Nicolás Hernán Otamendi,Gonzalo Ariel Montiel,3,33,1,"[20.9, 50.3]","[30.4, 69.6]",21.511393,1.1133857,Ground Pass,,,,,,,,,,,,Regular Play
3857289,Argentina,Gonzalo Ariel Montiel,Nicolás Hernán Otamendi,3,35,1,"[31.4, 72.0]","[20.9, 53.3]",21.44621,-2.0824237,Ground Pass,,,,,,,,,,,,Regular Play
3857289,Argentina,Nicolás Hernán Otamendi,Lisandro Martínez,3,38,1,"[20.9, 51.4]","[15.4, 24.6]",27.358545,-1.7732098,Ground Pass,,,,,,,,,,,,Regular Play
3857289,Argentina,Lisandro Martínez,Damián Emiliano Martínez,3,40,1,"[14.6, 20.8]","[7.3, 37.0]",17.768793,1.9941635,Ground Pass,,,,,,,,,,,,Regular Play
3857289,Argentina,Damián Emiliano Martínez,Nicolás Hernán Otamendi,3,43,1,"[6.5, 39.2]","[6.8, 54.7]",15.502903,1.5514439,Ground Pass,,,,,,,,,,,True,Regular Play
3857289,Argentina,Nicolás Hernán Otamendi,Gonzalo Ariel Montiel,3,45,1,"[7.3, 55.8]","[13.8, 72.3]",17.734148,1.1955255,Ground Pass,,,,,,,,,,,,Regular Play
3857289,Argentina,Gonzalo Ariel Montiel,Lionel Andrés Messi Cuccittini,3,47,1,"[14.6, 73.1]","[54.2, 42.5]",50.04518,-0.6578886,High Pass,,,,,,,Incomplete,,,,,Regular Play
3857289,Argentina,Marcos Javier Acuña,Alexis Mac Allister,3,52,1,"[34.4, 20.2]","[42.0, 23.7]",8.367198,0.43157306,Low Pass,Recovery,,,,,,,,,,,Regular Play
3857289,Argentina,Alexis Mac Allister,Marcos Javier Acuña,3,54,1,"[42.0, 23.7]","[36.9, 14.8]",10.25768,-2.0911517,Ground Pass,,,,,,,,,,,,Regular Play
3857289,Argentina,Marcos Javier Acuña,Guido Rodríguez,3,56,1,"[40.1, 9.9]","[37.4, 26.5]",16.818146,1.7320349,Ground Pass,,,,,,,,,,,,Regular Play
3857289,Argentina,Guido Rodríguez,Rodrigo Javier De Paul,3,58,1,"[38.5, 26.2]","[41.8, 38.4]",12.638433,1.3066262,Ground Pass,,,,,,,,,,,,Regular Play
3857289,Argentina,Rodrigo Javier De Paul,Ángel Fabián Di María Hernández,4,1,1,"[41.8, 40.6]","[57.2, 69.3]",32.570694,1.0783106,Ground Pass,,,,,,,,,,,,Regular Play
3857289,Argentina,Ángel Fabián Di María Hernández,Lionel Andrés Messi Cuccittini,4,6,1,"[75.4, 66.6]","[74.9, 54.1]",12.509996,-1.610775,Ground Pass,,,,,,,,,,,,Regular Play
3857289,Argentina,Lionel Andrés Messi Cuccittini,Alexis Mac Allister,4,9,1,"[73.2, 47.1]","[89.5, 40.0]",17.779202,-0.41080013,Ground Pass,,,,,,,,,,,,Regular Play
3857289,Argentina,Alexis Mac Allister,Ángel Fabián Di María Hernández,4,9,1,"[89.5, 39.8]","[88.4, 49.2]",9.464143,1.6872878,Ground Pass,,,,,,,Incomplete,,,,True,Regular Play
3857289,Argentina,Rodrigo Javier De Paul,Nicolás Hernán Otamendi,6,9,1,"[51.8, 57.9]","[43.4, 52.5]",9.985991,-2.5702553,Ground Pass,Free Kick,,,,,,,,,,,From Free Kick
3857289,Argentina,Nicolás Hernán Otamendi,Rodrigo Javier De Paul,6,10,1,"[43.4, 52.5]","[46.6, 59.6]",7.787811,1.1473569,Ground Pass,,,,,,,,,,,,From Free Kick
3857289,Argentina,Rodrigo Javier De Paul,Nicolás Hernán Otamendi,6,12,1,"[47.2, 59.3]","[35.8, 48.7]",15.566631,-2.3925421,Ground Pass,,,,,,,,,,,,From Free Kick
3857289,Argentina,Nicolás Hernán Otamendi,Guido Rodríguez,6,15,1,"[34.7, 45.7]","[45.3, 37.6]",13.34054,-0.6524964,Ground Pass,,,,,,,,,,,,From Free Kick
3857289,Argentina,Guido Rodríguez,Nicolás Hernán Otamendi,6,17,1,"[45.8, 37.6]","[36.3, 47.9]",14.012137,2.3158123,Ground Pass,,,,,,,,,,,,From Free Kick
3857289,Argentina,Nicolás Hernán Otamendi,Lisandro Martínez,6,19,1,"[36.6, 46.0]","[34.7, 19.4]",26.66777,-1.6421038,Ground Pass,,,,,,,,,,,,From Free Kick
3857289,Argentina,Lisandro Martínez,Alexis Mac Allister,6,22,1,"[35.0, 15.1]","[49.6, 8.0]",16.234838,-0.45262876,Ground Pass,,,,,,,,,,,,From Free Kick
3857289,Argentina,Alexis Mac Allister,Guido Rodríguez,6,23,1,"[49.6, 8.0]","[46.9, 17.5]",9.876234,1.8477051,Ground Pass,,,,,,,,,,,,From Free Kick
3857289,Argentina,Guido Rodríguez,Alexis Mac Allister,6,25,1,"[46.9, 17.5]","[45.8, 7.2]",10.358571,-1.6771892,Ground Pass,,,,,,,,,,,,From Free Kick
3857289,Argentina,Alexis Mac Allister,Gonzalo Ariel Montiel,6,27,1,"[44.7, 5.8]","[26.8, 64.7]",61.55989,1.8658317,High Pass,,,,,True,,,,,,True,From Free Kick
3857289,Argentina,Gonzalo Ariel Montiel,Ángel Fabián Di María Hernández,6,33,1,"[25.5, 70.7]","[35.5, 74.5]",10.697663,0.36314702,Ground Pass,,,,,,,,,,,,From Free Kick
3857289,Argentina,Ángel Fabián Di María Hernández,Nicolás Hernán Otamendi,6,37,1,"[27.1, 66.6]","[12.2, 53.6]",19.773973,-2.4241898,Ground Pass,,,,,,,,,,,True,From Free Kick
3857289,Argentina,Nicolás Hernán Otamendi,Lisandro Martínez,6,43,1,"[26.0, 38.4]","[15.2, 21.3]",20.224985,-2.1341126,Ground Pass,,,,,,,,,,,,From Free Kick
3857289,Argentina,Lisandro Martínez,Damián Emiliano Martínez,6,46,1,"[14.6, 20.5]","[6.2, 36.0]",17.629805,2.067427,Ground Pass,,,,,,,,,,,,From Free Kick
3857289,Argentina,Damián Emiliano Martínez,Gonzalo Ariel Montiel,6,49,1,"[6.5, 38.7]","[22.8, 70.7]",35.912254,1.0996768,Ground Pass,,,,,,,,,,,,From Free Kick
3857289,Argentina,Gonzalo Ariel Montiel,Rodrigo Javier De Paul,6,52,1,"[26.6, 67.7]","[35.0, 73.9]",10.440307,0.63583845,Ground Pass,,,,,,,,,,,,From Free Kick
3857289,Argentina,Lionel Andrés Messi Cuccittini,Ángel Fabián Di María Hernández,8,7,1,"[7.8, 21.6]","[11.1, 20.5]",3.4785054,-0.32175055,Ground Pass,,,,,,,Incomplete,,,,,From Corner
3857289,Argentina,Damián Emiliano Martínez,Gonzalo Ariel Montiel,9,30,1,"[6.0, 36.0]","[21.1, 69.3]",36.563644,1.1450742,Ground Pass,Goal Kick,,,,,,,,,,,From Goal Kick
3857289,Argentina,Gonzalo Ariel Montiel,Nicolás Hernán Otamendi,9,35,1,"[26.8, 66.1]","[11.6, 52.5]",20.396078,-2.411693,Ground Pass,,,,,,,,,,,,From Goal Kick
3857289,Argentina,Nicolás Hernán Otamendi,Damián Emiliano Martínez,9,39,1,"[12.5, 47.9]","[8.4, 34.6]",13.917615,-1.8698236,Ground Pass,,,,,,,,,,,,From Goal Kick
3857289,Argentina,Damián Emiliano Martínez,Ángel Fabián Di María Hernández,9,45,1,"[13.3, 36.2]","[77.0, 60.9]",68.32115,0.36990607,High Pass,,,,,,,Incomplete,,,,,From Goal Kick
3857289,Argentina,Rodrigo Javier De Paul,Guido Rodríguez,9,51,1,"[51.3, 49.5]","[43.9, 27.8]",22.92706,-1.8994433,Low Pass,Recovery,,,,,,Incomplete,,,,,From Goal Kick
3857289,Argentina,Gonzalo Ariel Montiel,Damián Emiliano Martínez,9,55,1,"[33.1, 55.2]","[5.9, 40.0]",31.158947,-2.6320004,Low Pass,Recovery,,,,,,,,,,,From Goal Kick
3857289,Argentina,Damián Emiliano Martínez,Lisandro Martínez,9,58,1,"[7.6, 38.7]","[16.0, 28.6]",13.13659,-0.8770327,Ground Pass,,,,,,,,,,,,From Goal Kick
3857289,Argentina,Lisandro Martínez,Guido Rodríguez,10,2,1,"[22.2, 27.0]","[26.6, 30.8]",5.813777,0.7123576,Ground Pass,,,,,,,,,,,,From Goal Kick
3857289,Argentina,Guido Rodríguez,Rodrigo Javier De Paul,10,4,1,"[27.6, 32.4]","[41.5, 38.7]",15.261062,0.4255429,Ground Pass,,,,,,,,,,,,From Goal Kick
3857289,Argentina,Rodrigo Javier De Paul,Nicolás Hernán Otamendi,10,7,1,"[36.9, 38.4]","[25.5, 52.0]",17.745985,2.2684207,Ground Pass,,,,,,,,,,,True,From Goal Kick
3857289,Argentina,Nicolás Hernán Otamendi,Gonzalo Ariel Montiel,10,8,1,"[25.5, 52.2]","[39.0, 72.9]",24.713154,0.9928944,Ground Pass,,,,,,,,,,,,From Goal Kick
3857289,Argentina,Gonzalo Ariel Montiel,Rodrigo Javier De Paul,10,11,1,"[39.6, 72.9]","[44.7, 50.1]",23.363434,-1.3507346,Ground Pass,,,,,,,,,,,,From Goal Kick
3857289,Argentina,Rodrigo Javier De Paul,Nicolás Hernán Otamendi,10,26,1,"[56.4, 67.2]","[40.4, 59.8]",17.628386,-2.7083924,Ground Pass,Free Kick,,,,,,,,,,,From Free Kick
3857289,Argentina,Nicolás Hernán Otamendi,Rodrigo Javier De Paul,10,32,1,"[52.3, 41.9]","[55.1, 60.6]",18.908464,1.4221679,Ground Pass,,,,,,,,,,,,From Free Kick
3857289,Argentina,Rodrigo Javier De Paul,Nicolás Hernán Otamendi,10,34,1,"[48.8, 62.8]","[37.4, 48.2]",18.523499,-2.2337334,Ground Pass,,,,,,,,,,,True,From Free Kick
3857289,Argentina,Nicolás Hernán Otamendi,Gonzalo Ariel Montiel,10,38,1,"[38.8, 50.3]","[62.1, 72.3]",32.045124,0.75670844,Ground Pass,,,,,,,,,,,,From Free Kick
3857289,Argentina,Rodrigo Javier De Paul,Nicolás Hernán Otamendi,10,58,1,"[59.4, 65.0]","[50.7, 72.9]",11.7515955,2.40435,Ground Pass,Recovery,,,,,,,,,,,Regular Play
3857289,Argentina,Nicolás Hernán Otamendi,Lisandro Martínez,11,1,1,"[50.7, 69.6]","[38.0, 59.3]",16.351759,-2.460166,Ground Pass,,,,,,,,,,,,Regular Play
3857289,Argentina,Lisandro Martínez,Gonzalo Ariel Montiel,11,4,1,"[37.7, 58.2]","[55.9, 74.8]",24.63331,0.7394535,Ground Pass,,,,,,,,,,,True,Regular Play
3857289,Argentina,Gonzalo Ariel Montiel,Nicolás Hernán Otamendi,11,9,1,"[53.7, 71.5]","[40.9, 70.4]",12.847178,-3.0558658,Ground Pass,,,,,,,,,,,,Regular Play
3857289,Argentina,Nicolás Hernán Otamendi,Gonzalo Ariel Montiel,11,14,1,"[40.4, 67.2]","[48.8, 71.2]",9.303762,0.4444192,Ground Pass,,,,,,,,,,,,Regular Play
3857289,Argentina,Gonzalo Ariel Montiel,Lionel Andrés Messi Cuccittini,11,15,1,"[51.5, 73.7]","[57.0, 73.7]",5.5,0.0,Ground Pass,,,,,,,,,,,,Regular Play
3857289,Argentina,Lionel Andrés Messi Cuccittini,Lautaro Javier Martínez,11,21,1,"[63.2, 68.0]","[68.9, 64.7]",6.5863495,-0.5247958,Ground Pass,,,,,,,,,,,True,Regular Play
3857289,Argentina,Nicolás Hernán Otamendi,Lautaro Javier Martínez,11,32,1,"[64.8, 64.2]","[73.2, 63.9]",8.405355,-0.035699114,Low Pass,Recovery,,,,,,Incomplete,,,,True,Regular Play
3857289,Argentina,Gonzalo Ariel Montiel,Nicolás Hernán Otamendi,11,51,1,"[26.0, 80.0]","[16.0, 66.1]",17.123375,-2.1944401,Low Pass,Throw-in,,,,,,,,,,,From Throw In
3857289,Argentina,Nicolás Hernán Otamendi,Gonzalo Ariel Montiel,11,59,1,"[21.7, 56.3]","[34.2, 69.6]",18.252123,0.816396,Ground Pass,,,,,,,,,,,,From Throw In
3857289,Argentina,Gonzalo Ariel Montiel,Ángel Fabián Di María Hernández,12,2,1,"[39.6, 69.9]","[49.9, 73.4]",10.878419,0.32756445,Ground Pass,,,,,,,,,,,,From Throw In
3857289,Argentina,Ángel Fabián Di María Hernández,Nicolás Hernán Otamendi,12,5,1,"[43.1, 71.5]","[24.9, 53.6]",25.527435,-2.3645046,Ground Pass,,,,,,,,,,,,From Throw In
3857289,Argentina,Nicolás Hernán Otamendi,Lisandro Martínez,12,11,1,"[31.2, 38.7]","[45.6, 8.5]",33.457436,-1.1258631,High Pass,,,,,,,,,,,,From Throw In
3857289,Argentina,Lisandro Martínez,Alexis Mac Allister,12,15,1,"[51.8, 6.6]","[72.2, 11.0]",20.869116,0.21243203,Ground Pass,,,,,,,,,,,True,From Throw In
3857289,Argentina,Alexis Mac Allister,Marcos Javier Acuña,12,16,1,"[75.4, 9.1]","[74.9, 1.8]",7.3171034,-1.6391827,Ground Pass,,,,,,,,,,,,From Throw In
3857289,Argentina,Marcos Javier Acuña,Alexis Mac Allister,12,17,1,"[74.9, 1.8]","[77.3, 3.4]",2.8844411,0.5880026,Ground Pass,,,,,,,Incomplete,,,,,From Throw In
3857289,Argentina,Marcos Javier Acuña,Lisandro Martínez,12,22,1,"[69.2, 0.1]","[60.8, 1.5]",8.515867,2.976444,Low Pass,Throw-in,,,,,,,,,,,From Throw In
3857289,Argentina,Lisandro Martínez,Guido Rodríguez,12,24,1,"[59.7, 1.2]","[46.9, 6.1]",13.705838,2.7759902,Ground Pass,,,,,,,,,,,,From Throw In
3857289,Argentina,Guido Rodríguez,Lisandro Martínez,12,26,1,"[43.9, 11.5]","[56.7, 5.6]",14.094325,-0.43191224,Ground Pass,,,,,,,,,,,,From Throw In
3857289,Argentina,Lisandro Martínez,Rodrigo Javier De Paul,12,29,1,"[58.0, 3.7]","[82.7, 27.5]",34.300583,0.7668436,High Pass,,,,,,,,,,,,From Throw In
3857289,Argentina,Gonzalo Ariel Montiel,Guido Rodríguez,12,56,1,"[57.8, 80.0]","[52.1, 50.1]",30.438463,-1.7591715,Low Pass,Throw-in,,,,,,,,,,,From Throw In
3857289,Argentina,Guido Rodríguez,Nicolás Hernán Otamendi,12,59,1,"[47.7, 47.3]","[38.5, 61.2]",16.668833,2.155471,Ground Pass,,,,,,,,,,,,From Throw In
3857289,Argentina,Nicolás Hernán Otamendi,Damián Emiliano Martínez,13,3,1,"[39.0, 56.6]","[18.4, 38.7]",27.290474,-2.4262097,Ground Pass,,,,,,,,,,,,From Throw In
3857289,Argentina,Damián Emiliano Martínez,Guido Rodríguez,13,5,1,"[18.4, 38.7]","[22.8, 43.6]",6.5855904,0.8391099,Ground Pass,,,,,,,,,,,,From Throw In
3857289,Argentina,Guido Rodríguez,Nicolás Hernán Otamendi,13,11,1,"[28.5, 38.7]","[42.8, 63.9]",28.974644,1.0546467,Ground Pass,,,,,,,,,,,,From Throw In
3857289,Argentina,Nicolás Hernán Otamendi,Gonzalo Ariel Montiel,13,14,1,"[48.0, 66.9]","[72.7, 73.7]",25.618938,0.26864848,Ground Pass,,,,,,,,,,,,From Throw In
3857289,Argentina,Rodrigo Javier De Paul,Nicolás Hernán Otamendi,13,43,1,"[73.0, 69.9]","[59.4, 63.9]",14.864723,-2.7261004,Ground Pass,Free Kick,,,,,,,,,,,From Free Kick
3857289,Argentina,Nicolás Hernán Otamendi,Rodrigo Javier De Paul,13,46,1,"[57.8, 62.0]","[68.1, 68.8]",12.342204,0.58350825,Ground Pass,,,,,,,,,,,,From Free Kick
3857289,Argentina,Rodrigo Javier De Paul,Guido Rodríguez,13,52,1,"[66.7, 42.2]","[53.7, 34.9]",14.909393,-2.6299338,Ground Pass,,,,,,,,,,,,From Free Kick
3857289,Argentina,Guido Rodríguez,Lisandro Martínez,13,59,1,"[62.1, 31.9]","[62.7, 11.5]",20.408821,-1.541393,Ground Pass,,,,,,,,,,,,From Free Kick
3857289,Argentina,Lisandro Martínez,Guido Rodríguez,14,1,1,"[62.7, 11.5]","[56.1, 24.0]",14.135417,2.0565922,Ground Pass,,,,,,,,,,,,From Free Kick
3857289,Argentina,Guido Rodríguez,Lionel Andrés Messi Cuccittini,14,3,1,"[56.1, 24.0]","[64.6, 29.4]",10.070253,0.5659676,Ground Pass,,,,,,,,,,,,From Free Kick
3857289,Argentina,Lionel Andrés Messi Cuccittini,Lisandro Martínez,14,5,1,"[62.9, 26.7]","[61.6, 11.3]",15.454773,-1.6550122,Ground Pass,,,,,,,,,,,,From Free Kick
3857289,Argentina,Lisandro Martínez,Marcos Javier Acuña,14,8,1,"[63.7, 9.4]","[74.1, 6.4]",10.824047,-0.2808377,Ground Pass,,,,,,,,,,,True,From Free Kick
3857289,Argentina,Marcos Javier Acuña,Lionel Andrés Messi Cuccittini,14,9,1,"[75.4, 6.4]","[69.4, 15.6]",10.983624,2.1486983,Ground Pass,,,,,,,,,,,True,From Free Kick
3857289,Argentina,Lionel Andrés Messi Cuccittini,Rodrigo Javier De Paul,14,12,1,"[73.8, 17.2]","[74.6, 28.6]",11.428036,1.5007358,Ground Pass,,,,,,,,,,,,From Free Kick
3857289,Argentina,Lautaro Javier Martínez,Guido Rodríguez,15,19,1,"[39.3, 12.1]","[25.8, 17.0]",14.361754,2.7934165,Ground Pass,,,,,,,Incomplete,,,,True,From Throw In
3857289,Argentina,Guido Rodríguez,Nicolás Hernán Otamendi,15,43,1,"[26.0, 23.2]","[27.4, 37.6]",14.4678955,1.4738787,Ground Pass,Free Kick,,,,,,,,,,,From Free Kick
3857289,Argentina,Nicolás Hernán Otamendi,Gonzalo Ariel Montiel,15,46,1,"[27.1, 39.5]","[47.5, 69.1]",35.948853,0.9673628,Ground Pass,,,,,,,,,,,,From Free Kick
3857289,Argentina,Gonzalo Ariel Montiel,Nicolás Hernán Otamendi,15,50,1,"[57.2, 73.1]","[36.3, 64.2]",22.716074,-2.739013,Ground Pass,,,,,,,,,,,,From Free Kick
3857289,Argentina,Nicolás Hernán Otamendi,Guido Rodríguez,15,53,1,"[36.3, 59.6]","[38.0, 37.0]",22.663847,-1.4957165,Ground Pass,,,,,,,,,,,,From Free Kick
3857289,Argentina,Guido Rodríguez,Lionel Andrés Messi Cuccittini,16,0,1,"[51.8, 32.2]","[58.0, 33.2]",6.2801275,0.15991312,Ground Pass,,,,,,,,,,,,From Free Kick
3857289,Argentina,Lionel Andrés Messi Cuccittini,Alexis Mac Allister,16,2,1,"[58.0, 30.3]","[75.7, 13.4]",24.472433,-0.7622809,Ground Pass,,,,,,,,,,,True,From Free Kick
3857289,Argentina,Alexis Mac Allister,Lionel Andrés Messi Cuccittini,16,13,1,"[96.3, 9.4]","[90.1, 13.2]",7.2718635,2.5917394,Ground Pass,,,,,,,,,,,,From Free Kick
3857289,Argentina,Lionel Andrés Messi Cuccittini,Rodrigo Javier De Paul,16,15,1,"[94.1, 18.0]","[86.8, 20.8]",7.8185678,2.775337,Ground Pass,,,,,,,,,,,,From Free Kick
3857289,Argentina,Rodrigo Javier De Paul,Alexis Mac Allister,16,16,1,"[87.1, 20.8]","[87.6, 17.2]",3.6345563,-1.4327903,Ground Pass,,,,,,,Unknown,,,,,From Free Kick
3857289,Argentina,Rodrigo Javier De Paul,Nicolás Hernán Otamendi,16,39,1,"[81.9, 25.9]","[69.2, 49.0]",26.360956,2.0734735,Ground Pass,,,,,,,,,,,,Other
3857289,Argentina,Nicolás Hernán Otamendi,Guido Rodríguez,16,43,1,"[70.3, 51.1]","[65.4, 38.7]",13.333041,-1.9471245,Ground Pass,,,,,,,,,,,,Other
3857289,Argentina,Guido Rodríguez,Alexis Mac Allister,16,46,1,"[69.7, 31.1]","[78.7, 24.6]",11.101802,-0.62548506,Ground Pass,,,,,,,,,,,,Other
3857289,Argentina,Alexis Mac Allister,Lionel Andrés Messi Cuccittini,16,49,1,"[77.3, 33.2]","[94.7, 44.4]",20.692993,0.5719182,Ground Pass,,,,,,,,,,,,Other
3857289,Argentina,Lisandro Martínez,Lautaro Javier Martínez,16,56,1,"[62.1, 27.3]","[84.4, 34.3]",23.372847,0.30416104,High Pass,Interception,,,,,,Pass Offside,,,,True,Regular Play
3857289,Argentina,Guido Rodríguez,,18,15,1,"[33.1, 1.8]","[63.7, 2.6]",30.610456,0.026137836,High Pass,Recovery,,,,,,Incomplete,,,,,From Throw In
3857289,Argentina,Guido Rodríguez,Ángel Fabián Di María Hernández,18,23,1,"[35.2, 28.4]","[51.0, 33.5]",16.60271,0.31222704,Ground Pass,,,,,,,,,,,True,From Throw In
3857289,Argentina,Damián Emiliano Martínez,Nicolás Hernán Otamendi,20,50,1,"[8.1, 40.0]","[16.5, 49.8]",12.907362,0.86217004,Ground Pass,,,,,,,,,,,,From Keeper
3857289,Argentina,Nicolás Hernán Otamendi,Guido Rodríguez,20,57,1,"[27.6, 49.2]","[22.8, 29.2]",20.567936,-1.8063413,Ground Pass,,,,,,,,,,,,From Keeper
3857289,Argentina,Guido Rodríguez,Lisandro Martínez,20,59,1,"[22.2, 28.9]","[34.4, 11.0]",21.66218,-0.9725508,Ground Pass,,,,,,,,,,,,From Keeper
3857289,Argentina,Lisandro Martínez,Guido Rodríguez,21,1,1,"[34.4, 11.0]","[24.1, 22.7]",15.587815,2.2926438,Ground Pass,,,,,,,,,,,,From Keeper
3857289,Argentina,Guido Rodríguez,Nicolás Hernán Otamendi,21,7,1,"[38.0, 31.9]","[49.9, 64.7]",34.891975,1.2227598,Ground Pass,,,,,,,,,,,,From Keeper
3857289,Argentina,Nicolás Hernán Otamendi,Gonzalo Ariel Montiel,21,10,1,"[51.0, 70.4]","[65.6, 71.5]",14.641379,0.07520039,Ground Pass,,,,,,,,,,,,From Keeper
3857289,Argentina,Gonzalo Ariel Montiel,Nicolás Hernán Otamendi,21,12,1,"[63.2, 71.8]","[13.8, 73.1]",49.417103,3.115283,High Pass,,,,,,,,,,,True,From Keeper
3857289,Argentina,Nicolás Hernán Otamendi,Damián Emiliano Martínez,21,18,1,"[13.8, 73.1]","[4.3, 53.3]",21.961102,-2.018152,Ground Pass,,,,,,,,,,,,From Keeper
3857289,Argentina,Damián Emiliano Martínez,,21,20,1,"[4.9, 53.6]","[51.3, 59.8]",46.812393,0.13283385,High Pass,,,,,,,Incomplete,,,,True,From Keeper
3857289,Argentina,Rodrigo Javier De Paul,Lionel Andrés Messi Cuccittini,21,24,1,"[46.6, 58.7]","[58.9, 40.6]",21.883783,-0.97392195,Ground Pass,,,,,,,Incomplete,,,,,From Keeper
3857289,Argentina,Lisandro Martínez,Rodrigo Javier De Paul,22,37,1,"[72.2, 14.0]","[69.2, 27.0]",13.341664,1.7975951,Ground Pass,Free Kick,,,,,,,,,,,From Free Kick
3857289,Argentina,Rodrigo Javier De Paul,Lisandro Martínez,22,39,1,"[69.2, 27.0]","[75.1, 14.5]",13.822446,-1.1297985,Ground Pass,,,,,,,,,,,,From Free Kick
3857289,Argentina,Lisandro Martínez,Guido Rodríguez,22,41,1,"[75.4, 12.9]","[57.0, 23.2]",21.086725,2.63127,Ground Pass,,,,,,,,,,,,From Free Kick
3857289,Argentina,Guido Rodríguez,Nicolás Hernán Otamendi,22,45,1,"[62.1, 30.8]","[61.8, 43.8]",13.003461,1.5938692,Ground Pass,,,,,,,,,,,,From Free Kick
3857289,Argentina,Nicolás Hernán Otamendi,Ángel Fabián Di María Hernández,22,47,1,"[62.9, 50.3]","[75.7, 71.2]",24.508162,1.0212798,Ground Pass,,,,,,,,,,,,From Free Kick
3857289,Argentina,Ángel Fabián Di María Hernández,Lionel Andrés Messi Cuccittini,22,53,1,"[80.3, 57.9]","[86.0, 56.0]",6.0083275,-0.32175055,Ground Pass,,,,,,,Incomplete,,,,True,From Free Kick
3857289,Argentina,Lautaro Javier Martínez,Lionel Andrés Messi Cuccittini,22,56,1,"[95.8, 43.0]","[99.3, 48.2]",6.2681737,0.978369,Ground Pass,Recovery,,,,,,Incomplete,,,,,From Free Kick
3857289,Argentina,Marcos Javier Acuña,Guido Rodríguez,23,5,1,"[63.2, 0.1]","[51.8, 19.7]",22.674215,2.097601,Low Pass,Throw-in,,,,,,,,,,,From Throw In
3857289,Argentina,Guido Rodríguez,Nicolás Hernán Otamendi,23,9,1,"[50.2, 22.1]","[52.9, 41.9]",19.983242,1.4352686,Ground Pass,,,,,,,,,,,,From Throw In
3857289,Argentina,Nicolás Hernán Otamendi,Alexis Mac Allister,23,13,1,"[52.9, 41.9]","[56.1, 33.5]",8.988882,-1.2068174,Ground Pass,,,,,,,,,,,,From Throw In
3857289,Argentina,Alexis Mac Allister,Guido Rodríguez,23,15,1,"[45.8, 28.1]","[32.8, 26.7]",13.075168,-3.0343137,Ground Pass,,,,,,,,,,,True,From Throw In
3857289,Argentina,Guido Rodríguez,Lisandro Martínez,23,17,1,"[33.6, 27.3]","[46.4, 6.9]",24.083189,-1.0104364,Low Pass,,,,,,,,,,,,From Throw In
3857289,Argentina,Lisandro Martínez,Guido Rodríguez,23,23,1,"[56.7, 6.6]","[44.5, 15.1]",14.869096,2.5330706,Ground Pass,,,,,,,,,,,,From Throw In
3857289,Argentina,Guido Rodríguez,Gonzalo Ariel Montiel,23,27,1,"[50.2, 23.5]","[75.1, 70.1]",52.83531,1.0800596,High Pass,,,,,True,,,,,,,From Throw In
3857289,Argentina,Gonzalo Ariel Montiel,Lionel Andrés Messi Cuccittini,23,30,1,"[75.1, 70.1]","[73.0, 63.9]",6.545991,-1.8973777,Ground Pass,,,,,,,,,,,,From Throw In
3857289,Argentina,Gonzalo Ariel Montiel,Nicolás Hernán Otamendi,23,45,1,"[90.1, 80.0]","[62.9, 69.3]",29.228924,-2.7668042,Low Pass,Throw-in,,,,,,,,,,,From Throw In
3857289,Argentina,Nicolás Hernán Otamendi,Alexis Mac Allister,23,49,1,"[62.7, 66.9]","[70.0, 53.0]",15.700318,-1.0872084,Ground Pass,,,,,,,,,,,,From Throw In
3857289,Argentina,Alexis Mac Allister,Lisandro Martínez,23,53,1,"[73.5, 46.8]","[68.9, 18.6]",28.572714,-1.7324928,Ground Pass,,,,,,,,,,,,From Throw In
3857289,Argentina,Lisandro Martínez,Ángel Fabián Di María Hernández,23,56,1,"[70.0, 16.4]","[80.8, 10.2]",12.453112,-0.52113813,Ground Pass,,,,,,,,,,,,From Throw In
3857289,Argentina,Marcos Javier Acuña,Alexis Mac Allister,24,4,1,"[92.0, 10.4]","[86.0, 18.0]",9.682975,2.2390857,Ground Pass,,,,,,,,,,,,From Throw In
3857289,Argentina,Alexis Mac Allister,Lionel Andrés Messi Cuccittini,24,6,1,"[85.7, 21.3]","[85.5, 57.9]",36.600548,1.5762608,High Pass,,,,,,,,,,,,From Throw In
3857289,Argentina,Lionel Andrés Messi Cuccittini,Rodrigo Javier De Paul,24,10,1,"[90.9, 54.9]","[96.0, 49.0]",7.798718,-0.8579976,Ground Pass,,,,,,,,,,,,From Throw In
3857289,Argentina,Rodrigo Javier De Paul,Gonzalo Ariel Montiel,24,11,1,"[99.3, 52.0]","[108.8, 62.3]",14.012137,0.8257802,Ground Pass,,,,,,,Pass Offside,,,,,From Throw In
3857289,Argentina,Damián Emiliano Martínez,Nicolás Hernán Otamendi,26,12,1,"[6.0, 36.0]","[8.1, 49.2]",13.366002,1.4130276,Ground Pass,Goal Kick,,,,,,,,,,,From Goal Kick
3857289,Argentina,Nicolás Hernán Otamendi,Lisandro Martínez,26,15,1,"[9.2, 51.1]","[10.3, 22.4]",28.721073,-1.5324875,Ground Pass,,,,,,,,,,,,From Goal Kick
3857289,Argentina,Lisandro Martínez,Damián Emiliano Martínez,26,18,1,"[9.7, 19.4]","[4.9, 38.4]",19.59694,1.8182502,Ground Pass,,,,,,,,,,,,From Goal Kick
3857289,Argentina,Damián Emiliano Martínez,Gonzalo Ariel Montiel,26,21,1,"[5.4, 38.4]","[27.1, 70.7]",38.912464,0.9792299,Ground Pass,,,,,,,,,,,,From Goal Kick
3857289,Argentina,Gonzalo Ariel Montiel,Ángel Fabián Di María Hernández,26,24,1,"[34.2, 71.8]","[49.6, 70.1]",15.493547,-0.10994446,Ground Pass,,,,,,,,,,,,From Goal Kick
3857289,Argentina,Rodrigo Javier De Paul,Ángel Fabián Di María Hernández,26,39,1,"[79.2, 72.6]","[90.6, 72.3]",11.403947,-0.026309717,Ground Pass,Interception,,,,,,,,,,,Regular Play
3857289,Argentina,Ángel Fabián Di María Hernández,Rodrigo Javier De Paul,26,42,1,"[86.3, 72.3]","[75.1, 70.7]",11.313708,-2.9996955,Ground Pass,,,,,,,,,,,True,Regular Play
3857289,Argentina,Rodrigo Javier De Paul,Guido Rodríguez,26,44,1,"[73.5, 65.3]","[63.7, 54.7]",14.436066,-2.316999,Ground Pass,,,,,,,,,,,,Regular Play
3857289,Argentina,Guido Rodríguez,Alexis Mac Allister,26,47,1,"[66.2, 47.6]","[73.8, 37.9]",12.322743,-0.90619445,Ground Pass,,,,,,,,,,,,Regular Play
3857289,Argentina,Alexis Mac Allister,Guido Rodríguez,26,48,1,"[73.8, 37.9]","[64.8, 40.8]",9.455687,2.8298752,Ground Pass,,,,,,,,,,,,Regular Play
3857289,Argentina,Guido Rodríguez,Marcos Javier Acuña,26,49,1,"[64.8, 40.8]","[63.7, 21.0]",19.830532,-1.6262949,Ground Pass,,,,,,,,,,,,Regular Play
3857289,Argentina,Marcos Javier Acuña,Guido Rodríguez,26,51,1,"[63.7, 21.0]","[63.5, 34.1]",13.101526,1.5860623,Ground Pass,,,,,,,,,,,,Regular Play
3857289,Argentina,Guido Rodríguez,Rodrigo Javier De Paul,26,54,1,"[64.0, 37.9]","[68.9, 62.3]",24.887146,1.3726127,Ground Pass,,,,,,,,,,,,Regular Play
3857289,Argentina,Rodrigo Javier De Paul,Lionel Andrés Messi Cuccittini,26,57,1,"[83.0, 64.7]","[89.5, 65.0]",6.5069194,0.046121117,Ground Pass,,,,,,,,,,,,Regular Play
3857289,Argentina,Lionel Andrés Messi Cuccittini,Rodrigo Javier De Paul,26,59,1,"[90.3, 65.0]","[83.0, 63.1]",7.543209,-2.886968,Ground Pass,,,,,,,,,,,True,Regular Play
3857289,Argentina,Rodrigo Javier De Paul,Alexis Mac Allister,27,1,1,"[83.0, 58.2]","[81.9, 33.5]",24.724482,-1.6153014,Ground Pass,,,,,,,,,,,,Regular Play
3857289,Argentina,Alexis Mac Allister,Marcos Javier Acuña,27,3,1,"[84.9, 26.7]","[95.2, 10.2]",19.450964,-1.0127419,Ground Pass,,,,,,,,,,,,Regular Play
3857289,Argentina,Lisandro Martínez,Lautaro Javier Martínez,28,43,1,"[35.5, 29.7]","[50.4, 23.7]",16.062689,-0.38281852,High Pass,Recovery,,,,,,Incomplete,,,,True,From Free Kick
3857289,Argentina,Lisandro Martínez,Lautaro Javier Martínez,28,55,1,"[28.5, 20.2]","[45.3, 16.7]",17.160711,-0.20539539,High Pass,Recovery,,,,,,Incomplete,,,,,From Free Kick
3857289,Argentina,Nicolás Hernán Otamendi,Guido Rodríguez,29,30,1,"[53.2, 34.9]","[37.4, 26.7]",17.801123,-2.662871,Ground Pass,Free Kick,,,,,,,,,,,From Free Kick
3857289,Argentina,Guido Rodríguez,Alexis Mac Allister,29,34,1,"[36.9, 27.8]","[49.6, 33.5]",13.920488,0.42187127,Ground Pass,,,,,,,,,,,,From Free Kick
3857289,Argentina,Alexis Mac Allister,Guido Rodríguez,29,34,1,"[49.6, 33.5]","[38.0, 28.9]",12.478782,-2.7640624,Ground Pass,,,,,,,,,,,,From Free Kick
3857289,Argentina,Guido Rodríguez,Nicolás Hernán Otamendi,29,36,1,"[37.7, 28.4]","[38.5, 52.0]",23.613556,1.536911,Ground Pass,,,,,,,,,,,,From Free Kick
3857289,Argentina,Nicolás Hernán Otamendi,Rodrigo Javier De Paul,29,38,1,"[41.2, 54.9]","[55.6, 71.8]",22.202929,0.86510116,Ground Pass,,,,,,,,,,,,From Free Kick
3857289,Argentina,Rodrigo Javier De Paul,Nicolás Hernán Otamendi,29,44,1,"[44.2, 69.6]","[26.3, 67.4]",18.034689,-3.019301,Ground Pass,,,,,,,,,,,True,From Free Kick
3857289,Argentina,Nicolás Hernán Otamendi,Guido Rodríguez,29,47,1,"[26.6, 65.0]","[22.0, 45.4]",20.13256,-1.8013182,Ground Pass,,,,,,,,,,,,From Free Kick
3857289,Argentina,Guido Rodríguez,Ángel Fabián Di María Hernández,29,50,1,"[25.8, 43.3]","[49.9, 23.5]",31.190544,-0.68775976,Ground Pass,,,,,,,,,,,,From Free Kick
3857289,Argentina,Ángel Fabián Di María Hernández,Marcos Javier Acuña,29,56,1,"[74.9, 7.7]","[78.9, 2.6]",6.481512,-0.90569365,Ground Pass,,,,,,,,,,,,From Free Kick
3857289,Argentina,Marcos Javier Acuña,Lisandro Martínez,29,56,1,"[78.9, 2.6]","[48.0, 5.0]",30.993063,3.0640783,Ground Pass,,,,,,,,,,,,From Free Kick
3857289,Argentina,Lisandro Martínez,Guido Rodríguez,29,58,1,"[44.7, 3.9]","[38.5, 14.0]",11.85116,2.1213458,Ground Pass,,,,,,,,,,,,From Free Kick
3857289,Argentina,Guido Rodríguez,Gonzalo Ariel Montiel,30,2,1,"[39.9, 18.0]","[98.5, 78.8]",84.44288,0.80382156,High Pass,,,,,True,,Out,,,,,From Free Kick
3857289,Argentina,Nicolás Hernán Otamendi,Rodrigo Javier De Paul,30,20,1,"[76.2, 70.1]","[75.4, 74.2]",4.1773195,1.7634971,Ground Pass,,,,,,,,,,,,Regular Play
3857289,Argentina,Rodrigo Javier De Paul,Alexis Mac Allister,30,22,1,"[70.0, 72.6]","[67.8, 59.0]",13.776793,-1.7311717,Ground Pass,,,,,,,,,,,,Regular Play
3857289,Argentina,Lionel Andrés Messi Cuccittini,Alexis Mac Allister,30,46,1,"[68.1, 53.9]","[64.0, 47.9]",7.267049,-2.1702487,Ground Pass,Free Kick,,,,,,,,,,,From Free Kick
3857289,Argentina,Alexis Mac Allister,Rodrigo Javier De Paul,30,48,1,"[64.0, 47.9]","[62.9, 55.8]",7.9762144,1.7091473,Ground Pass,,,,,,,,,,,,From Free Kick
3857289,Argentina,Rodrigo Javier De Paul,Guido Rodríguez,30,51,1,"[64.6, 55.2]","[54.8, 33.5]",23.810291,-1.9949907,Ground Pass,,,,,,,,,,,,From Free Kick
3857289,Argentina,Guido Rodríguez,Lisandro Martínez,30,53,1,"[54.8, 33.5]","[65.6, 19.4]",17.760912,-0.91716045,Ground Pass,,,,,,,,,,,,From Free Kick
3857289,Argentina,Lisandro Martínez,Guido Rodríguez,30,55,1,"[65.6, 19.4]","[57.5, 33.2]",16.001562,2.10157,Ground Pass,,,,,,,,,,,,From Free Kick
3857289,Argentina,Guido Rodríguez,Nicolás Hernán Otamendi,30,57,1,"[55.9, 33.8]","[55.9, 46.8]",13.0,1.5707964,Ground Pass,,,,,,,,,,,,From Free Kick
3857289,Argentina,Nicolás Hernán Otamendi,Guido Rodríguez,30,59,1,"[56.4, 46.8]","[56.1, 32.4]",14.403125,-1.5916266,Ground Pass,,,,,,,,,,,,From Free Kick
3857289,Argentina,Guido Rodríguez,Lionel Andrés Messi Cuccittini,31,5,1,"[61.8, 43.0]","[72.2, 46.0]",10.824047,0.2808377,Ground Pass,,,,,,,,,,,,From Free Kick
3857289,Argentina,Lionel Andrés Messi Cuccittini,Alexis Mac Allister,31,25,1,"[72.2, 43.6]","[75.1, 37.0]",7.209022,-1.1567973,Ground Pass,Free Kick,,,,,,,,,,,From Free Kick
3857289,Argentina,Alexis Mac Allister,Lionel Andrés Messi Cuccittini,31,26,1,"[75.1, 37.0]","[72.2, 42.5]",6.2177167,2.0560234,Ground Pass,,,,,,,,,,,,From Free Kick
3857289,Argentina,Lionel Andrés Messi Cuccittini,Rodrigo Javier De Paul,31,28,1,"[77.6, 39.2]","[73.5, 49.8]",11.365298,1.9398654,Ground Pass,,,,,,,,,,,,From Free Kick
3857289,Argentina,Rodrigo Javier De Paul,Lisandro Martínez,31,29,1,"[73.5, 49.8]","[72.7, 19.9]",29.9107,-1.5975457,Ground Pass,,,,,,,,,,,,From Free Kick
3857289,Argentina,Lisandro Martínez,Ángel Fabián Di María Hernández,31,32,1,"[74.9, 17.2]","[81.7, 6.4]",12.7624445,-1.0088748,Ground Pass,,,,,,,,,,,,From Free Kick
3857289,Argentina,Ángel Fabián Di María Hernández,Marcos Javier Acuña,31,36,1,"[98.7, 18.6]","[109.3, 15.9]",10.938464,-0.24941322,Ground Pass,,,,,,,Incomplete,,,,True,From Free Kick
3857289,Argentina,Lionel Andrés Messi Cuccittini,Nicolás Hernán Otamendi,32,16,1,"[120.0, 0.1]","[113.9, 37.0]",37.400803,1.7346263,High Pass,Corner,Outswinging,,,,,Incomplete,,,,,From Corner
3857289,Argentina,Lionel Andrés Messi Cuccittini,,33,47,1,"[115.3, 69.9]","[117.5, 38.9]",31.077967,-1.4999473,High Pass,Free Kick,,True,,,,Incomplete,,,,,From Free Kick
3857289,Argentina,Guido Rodríguez,Lionel Andrés Messi Cuccittini,34,39,1,"[43.1, 29.4]","[67.5, 37.6]",25.741018,0.32420754,High Pass,Recovery,,,,,,Incomplete,,,,True,From Free Kick
3857289,Argentina,Guido Rodríguez,,34,48,1,"[56.4, 40.0]","[75.1, 49.2]",20.840586,0.45720991,Low Pass,Recovery,,,,,,Incomplete,,,,,From Free Kick
3857289,Argentina,Lisandro Martínez,Lautaro Javier Martínez,34,51,1,"[39.6, 38.4]","[67.5, 34.6]",28.157593,-0.13536777,High Pass,Recovery,,,,,,,,,,,Regular Play
3857289,Argentina,Lautaro Javier Martínez,Lionel Andrés Messi Cuccittini,34,53,1,"[67.5, 34.6]","[81.1, 50.3]",20.771374,0.8569482,Low Pass,,,,,,,Incomplete,,,,,Regular Play
3857289,Argentina,Nicolás Hernán Otamendi,Guido Rodríguez,35,49,1,"[39.6, 42.5]","[40.7, 34.1]",8.471718,-1.4405849,Ground Pass,Free Kick,,,,,,,,,,,From Free Kick
3857289,Argentina,Guido Rodríguez,Nicolás Hernán Otamendi,35,51,1,"[40.7, 34.1]","[40.4, 49.5]",15.402922,1.5902743,Ground Pass,,,,,,,,,,,,From Free Kick
3857289,Argentina,Nicolás Hernán Otamendi,Ángel Fabián Di María Hernández,35,53,1,"[41.8, 51.7]","[61.8, 70.1]",27.17646,0.7437556,Ground Pass,,,,,,,,,,,,From Free Kick
3857289,Argentina,Nicolás Hernán Otamendi,Rodrigo Javier De Paul,36,8,1,"[69.2, 80.0]","[56.4, 72.6]",14.785128,-2.617413,Low Pass,Throw-in,,,,,,,,,,,From Throw In
3857289,Argentina,Rodrigo Javier De Paul,Guido Rodríguez,36,10,1,"[56.1, 71.0]","[51.0, 51.7]",19.962465,-1.82914,Ground Pass,,,,,,,,,,,,From Throw In
3857289,Argentina,Guido Rodríguez,Lisandro Martínez,36,13,1,"[50.7, 48.2]","[61.6, 25.4]",25.271526,-1.124846,Ground Pass,,,,,,,,,,,,From Throw In
3857289,Argentina,Lisandro Martínez,Marcos Javier Acuña,36,16,1,"[65.9, 20.8]","[77.6, 7.2]",17.940178,-0.8603563,Ground Pass,,,,,,,,,,,,From Throw In
3857289,Argentina,Marcos Javier Acuña,Lisandro Martínez,36,22,1,"[57.8, 9.6]","[75.4, 9.1]",17.607101,-0.028401451,Ground Pass,,,,,,,,,,,,From Throw In
3857289,Argentina,Gonzalo Ariel Montiel,Nicolás Hernán Otamendi,36,46,1,"[52.3, 80.0]","[38.2, 68.2]",18.386137,-2.4447653,Low Pass,Throw-in,,,,,,,,,,,From Throw In
3857289,Argentina,Nicolás Hernán Otamendi,Guido Rodríguez,36,49,1,"[38.2, 68.2]","[31.7, 55.5]",14.266745,-2.043848,Ground Pass,,,,,,,,,,,,From Throw In
3857289,Argentina,Guido Rodríguez,Nicolás Hernán Otamendi,36,51,1,"[31.7, 55.5]","[38.0, 68.2]",14.176742,1.1103033,Ground Pass,,,,,,,,,,,,From Throw In
3857289,Argentina,Nicolás Hernán Otamendi,Lautaro Javier Martínez,36,53,1,"[40.1, 71.0]","[83.3, 59.0]",44.8357,-0.27094686,High Pass,,,,,,,Incomplete,,,,True,From Throw In
3857289,Argentina,Nicolás Hernán Otamendi,Rodrigo Javier De Paul,37,3,1,"[64.0, 71.5]","[75.1, 62.3]",14.417004,-0.692074,Low Pass,Recovery,,,,,,Incomplete,,,,True,Regular Play
3857289,Argentina,Damián Emiliano Martínez,Gonzalo Ariel Montiel,37,27,1,"[6.2, 35.4]","[34.2, 71.5]",45.685993,0.911097,Ground Pass,,,,,,,,,,,,Regular Play
3857289,Argentina,Gonzalo Ariel Montiel,Ángel Fabián Di María Hernández,37,33,1,"[36.1, 71.8]","[39.6, 64.2]",8.367198,-1.1392232,Ground Pass,,,,,,,,,,,,Regular Play
3857289,Argentina,Ángel Fabián Di María Hernández,Nicolás Hernán Otamendi,37,34,1,"[39.6, 64.2]","[24.1, 54.7]",18.179659,-2.5917394,Ground Pass,,,,,,,,,,,,Regular Play
3857289,Argentina,Nicolás Hernán Otamendi,Guido Rodríguez,37,36,1,"[22.5, 50.3]","[21.4, 29.4]",20.928926,-1.6233793,Ground Pass,,,,,,,,,,,,Regular Play
3857289,Argentina,Guido Rodríguez,Alexis Mac Allister,37,38,1,"[21.4, 29.2]","[30.9, 38.1]",13.01768,0.752801,Ground Pass,,,,,,,,,,,,Regular Play
3857289,Argentina,Alexis Mac Allister,Lisandro Martínez,37,39,1,"[31.4, 37.9]","[33.3, 9.4]",28.563263,-1.5042281,Ground Pass,,,,,,,,,,,,Regular Play
3857289,Argentina,Lisandro Martínez,Alexis Mac Allister,37,44,1,"[32.8, 5.6]","[53.2, 13.4]",21.84033,0.36520144,Ground Pass,,,,,,,,,,,,Regular Play
3857289,Argentina,Alexis Mac Allister,Rodrigo Javier De Paul,37,47,1,"[65.1, 12.6]","[63.2, 25.4]",12.940248,1.7181578,Ground Pass,,,,,,,,,,,,Regular Play
3857289,Argentina,Rodrigo Javier De Paul,Lionel Andrés Messi Cuccittini,37,50,1,"[73.2, 30.8]","[77.3, 60.6]",30.080725,1.4340708,Ground Pass,,,,,,,,,,,,Regular Play
3857289,Argentina,Lionel Andrés Messi Cuccittini,Rodrigo Javier De Paul,37,55,1,"[91.2, 54.7]","[97.7, 48.2]",9.192389,-0.7853982,Ground Pass,,,,,,,,,,,,Regular Play
3857289,Argentina,Rodrigo Javier De Paul,Lautaro Javier Martínez,39,7,1,"[43.7, 17.8]","[45.6, 15.6]",2.9068885,-0.85843873,Low Pass,Recovery,,,,,,Incomplete,,,,True,From Throw In
3857289,Argentina,Gonzalo Ariel Montiel,Rodrigo Javier De Paul,39,24,1,"[68.6, 80.0]","[63.5, 71.2]",10.171038,-2.09604,Low Pass,Throw-in,,,,,,,,,,,From Throw In
3857289,Argentina,Rodrigo Javier De Paul,Alexis Mac Allister,39,28,1,"[69.4, 61.7]","[80.8, 52.0]",14.9683,-0.7050031,Ground Pass,,,,,,,,,,,,From Throw In
3857289,Argentina,Alexis Mac Allister,Ángel Fabián Di María Hernández,39,29,1,"[82.5, 53.9]","[87.6, 72.6]",19.382982,1.3045443,Ground Pass,,,,,,,,,,,,From Throw In
3857289,Argentina,Ángel Fabián Di María Hernández,Gonzalo Ariel Montiel,39,32,1,"[88.2, 69.9]","[103.9, 70.1]",15.701274,0.0127381645,Ground Pass,,,,,,,,,,,,From Throw In
3857289,Argentina,Gonzalo Ariel Montiel,,39,35,1,"[111.5, 70.7]","[111.2, 67.7]",3.0149627,-1.670465,Low Pass,,,,,,,Incomplete,,,,,From Throw In
3857289,Argentina,Lionel Andrés Messi Cuccittini,Ángel Fabián Di María Hernández,39,55,1,"[120.0, 80.0]","[104.7, 69.9]",18.33303,-2.5581286,Ground Pass,Corner,,,,,,,,,,,From Corner
3857289,Argentina,Ángel Fabián Di María Hernández,Lautaro Javier Martínez,39,57,1,"[101.7, 68.8]","[112.7, 39.5]",31.296804,-1.2116517,High Pass,,,True,,,,,True,,2e08a493-5c0b-4998-b45d-20c1bacd14af,,From Corner
3857289,Argentina,Lautaro Javier Martínez,Marcos Javier Acuña,41,49,1,"[35.0, 2.3]","[27.1, 0.1]",8.20061,-2.869993,Low Pass,Recovery,,,,,,Out,,,,,From Throw In
3857289,Argentina,Marcos Javier Acuña,Alexis Mac Allister,42,12,1,"[20.3, 4.2]","[26.0, 2.8]",5.8694124,-0.24084646,Ground Pass,Recovery,,,,,,Incomplete,,,,,From Throw In
3857289,Argentina,Marcos Javier Acuña,Lautaro Javier Martínez,42,30,1,"[24.4, 0.1]","[33.1, 10.2]",13.330417,0.85972905,Low Pass,Throw-in,,,,,,,,,,,From Throw In
3857289,Argentina,Damián Emiliano Martínez,Lionel Andrés Messi Cuccittini,44,20,1,"[4.9, 43.0]","[46.4, 69.6]",49.293102,0.56999665,Ground Pass,,,,,,,,,,,,From Keeper
3857289,Argentina,Rodrigo Javier De Paul,Gonzalo Ariel Montiel,44,33,1,"[62.9, 80.0]","[56.4, 72.3]",10.076706,-2.2718878,Low Pass,Throw-in,,,,,,,,,,,From Throw In
3857289,Argentina,Gonzalo Ariel Montiel,Rodrigo Javier De Paul,44,34,1,"[57.0, 72.6]","[61.8, 74.5]",5.162364,0.37690926,Ground Pass,,,,,,,,,,,,From Throw In
3857289,Argentina,Rodrigo Javier De Paul,Nicolás Hernán Otamendi,44,36,1,"[57.0, 69.3]","[45.3, 54.1]",19.181501,-2.2268097,Ground Pass,,,,,,,,,,,,From Throw In
3857289,Argentina,Nicolás Hernán Otamendi,Lisandro Martínez,44,39,1,"[49.4, 49.0]","[65.1, 15.1]",37.35907,-1.13708,High Pass,,,,,,,,,,,,From Throw In
3857289,Argentina,Lisandro Martínez,Guido Rodríguez,44,44,1,"[62.7, 12.1]","[51.8, 21.3]",14.26359,2.4405708,Ground Pass,,,,,,,,,,,,From Throw In
3857289,Argentina,Guido Rodríguez,Rodrigo Javier De Paul,44,47,1,"[50.7, 24.0]","[56.7, 67.2]",43.614677,1.4327903,High Pass,,,,,True,,,,,,,From Throw In
3857289,Argentina,Rodrigo Javier De Paul,Alexis Mac Allister,44,53,1,"[68.6, 56.3]","[65.9, 41.7]",14.847559,-1.7536619,Ground Pass,,,,,,,,,,,,From Throw In
3857289,Argentina,Alexis Mac Allister,Lisandro Martínez,44,55,1,"[66.2, 36.0]","[74.9, 17.0]",20.89713,-1.1413965,Ground Pass,,,,,,,,,,,,From Throw In
3857289,Argentina,Lisandro Martínez,Ángel Fabián Di María Hernández,44,59,1,"[85.7, 15.1]","[90.6, 9.1]",7.746612,-0.88597506,Ground Pass,,,,,,,,,,,,From Throw In
3857289,Argentina,Ángel Fabián Di María Hernández,,45,2,1,"[95.2, 6.1]","[111.5, 79.1]",74.79766,1.3511122,High Pass,,,True,,True,,Out,,,,,From Throw In
3857289,Argentina,Nicolás Hernán Otamendi,Lionel Andrés Messi Cuccittini,45,40,1,"[76.2, 72.6]","[86.3, 62.5]",14.283557,-0.7853982,High Pass,Recovery,,,,,,,,,,True,Regular Play
3857289,Argentina,Lionel Andrés Messi Cuccittini,Alexis Mac Allister,45,42,1,"[86.3, 62.5]","[73.2, 60.4]",13.267253,-2.9826398,Low Pass,,,,,,,,,,,True,Regular Play
3857289,Argentina,Alexis Mac Allister,Lisandro Martínez,45,44,1,"[73.2, 61.7]","[56.4, 56.6]",17.55705,-2.8468626,Ground Pass,,,,,,,,,,,True,Regular Play
3857289,Argentina,Lisandro Martínez,Marcos Javier Acuña,45,45,1,"[55.1, 53.0]","[53.7, 30.8]",22.2441,-1.633776,Ground Pass,,,,,,,,,,,,Regular Play
3857289,Argentina,Marcos Javier Acuña,Lisandro Martínez,45,48,1,"[53.7, 30.8]","[45.0, 39.2]",12.093387,2.3737366,Ground Pass,,,,,,,,,,,,Regular Play
3857289,Argentina,Lisandro Martínez,Nicolás Hernán Otamendi,45,50,1,"[44.5, 42.7]","[45.6, 59.0]",16.337074,1.5034138,Ground Pass,,,,,,,,,,,,Regular Play
3857289,Argentina,Nicolás Hernán Otamendi,Gonzalo Ariel Montiel,45,53,1,"[51.3, 70.1]","[120.0, 58.2]",69.72302,-0.17151502,High Pass,,,,,,,Out,,,,,Regular Play
3857289,Argentina,Nicolás Hernán Otamendi,Lisandro Martínez,46,35,1,"[26.0, 30.8]","[26.3, 21.0]",9.804591,-1.5401937,Low Pass,Recovery,,,,,,,,,,,Regular Play
3857289,Argentina,Lisandro Martínez,Lautaro Javier Martínez,46,37,1,"[26.2, 20.8]","[66.5, 33.2]",42.16456,0.29849893,High Pass,,,,,,,Incomplete,,,,,Regular Play
3857289,Argentina,Rodrigo Javier De Paul,Alexis Mac Allister,46,41,1,"[53.4, 32.7]","[51.3, 25.4]",7.5960517,-1.8509043,Low Pass,Recovery,,,,,,,,,,,Regular Play
3857289,Argentina,Alexis Mac Allister,Gonzalo Ariel Montiel,46,42,1,"[51.3, 25.4]","[46.9, 56.3]",31.211697,1.7122402,High Pass,,,,,,,,,,,,Regular Play
3857289,Argentina,Gonzalo Ariel Montiel,Ángel Fabián Di María Hernández,46,45,1,"[48.8, 63.9]","[54.2, 70.4]",8.450444,0.8775732,Ground Pass,,,,,,,,,,,,Regular Play
3857289,Argentina,Ángel Fabián Di María Hernández,Rodrigo Javier De Paul,46,48,1,"[53.7, 69.3]","[48.5, 58.2]",12.25765,-2.008902,Ground Pass,,,,,,,,,,,,Regular Play
3857289,Argentina,Rodrigo Javier De Paul,Lionel Andrés Messi Cuccittini,46,53,1,"[62.4, 52.0]","[69.4, 53.0]",7.071068,0.14189705,Ground Pass,,,,,,,Incomplete,,,,,Regular Play
3857289,Argentina,Nicolás Hernán Otamendi,Lisandro Martínez,47,49,1,"[39.0, 54.7]","[33.6, 50.3]",6.96563,-2.4578834,Ground Pass,Free Kick,,,,,,,,,,,From Free Kick
3857289,Argentina,Lisandro Martínez,Gonzalo Ariel Montiel,47,52,1,"[33.3, 51.1]","[51.0, 69.1]",25.244604,0.7938013,Ground Pass,,,,,,,,,,,,From Free Kick
3857289,Argentina,Gonzalo Ariel Montiel,Ángel Fabián Di María Hernández,47,55,1,"[61.0, 70.1]","[70.8, 71.5]",9.899495,0.14189705,Ground Pass,,,,,,,,,,,,From Free Kick
3857289,Argentina,Ángel Fabián Di María Hernández,Rodrigo Javier De Paul,47,57,1,"[68.6, 71.8]","[66.7, 63.1]",8.905055,-1.7858112,Ground Pass,,,,,,,,,,,True,From Free Kick
3857289,Argentina,Rodrigo Javier De Paul,Nicolás Hernán Otamendi,47,58,1,"[67.0, 63.4]","[43.1, 64.2]",23.913385,3.1081324,Ground Pass,,,,,,,,,,,,From Free Kick
3857289,Argentina,Nicolás Hernán Otamendi,Guido Rodríguez,48,1,1,"[43.1, 64.2]","[47.2, 54.4]",10.623088,-1.174557,Ground Pass,,,,,,,,,,,,From Free Kick
3857289,Argentina,Guido Rodríguez,Gonzalo Ariel Montiel,48,4,1,"[47.7, 52.2]","[55.6, 72.9]",22.156263,1.2062148,Ground Pass,,,,,,,,,,,,From Free Kick
3857289,Argentina,Gonzalo Ariel Montiel,Lautaro Javier Martínez,48,7,1,"[59.1, 72.0]","[76.8, 58.2]",22.44393,-0.66221553,High Pass,,,,,,,,,,,,From Free Kick
3857289,Argentina,Nicolás Hernán Otamendi,,49,11,1,"[20.1, 72.6]","[29.8, 64.4]",12.701574,-0.7017946,Low Pass,Recovery,,,,,,Incomplete,,,,True,From Throw In
3857289,Argentina,Damián Emiliano Martínez,Lisandro Martínez,49,24,1,"[6.0, 36.0]","[8.7, 21.6]",14.650939,-1.3854483,Ground Pass,Goal Kick,,,,,,,,,,,From Goal Kick
3857289,Argentina,Lisandro Martínez,Damián Emiliano Martínez,49,30,1,"[8.7, 21.6]","[6.2, 36.8]",15.404221,1.7338105,Ground Pass,,,,,,,,,,,,From Goal Kick
3857289,Argentina,Damián Emiliano Martínez,Ángel Fabián Di María Hernández,49,32,1,"[3.8, 39.8]","[57.5, 52.2]",55.113064,0.22693485,High Pass,,,,,,,Incomplete,,,,True,From Goal Kick
3857289,Argentina,Guido Rodríguez,Ángel Fabián Di María Hernández,49,36,1,"[29.8, 51.7]","[60.5, 53.3]",30.741665,0.052070152,High Pass,Recovery,,,,,,Incomplete,,,,,From Goal Kick
3857289,Argentina,Rodrigo Javier De Paul,Lisandro Martínez,49,42,1,"[35.5, 41.7]","[30.1, 31.3]",11.718362,-2.04971,Ground Pass,,,,,,,,,,,,From Goal Kick
3857289,Argentina,Lisandro Martínez,Alexis Mac Allister,49,43,1,"[30.1, 31.3]","[44.7, 24.8]",15.981552,-0.41885966,Ground Pass,,,,,,,,,,,,From Goal Kick
3857289,Argentina,Alexis Mac Allister,Lautaro Javier Martínez,49,45,1,"[50.7, 24.8]","[68.1, 30.3]",18.248562,0.3061539,Ground Pass,,,,,,,,,,,True,From Goal Kick
3857289,Argentina,Lautaro Javier Martínez,Alexis Mac Allister,49,47,1,"[65.4, 32.7]","[59.9, 34.9]",5.9236813,2.7610862,Ground Pass,,,,,,,,,,,,From Goal Kick
3857289,Argentina,Alexis Mac Allister,Ángel Fabián Di María Hernández,49,49,1,"[68.6, 47.3]","[87.1, 68.8]",28.363708,0.860258,Ground Pass,,,,,,,,,,,,From Goal Kick
3857289,Argentina,Ángel Fabián Di María Hernández,Alexis Mac Allister,49,52,1,"[81.1, 66.3]","[87.6, 58.2]",10.385567,-0.89455163,Ground Pass,,,,,,,,,,,True,From Goal Kick
3857289,Argentina,Alexis Mac Allister,Gonzalo Ariel Montiel,49,54,1,"[93.6, 57.4]","[98.2, 52.8]",6.5053825,-0.7853982,Ground Pass,,,,,,,Incomplete,,,,True,From Goal Kick
3857289,Argentina,Gonzalo Ariel Montiel,Ángel Fabián Di María Hernández,49,56,1,"[98.2, 48.2]","[92.8, 40.3]",9.5692215,-2.1703925,Ground Pass,Recovery,,,,,,,,,,,From Goal Kick
3857289,Argentina,Ángel Fabián Di María Hernández,Lionel Andrés Messi Cuccittini,49,57,1,"[92.2, 38.9]","[96.0, 33.0]",7.017834,-0.9986027,Ground Pass,,,,,,,,,,,,From Goal Kick
3857289,Argentina,Lionel Andrés Messi Cuccittini,Marcos Javier Acuña,49,59,1,"[96.3, 31.3]","[109.3, 21.3]",16.40122,-0.6556956,Ground Pass,,,,,,,,,,,,From Goal Kick
3857289,Argentina,Marcos Javier Acuña,Lautaro Javier Martínez,50,0,1,"[108.5, 21.6]","[113.1, 31.9]",11.280514,1.1507719,Ground Pass,,,True,,,,Incomplete,,,,,From Goal Kick
3857289,Argentina,Lionel Andrés Messi Cuccittini,,50,25,1,"[120.0, 0.1]","[114.8, 30.3]",30.644413,1.7413098,Low Pass,Corner,Outswinging,,,,,Incomplete,,,,,From Corner
3857289,Argentina,Lautaro Javier Martínez,Guido Rodríguez,45,0,2,"[61.0, 40.1]","[45.3, 41.3]",15.745793,3.0653079,Ground Pass,Kick Off,,,,,,,,,,,From Kick Off
3857289,Argentina,Guido Rodríguez,Rodrigo Javier De Paul,45,2,2,"[45.3, 42.8]","[42.9, 53.4]",10.868302,1.7934573,Ground Pass,,,,,,,,,,,,From Kick Off
3857289,Argentina,Rodrigo Javier De Paul,Nicolás Hernán Otamendi,45,3,2,"[45.3, 52.4]","[33.8, 45.9]",13.209845,-2.6271412,Ground Pass,,,,,,,,,,,,From Kick Off
3857289,Argentina,Nicolás Hernán Otamendi,Lisandro Martínez,45,5,2,"[34.6, 42.5]","[41.3, 12.5]",30.739063,-1.3510689,Ground Pass,,,,,,,,,,,,From Kick Off
3857289,Argentina,Lisandro Martínez,Lautaro Javier Martínez,45,8,2,"[39.6, 9.4]","[73.7, 19.1]",35.452785,0.2771373,High Pass,,,,,,,Incomplete,,,,True,From Kick Off
3857289,Argentina,Guido Rodríguez,Lionel Andrés Messi Cuccittini,45,11,2,"[45.9, 25.6]","[60.9, 37.4]",19.085073,0.66655785,Ground Pass,Recovery,,,,,,Incomplete,,,,,From Kick Off
3857289,Argentina,Gonzalo Ariel Montiel,Rodrigo Javier De Paul,45,33,2,"[29.5, 68.1]","[39.9, 64.8]",10.911004,-0.3072588,Low Pass,Recovery,,,,,,,,,,True,Regular Play
3857289,Argentina,Rodrigo Javier De Paul,Marcos Javier Acuña,45,37,2,"[38.7, 55.4]","[37.3, 26.1]",29.333427,-1.6185416,Ground Pass,,,,,,,,,,,,Regular Play
3857289,Argentina,Marcos Javier Acuña,Lisandro Martínez,45,40,2,"[37.1, 25.5]","[26.4, 28.7]",11.168259,2.8509934,Ground Pass,,,,,,,,,,,,Regular Play
3857289,Argentina,Lisandro Martínez,Rodrigo Javier De Paul,45,43,2,"[26.4, 26.2]","[52.6, 4.6]",33.955853,-0.68945926,Ground Pass,,,,,,,,,,,True,Regular Play
3857289,Argentina,Rodrigo Javier De Paul,Guido Rodríguez,45,51,2,"[49.2, 12.3]","[37.6, 23.5]",16.124516,2.3737366,Ground Pass,Free Kick,,,,,,,,,,,From Free Kick
3857289,Argentina,Guido Rodríguez,Lionel Andrés Messi Cuccittini,45,54,2,"[37.8, 24.8]","[49.8, 35.5]",16.077623,0.7281919,Ground Pass,,,,,,,,,,,,From Free Kick
3857289,Argentina,Lionel Andrés Messi Cuccittini,Lisandro Martínez,46,0,2,"[60.7, 15.7]","[67.9, 2.9]",14.686048,-1.0584068,Ground Pass,,,,,,,,,,,,From Free Kick
3857289,Argentina,Lisandro Martínez,Marcos Javier Acuña,46,5,2,"[87.7, 9.1]","[85.6, 3.1]",6.356886,-1.9074712,Ground Pass,,,,,,,,,,,,From Free Kick
3857289,Argentina,Marcos Javier Acuña,Lionel Andrés Messi Cuccittini,46,6,2,"[85.6, 3.1]","[76.4, 9.6]",11.264546,2.526503,Ground Pass,,,,,,,,,,,,From Free Kick
3857289,Argentina,Lionel Andrés Messi Cuccittini,Alexis Mac Allister,46,9,2,"[85.1, 17.9]","[86.4, 27.0]",9.192389,1.4288993,Ground Pass,,,,,,,,,,,,From Free Kick
3857289,Argentina,Alexis Mac Allister,Guido Rodríguez,46,10,2,"[85.3, 25.8]","[63.8, 22.8]",21.708294,-3.0029528,Low Pass,,,,,,,,,,,,From Free Kick
3857289,Argentina,Guido Rodríguez,Lisandro Martínez,46,13,2,"[64.4, 22.2]","[76.0, 7.5]",18.72565,-0.9027275,Ground Pass,,,,,,,,,,,,From Free Kick
3857289,Argentina,Lisandro Martínez,Marcos Javier Acuña,46,16,2,"[76.9, 7.5]","[90.9, 1.4]",15.2712145,-0.41091064,Ground Pass,,,,,,,,,,,,From Free Kick
3857289,Argentina,Marcos Javier Acuña,Alexis Mac Allister,46,20,2,"[96.8, 9.4]","[93.0, 16.2]",7.7897367,2.0803885,Ground Pass,,,,,,,Incomplete,,,,,From Free Kick
3857289,Argentina,Alexis Mac Allister,Lautaro Javier Martínez,47,3,2,"[61.1, 50.9]","[75.8, 42.8]",16.78392,-0.5036263,High Pass,Recovery,,,,,,,,,,True,From Free Kick
3857289,Argentina,Damián Emiliano Martínez,Rodrigo Javier De Paul,47,30,2,"[12.9, 46.3]","[30.5, 53.2]",18.904232,0.37363026,Ground Pass,,,,,,,,,,,,From Keeper
3857289,Argentina,Rodrigo Javier De Paul,Gonzalo Ariel Montiel,47,34,2,"[33.6, 59.6]","[38.2, 76.6]",17.61136,1.3065363,Ground Pass,,,,,,,,,,,,From Keeper
3857289,Argentina,Gonzalo Ariel Montiel,Rodrigo Javier De Paul,47,36,2,"[42.0, 77.7]","[41.8, 71.7]",6.0033326,-1.6041173,Ground Pass,,,,,,,,,,,,From Keeper
3857289,Argentina,Rodrigo Javier De Paul,Lionel Andrés Messi Cuccittini,47,38,2,"[44.2, 70.4]","[46.7, 65.0]",5.95063,-1.1372149,Ground Pass,,,,,,,,,,,,From Keeper
3857289,Argentina,Lionel Andrés Messi Cuccittini,Alexis Mac Allister,47,39,2,"[46.7, 65.0]","[59.4, 31.6]",35.733036,-1.20744,Ground Pass,,,,,,,,,,,,From Keeper
3857289,Argentina,Alexis Mac Allister,Marcos Javier Acuña,47,44,2,"[88.0, 20.8]","[96.8, 3.8]",19.142622,-1.093131,Ground Pass,,,,,,,,,,,,From Keeper
3857289,Argentina,Marcos Javier Acuña,Lionel Andrés Messi Cuccittini,47,47,2,"[94.7, 4.3]","[81.9, 20.7]",20.803846,2.2335258,Ground Pass,,,,,,,,,,,,From Keeper
3857289,Argentina,Lionel Andrés Messi Cuccittini,Alexis Mac Allister,47,50,2,"[86.0, 19.3]","[88.3, 18.9]",2.3345234,-0.17219082,Low Pass,,,,,,,Incomplete,,,,True,From Keeper
3857289,Argentina,Damián Emiliano Martínez,Nicolás Hernán Otamendi,48,0,2,"[28.5, 37.4]","[34.0, 55.0]",18.43936,1.2679114,Ground Pass,,,,,,,,,,,,From Keeper
3857289,Argentina,Nicolás Hernán Otamendi,Guido Rodríguez,48,3,2,"[34.0, 55.0]","[42.8, 43.4]",14.56022,-0.9218008,Ground Pass,,,,,,,,,,,,From Keeper
3857289,Argentina,Guido Rodríguez,Rodrigo Javier De Paul,48,5,2,"[43.6, 43.2]","[57.5, 41.3]",14.029255,-0.13584875,Ground Pass,,,,,,,,,,,,From Keeper
3857289,Argentina,Rodrigo Javier De Paul,Guido Rodríguez,48,6,2,"[57.5, 41.3]","[47.4, 40.7]",10.117806,-3.0822566,Ground Pass,,,,,,,,,,,,From Keeper
3857289,Argentina,Guido Rodríguez,Lisandro Martínez,48,8,2,"[47.4, 40.7]","[56.7, 10.1]",31.982027,-1.2757456,Ground Pass,,,,,,,,,,,,From Keeper
3857289,Argentina,Lisandro Martínez,Guido Rodríguez,48,10,2,"[56.7, 10.1]","[46.9, 20.0]",13.930183,2.3511183,Ground Pass,,,,,,,,,,,,From Keeper
3857289,Argentina,Guido Rodríguez,Rodrigo Javier De Paul,48,13,2,"[46.9, 20.0]","[55.8, 31.9]",14.860013,0.92864114,Ground Pass,,,,,,,,,,,,From Keeper
3857289,Argentina,Rodrigo Javier De Paul,Nicolás Hernán Otamendi,48,14,2,"[55.8, 31.9]","[42.8, 51.7]",23.686283,2.1517732,Ground Pass,,,,,,,,,,,,From Keeper
3857289,Argentina,Nicolás Hernán Otamendi,Ángel Fabián Di María Hernández,48,20,2,"[50.5, 65.7]","[64.0, 77.1]",17.669466,0.7012599,Ground Pass,,,,,,,,,,,,From Keeper
3857289,Argentina,Ángel Fabián Di María Hernández,Nicolás Hernán Otamendi,48,25,2,"[51.1, 74.8]","[34.9, 68.1]",17.53083,-2.7494342,Ground Pass,,,,,,,,,,,,From Keeper
3857289,Argentina,Nicolás Hernán Otamendi,Guido Rodríguez,48,27,2,"[34.9, 68.1]","[27.4, 47.3]",22.110857,-1.9168625,Ground Pass,,,,,,,,,,,,From Keeper
3857289,Argentina,Guido Rodríguez,Lisandro Martínez,48,34,2,"[46.5, 37.6]","[55.9, 18.9]",20.929644,-1.1050119,Ground Pass,,,,,,,Incomplete,,,,,From Keeper
3857289,Argentina,Rodrigo Javier De Paul,Gonzalo Ariel Montiel,48,43,2,"[18.7, 54.2]","[34.9, 76.3]",27.401642,0.9382437,Ground Pass,,,,,,,,,,,,From Keeper
3857289,Argentina,Gonzalo Ariel Montiel,Rodrigo Javier De Paul,48,48,2,"[47.1, 77.1]","[44.6, 73.4]",4.4654226,-2.16501,Ground Pass,,,,,,,,,,,,From Keeper
3857289,Argentina,Rodrigo Javier De Paul,Lionel Andrés Messi Cuccittini,48,50,2,"[45.7, 71.0]","[52.3, 67.3]",7.566373,-0.51094955,Ground Pass,,,,,,,,,,,,From Keeper
3857289,Argentina,Lionel Andrés Messi Cuccittini,Alexis Mac Allister,48,55,2,"[63.5, 47.6]","[70.0, 22.6]",25.831182,-1.3164283,Ground Pass,,,,,,,,,,,,From Keeper
3857289,Argentina,Alexis Mac Allister,Marcos Javier Acuña,48,57,2,"[72.1, 21.4]","[75.0, 2.7]",18.92353,-1.4169416,Ground Pass,,,,,,,,,,,,From Keeper
3857289,Argentina,Marcos Javier Acuña,Lisandro Martínez,48,59,2,"[70.2, 5.2]","[55.3, 15.4]",18.056854,2.541302,Ground Pass,,,,,,,,,,,,From Keeper
3857289,Argentina,Lisandro Martínez,Guido Rodríguez,49,1,2,"[52.9, 16.4]","[45.7, 29.5]",14.948244,2.0733464,Ground Pass,,,,,,,,,,,,From Keeper
3857289,Argentina,Guido Rodríguez,Gonzalo Ariel Montiel,49,5,2,"[51.7, 43.2]","[57.3, 74.4]",31.69858,1.3932002,Ground Pass,,,,,,,,,,,,From Keeper
3857289,Argentina,Gonzalo Ariel Montiel,Ángel Fabián Di María Hernández,49,8,2,"[57.3, 74.4]","[72.7, 77.5]",15.708915,0.198644,Ground Pass,,,,,,,,,,,,From Keeper
3857289,Argentina,Ángel Fabián Di María Hernández,Rodrigo Javier De Paul,49,13,2,"[77.6, 74.4]","[73.1, 73.7]",4.554119,-2.987274,Ground Pass,,,,,,,,,,,,From Keeper
3857289,Argentina,Rodrigo Javier De Paul,Guido Rodríguez,49,15,2,"[71.2, 73.7]","[63.5, 50.3]",24.634325,-1.8886958,Ground Pass,,,,,,,,,,,,From Keeper
3857289,Argentina,Guido Rodríguez,Lionel Andrés Messi Cuccittini,49,16,2,"[63.5, 50.3]","[71.2, 53.4]",8.300602,0.3827435,Ground Pass,,,,,,,,,,,,From Keeper
3857289,Argentina,Lionel Andrés Messi Cuccittini,Guido Rodríguez,49,17,2,"[71.2, 53.4]","[63.1, 49.4]",9.033825,-2.6828954,Ground Pass,,,,,,,,,,,,From Keeper
3857289,Argentina,Guido Rodríguez,Alexis Mac Allister,49,20,2,"[63.1, 49.4]","[74.1, 44.4]",12.083046,-0.4266275,Ground Pass,,,,,,,,,,,,From Keeper
3857289,Argentina,Alexis Mac Allister,Lionel Andrés Messi Cuccittini,49,22,2,"[73.5, 44.2]","[81.9, 51.1]",10.870603,0.68767124,Ground Pass,,,,,,,,,,,True,From Keeper
3857289,Argentina,Marcos Javier Acuña,Lautaro Javier Martínez,51,34,2,"[45.5, 12.5]","[105.1, 35.9]",64.02905,0.37412596,Low Pass,Recovery,,,,,,Incomplete,,,,True,From Goal Kick
3857289,Argentina,Rodrigo Javier De Paul,Lisandro Martínez,52,4,2,"[42.8, 32.4]","[53.4, 14.3]",20.975462,-1.041006,Ground Pass,Free Kick,,,,,,,,,,,From Free Kick
3857289,Argentina,Lisandro Martínez,Guido Rodríguez,52,7,2,"[53.2, 14.1]","[38.2, 31.4]",22.897379,2.2851071,Ground Pass,,,,,,,,,,,,From Free Kick
3857289,Argentina,Guido Rodríguez,Nicolás Hernán Otamendi,52,9,2,"[31.7, 37.4]","[35.7, 72.0]",34.83045,1.4557003,Ground Pass,,,,,,,,,,,,From Free Kick
3857289,Argentina,Nicolás Hernán Otamendi,Gonzalo Ariel Montiel,52,11,2,"[40.4, 65.4]","[54.0, 75.0]",16.646921,0.61466295,Ground Pass,,,,,,,,,,,,From Free Kick
3857289,Argentina,Gonzalo Ariel Montiel,Nicolás Hernán Otamendi,52,17,2,"[51.1, 74.6]","[32.4, 67.3]",20.074362,-2.7694118,Ground Pass,,,,,,,,,,,,From Free Kick
3857289,Argentina,Nicolás Hernán Otamendi,Guido Rodríguez,52,19,2,"[32.4, 67.3]","[39.1, 41.7]",26.462236,-1.314819,Ground Pass,,,,,,,,,,,,From Free Kick
3857289,Argentina,Guido Rodríguez,Lisandro Martínez,52,21,2,"[39.4, 41.5]","[55.8, 8.5]",36.85051,-1.1095759,Ground Pass,,,,,,,,,,,,From Free Kick
3857289,Argentina,Lisandro Martínez,Guido Rodríguez,52,25,2,"[50.7, 8.7]","[41.3, 20.8]",15.3222065,2.231267,Ground Pass,,,,,,,,,,,,From Free Kick
3857289,Argentina,Guido Rodríguez,Gonzalo Ariel Montiel,52,29,2,"[47.6, 35.1]","[57.1, 75.4]",41.40459,1.3392907,Ground Pass,,,,,True,,,,,,,From Free Kick
3857289,Argentina,Gonzalo Ariel Montiel,Rodrigo Javier De Paul,52,33,2,"[62.3, 76.9]","[71.2, 78.1]",8.980535,0.1340232,Ground Pass,,,,,,,,,,,,From Free Kick
3857289,Argentina,Rodrigo Javier De Paul,Nicolás Hernán Otamendi,52,38,2,"[70.6, 71.0]","[53.6, 65.2]",17.962183,-2.8128,Ground Pass,,,,,,,,,,,,From Free Kick
3857289,Argentina,Nicolás Hernán Otamendi,Lisandro Martínez,52,40,2,"[55.6, 61.1]","[59.4, 18.6]",42.669544,-1.4816217,Ground Pass,,,,,True,,,,,,,From Free Kick
3857289,Argentina,Lisandro Martínez,Guido Rodríguez,52,44,2,"[62.5, 16.6]","[62.8, 31.6]",15.002999,1.550799,Ground Pass,,,,,,,,,,,,From Free Kick
3857289,Argentina,Guido Rodríguez,Rodrigo Javier De Paul,52,47,2,"[60.2, 39.6]","[66.0, 59.2]",20.440157,1.2830883,Ground Pass,,,,,,,,,,,,From Free Kick
3857289,Argentina,Rodrigo Javier De Paul,Ángel Fabián Di María Hernández,52,50,2,"[66.0, 59.2]","[80.0, 78.7]",24.005207,0.94812554,Ground Pass,,,,,,,,,,,,From Free Kick
3857289,Argentina,Ángel Fabián Di María Hernández,Alexis Mac Allister,52,56,2,"[96.4, 76.6]","[106.6, 42.5]",35.592834,-1.2801468,High Pass,,,True,,,,Incomplete,,,,,From Free Kick
3857289,Argentina,Guido Rodríguez,Gonzalo Ariel Montiel,53,40,2,"[34.6, 32.4]","[45.7, 40.7]",13.860014,0.64205813,Low Pass,Recovery,,,,,,,,,,,Regular Play
3857289,Argentina,Gonzalo Ariel Montiel,Lisandro Martínez,53,41,2,"[45.5, 39.1]","[36.8, 30.1]",12.517588,-2.339247,Low Pass,,,,,,,,,,,True,Regular Play
3857289,Argentina,Lisandro Martínez,Marcos Javier Acuña,53,43,2,"[36.8, 30.1]","[39.9, 12.3]",18.067928,-1.3983685,Ground Pass,,,,,,,,,,,,Regular Play
3857289,Argentina,Marcos Javier Acuña,Lautaro Javier Martínez,53,45,2,"[48.1, 5.0]","[60.6, 5.0]",12.5,0.0,Ground Pass,,,,,,,,,,,,Regular Play
3857289,Argentina,Lautaro Javier Martínez,Guido Rodríguez,53,54,2,"[51.5, 18.1]","[37.5, 28.5]",17.440184,2.5026786,Ground Pass,,,,,,,,,,,,Regular Play
3857289,Argentina,Guido Rodríguez,Nicolás Hernán Otamendi,53,57,2,"[37.5, 28.5]","[39.6, 57.9]",29.474905,1.4994888,Ground Pass,,,,,,,,,,,,Regular Play
3857289,Argentina,Nicolás Hernán Otamendi,Rodrigo Javier De Paul,54,1,2,"[39.4, 53.6]","[51.3, 48.8]",12.831601,-0.38340074,Ground Pass,,,,,,,,,,,,Regular Play
3857289,Argentina,Rodrigo Javier De Paul,Gonzalo Ariel Montiel,54,7,2,"[80.2, 66.5]","[104.1, 77.5]",26.309885,0.4313459,Ground Pass,,,,,,,Incomplete,,,,,Regular Play
3857289,Argentina,Nicolás Hernán Otamendi,Gonzalo Ariel Montiel,54,15,2,"[51.7, 70.4]","[60.4, 78.7]",12.024142,0.76187307,Low Pass,Recovery,,,,,,,,,,True,Regular Play
3857289,Argentina,Gonzalo Ariel Montiel,Lionel Andrés Messi Cuccittini,54,19,2,"[62.3, 77.9]","[55.9, 73.4]",7.823682,-2.5287724,Low Pass,,,,,,,,,,,True,Regular Play
3857289,Argentina,Lionel Andrés Messi Cuccittini,Nicolás Hernán Otamendi,54,21,2,"[55.9, 71.5]","[43.2, 64.2]",14.648549,-2.6199064,High Pass,,,,,,,,,,,,Regular Play
3857289,Argentina,Nicolás Hernán Otamendi,Lionel Andrés Messi Cuccittini,54,25,2,"[44.6, 65.4]","[56.9, 74.8]",15.480633,0.6525448,Ground Pass,,,,,,,,,,,,Regular Play
3857289,Argentina,Lionel Andrés Messi Cuccittini,Gonzalo Ariel Montiel,54,30,2,"[80.8, 77.5]","[92.4, 67.7]",15.185519,-0.70148355,Ground Pass,,,,,,,,,,,True,Regular Play
3857289,Argentina,Gonzalo Ariel Montiel,Rodrigo Javier De Paul,54,32,2,"[92.5, 67.5]","[86.7, 69.4]",6.1032777,2.8250234,Ground Pass,,,,,,,Incomplete,,,,,Regular Play
3857289,Argentina,Gonzalo Ariel Montiel,Guido Rodríguez,54,43,2,"[78.3, 80.0]","[69.8, 67.1]",15.448625,-2.153413,Low Pass,Throw-in,,,,,,,,,,,From Throw In
3857289,Argentina,Guido Rodríguez,Alexis Mac Allister,54,46,2,"[69.8, 67.1]","[80.5, 32.2]",36.503426,-1.2733045,Ground Pass,,,,,,,,,,,,From Throw In
3857289,Argentina,Alexis Mac Allister,Gonzalo Ariel Montiel,54,52,2,"[81.4, 39.6]","[76.0, 71.0]",31.860949,1.741105,Ground Pass,,,,,,,,,,,,From Throw In
3857289,Argentina,Gonzalo Ariel Montiel,Ángel Fabián Di María Hernández,54,55,2,"[82.2, 74.2]","[89.9, 77.9]",8.542833,0.4479421,Ground Pass,,,,,,,,,,,,From Throw In
3857289,Argentina,Ángel Fabián Di María Hernández,Lautaro Javier Martínez,55,1,2,"[113.6, 59.0]","[109.5, 41.3]",18.168653,-1.7984203,Ground Pass,,,True,,,,Incomplete,,,,,From Throw In
3857289,Argentina,Lionel Andrés Messi Cuccittini,Guido Rodríguez,55,6,2,"[92.4, 34.3]","[77.3, 42.5]",17.18284,2.6441038,High Pass,Recovery,,,,,,,,,,,From Throw In
3857289,Argentina,Guido Rodríguez,Lisandro Martínez,55,7,2,"[77.3, 42.5]","[83.1, 38.8]",6.87968,-0.56784403,Low Pass,,,,,,,Incomplete,,,,,From Throw In
3857289,Argentina,Marcos Javier Acuña,Nicolás Hernán Otamendi,55,18,2,"[30.3, 23.2]","[33.2, 38.2]",15.277761,1.3798192,Low Pass,Recovery,,,,,,,,,,,Regular Play
3857289,Argentina,Nicolás Hernán Otamendi,Lisandro Martínez,55,21,2,"[29.7, 42.6]","[38.2, 45.1]",8.860023,0.28605145,Ground Pass,,,,,,,,,,,True,Regular Play
3857289,Argentina,Lisandro Martínez,Marcos Javier Acuña,55,22,2,"[36.7, 45.3]","[19.5, 25.1]",26.530737,-2.276152,Ground Pass,,,,,,,,,,,,Regular Play
3857289,Argentina,Marcos Javier Acuña,Alexis Mac Allister,55,25,2,"[29.0, 20.8]","[50.9, 11.4]",23.83212,-0.40544274,Ground Pass,,,,,,,,,,,,Regular Play
3857289,Argentina,Alexis Mac Allister,Lionel Andrés Messi Cuccittini,55,33,2,"[85.6, 15.4]","[76.9, 28.0]",15.31176,2.1751018,Ground Pass,,,,,,,Incomplete,,,,,Regular Play
3857289,Argentina,Rodrigo Javier De Paul,Lionel Andrés Messi Cuccittini,55,49,2,"[72.0, 73.3]","[66.2, 68.5]",7.528612,-2.4502556,Ground Pass,,,,,,,,,,,,Regular Play
3857289,Argentina,Lionel Andrés Messi Cuccittini,Ángel Fabián Di María Hernández,55,53,2,"[80.8, 72.3]","[89.9, 77.7]",10.581588,0.5355573,Ground Pass,,,,,,,,,,,,Regular Play
3857289,Argentina,Ángel Fabián Di María Hernández,Rodrigo Javier De Paul,56,0,2,"[107.0, 74.8]","[96.4, 77.9]",11.044003,2.8570743,Ground Pass,,,,,,,,,,,,Regular Play
3857289,Argentina,Rodrigo Javier De Paul,Lionel Andrés Messi Cuccittini,56,1,2,"[96.4, 77.9]","[90.9, 72.1]",7.993122,-2.329652,Ground Pass,,,,,,,,,,,,Regular Play
3857289,Argentina,Lionel Andrés Messi Cuccittini,Guido Rodríguez,56,5,2,"[90.6, 71.3]","[82.2, 58.2]",15.561812,-2.1409755,Ground Pass,,,,,,,,,,,,Regular Play
3857289,Argentina,Guido Rodríguez,Marcos Javier Acuña,56,7,2,"[82.2, 58.2]","[88.3, 30.6]",28.266058,-1.3532785,Ground Pass,,,,,,,,,,,,Regular Play
3857289,Argentina,Marcos Javier Acuña,Guido Rodríguez,56,9,2,"[88.3, 30.6]","[77.7, 47.1]",19.611477,2.1418273,Ground Pass,,,,,,,,,,,,Regular Play
3857289,Argentina,Guido Rodríguez,Lionel Andrés Messi Cuccittini,56,13,2,"[77.7, 47.1]","[80.6, 55.1]",8.509406,1.2230294,Ground Pass,,,,,,,,,,,,Regular Play
3857289,Argentina,Lionel Andrés Messi Cuccittini,Lisandro Martínez,56,14,2,"[77.7, 52.6]","[77.1, 28.7]",23.90753,-1.5958956,Ground Pass,,,,,,,,,,,True,Regular Play
3857289,Argentina,Lisandro Martínez,Lionel Andrés Messi Cuccittini,56,18,2,"[80.8, 27.4]","[77.1, 39.3]",12.461942,1.8722451,Ground Pass,,,,,,,,,,,,Regular Play
3857289,Argentina,Lionel Andrés Messi Cuccittini,Marcos Javier Acuña,56,22,2,"[84.3, 34.1]","[120.0, 21.8]",37.759502,-0.33180046,High Pass,,,,,,,Out,,,,,Regular Play
3857289,Argentina,Lisandro Martínez,,57,32,2,"[37.8, 12.0]","[67.5, 15.0]",29.851131,0.100668654,High Pass,Recovery,,,,,,Incomplete,,,,,From Goal Kick
3857289,Argentina,Enzo Fernandez,Lautaro Javier Martínez,57,39,2,"[51.7, 24.1]","[65.6, 22.6]",13.980701,-0.10749768,Low Pass,Recovery,,,,,,Incomplete,,,,,From Goal Kick
3857289,Argentina,Nicolás Hernán Otamendi,Gonzalo Ariel Montiel,57,54,2,"[6.2, 78.1]","[1.6, 66.2]",12.758135,-1.9396584,Ground Pass,,,,,,,,,,,True,Regular Play
3857289,Argentina,Gonzalo Ariel Montiel,Nicolás Hernán Otamendi,57,55,2,"[1.7, 66.2]","[10.4, 76.2]",13.25481,0.85480523,Ground Pass,,,,,,,,,,,,Regular Play
3857289,Argentina,Nicolás Hernán Otamendi,Ángel Fabián Di María Hernández,57,58,2,"[16.8, 77.3]","[44.2, 77.5]",27.40073,0.0072991406,Ground Pass,,,,,,,,,,,,Regular Play
3857289,Argentina,Ángel Fabián Di María Hernández,Rodrigo Javier De Paul,57,59,2,"[44.4, 77.5]","[36.7, 80.0]",8.095678,2.8276544,Ground Pass,,,,,,,,,,,,Regular Play
3857289,Argentina,Rodrigo Javier De Paul,Lionel Andrés Messi Cuccittini,58,0,2,"[36.7, 80.0]","[43.0, 66.5]",14.897651,-1.1341692,Ground Pass,,,,,,,,,,,,Regular Play
3857289,Argentina,Lionel Andrés Messi Cuccittini,Alexis Mac Allister,58,6,2,"[44.2, 63.0]","[54.8, 40.5]",24.871872,-1.1305257,Ground Pass,,,,,,,,,,,,Regular Play
3857289,Argentina,Alexis Mac Allister,Lionel Andrés Messi Cuccittini,58,11,2,"[64.0, 25.1]","[68.6, 36.7]",12.478782,1.1932662,Ground Pass,,,,,,,,,,,,Regular Play
3857289,Argentina,Lionel Andrés Messi Cuccittini,Lautaro Javier Martínez,58,15,2,"[85.3, 37.4]","[95.1, 36.8]",9.81835,-0.061148163,Ground Pass,,,,,,,Incomplete,,,,,Regular Play
3857289,Argentina,Gonzalo Ariel Montiel,Rodrigo Javier De Paul,59,20,2,"[44.4, 77.9]","[69.4, 75.2]",25.145378,-0.10758301,Ground Pass,,,,,,,Incomplete,,,,,Regular Play
3857289,Argentina,Rodrigo Javier De Paul,Enzo Fernandez,59,29,2,"[79.7, 80.0]","[67.5, 70.4]",15.524175,-2.4748998,High Pass,Throw-in,,,,,,,,,,,From Throw In
3857289,Argentina,Enzo Fernandez,Lionel Andrés Messi Cuccittini,59,34,2,"[65.6, 66.2]","[61.7, 44.6]",21.949259,-1.7494273,Ground Pass,,,,,,,,,,,,From Throw In
3857289,Argentina,Lionel Andrés Messi Cuccittini,Enzo Fernandez,59,38,2,"[61.9, 46.8]","[69.1, 54.4]",10.469002,0.81241864,Ground Pass,,,,,,,,,,,,From Throw In
3857289,Argentina,Enzo Fernandez,Gonzalo Ariel Montiel,59,40,2,"[70.6, 57.5]","[75.2, 75.4]",18.481613,1.3192561,Ground Pass,,,,,,,,,,,,From Throw In
3857289,Argentina,Gonzalo Ariel Montiel,Rodrigo Javier De Paul,59,42,2,"[75.2, 75.4]","[78.9, 74.1]",3.9217343,-0.3378782,Ground Pass,,,,,,,,,,,,From Throw In
3857289,Argentina,Rodrigo Javier De Paul,Enzo Fernandez,59,44,2,"[84.1, 75.6]","[81.2, 69.2]",7.0263786,-1.996246,Ground Pass,,,,,,,,,,,,From Throw In
3857289,Argentina,Enzo Fernandez,Rodrigo Javier De Paul,59,46,2,"[81.2, 69.2]","[84.1, 75.8]",7.209022,1.1567973,Ground Pass,,,,,,,,,,,,From Throw In
3857289,Argentina,Rodrigo Javier De Paul,Nicolás Hernán Otamendi,59,48,2,"[83.5, 76.2]","[63.5, 64.2]",23.323807,-2.6011732,Ground Pass,,,,,,,,,,,,From Throw In
3857289,Argentina,Nicolás Hernán Otamendi,Lisandro Martínez,59,50,2,"[63.3, 62.8]","[68.6, 30.6]",32.633266,-1.4076627,Ground Pass,,,,,,,,,,,,From Throw In
3857289,Argentina,Lisandro Martínez,Enzo Fernandez,59,54,2,"[75.8, 27.0]","[76.2, 50.0]",23.003477,1.5534068,Ground Pass,,,,,,,,,,,,From Throw In
3857289,Argentina,Enzo Fernandez,Rodrigo Javier De Paul,59,58,2,"[79.8, 54.8]","[83.3, 67.5]",13.173458,1.3018812,Ground Pass,,,,,,,,,,,,From Throw In
3857289,Argentina,Rodrigo Javier De Paul,Gonzalo Ariel Montiel,60,0,2,"[90.9, 71.5]","[104.5, 76.6]",14.524806,0.35877067,Ground Pass,,,,,,,,,,,,From Throw In
3857289,Argentina,Gonzalo Ariel Montiel,Rodrigo Javier De Paul,60,3,2,"[103.6, 76.8]","[93.8, 75.8]",9.850888,-3.0399039,Ground Pass,,,,,,,,,,,,From Throw In
3857289,Argentina,Rodrigo Javier De Paul,Enzo Fernandez,60,6,2,"[93.1, 75.8]","[81.0, 72.7]",12.490797,-2.8907888,Ground Pass,,,,,,,,,,,,From Throw In
3857289,Argentina,Enzo Fernandez,Nicolás Hernán Otamendi,60,8,2,"[81.0, 72.7]","[75.0, 51.1]",22.41785,-1.8417432,Ground Pass,,,,,,,,,,,,From Throw In
3857289,Argentina,Nicolás Hernán Otamendi,Lisandro Martínez,60,10,2,"[75.0, 45.1]","[78.5, 33.0]",12.596031,-1.2892251,Ground Pass,,,,,,,,,,,,From Throw In
3857289,Argentina,Lisandro Martínez,Nicolás Hernán Otamendi,60,13,2,"[76.4, 34.8]","[70.6, 46.7]",13.238202,2.0243092,Ground Pass,,,,,,,,,,,,From Throw In
3857289,Argentina,Nicolás Hernán Otamendi,Gonzalo Ariel Montiel,60,15,2,"[70.6, 46.7]","[95.9, 76.3]",38.939056,0.8635628,Ground Pass,,,,,,,,,,,,From Throw In
3857289,Argentina,Gonzalo Ariel Montiel,Enzo Fernandez,60,19,2,"[94.9, 75.6]","[83.9, 75.6]",11.0,3.1415927,Ground Pass,,,,,,,,,,,,From Throw In
3857289,Argentina,Enzo Fernandez,Lautaro Javier Martínez,60,23,2,"[86.6, 72.7]","[107.4, 44.6]",34.960693,-0.933588,High Pass,,,True,,,,Incomplete,,,,,From Throw In
3857289,Argentina,Lionel Andrés Messi Cuccittini,Nicolás Hernán Otamendi,60,25,2,"[93.9, 47.8]","[76.4, 53.4]",18.374166,2.8318896,High Pass,Recovery,,,,,,,,,,True,From Throw In
3857289,Argentina,Nicolás Hernán Otamendi,Enzo Fernandez,60,27,2,"[76.4, 53.0]","[81.8, 64.8]",12.976903,1.1416178,Ground Pass,,,,,,,,,,,,From Throw In
3857289,Argentina,Enzo Fernandez,Rodrigo Javier De Paul,60,29,2,"[81.6, 64.6]","[84.5, 75.8]",11.569356,1.3174322,Ground Pass,,,,,,,,,,,,From Throw In
3857289,Argentina,Rodrigo Javier De Paul,Gonzalo Ariel Montiel,60,30,2,"[85.4, 75.4]","[87.5, 66.7]",8.949861,-1.3339475,Ground Pass,,,,,,,,,,,True,From Throw In
3857289,Argentina,Gonzalo Ariel Montiel,Enzo Fernandez,60,31,2,"[86.4, 66.5]","[76.6, 69.1]",10.139033,2.8822608,Ground Pass,,,,,,,,,,,True,From Throw In
3857289,Argentina,Enzo Fernandez,Lisandro Martínez,60,33,2,"[76.6, 69.1]","[70.6, 36.2]",33.44264,-1.7511847,Ground Pass,,,,,,,,,,,,From Throw In
3857289,Argentina,Lisandro Martínez,Alexis Mac Allister,60,36,2,"[70.6, 36.2]","[84.5, 27.4]",16.451445,-0.5643982,Ground Pass,,,,,,,,,,,,From Throw In
3857289,Argentina,Alexis Mac Allister,Ángel Fabián Di María Hernández,60,39,2,"[87.2, 18.9]","[89.9, 6.0]",13.179529,-1.3644724,Ground Pass,,,,,,,,,,,,From Throw In
3857289,Argentina,Ángel Fabián Di María Hernández,Alexis Mac Allister,60,43,2,"[103.6, 6.0]","[103.6, 9.1]",3.1,1.5707964,Low Pass,,,,,,,Incomplete,,,,,From Throw In
3857289,Argentina,Alexis Mac Allister,Marcos Javier Acuña,60,45,2,"[94.9, 5.0]","[94.5, 14.7]",9.708244,1.6120101,Ground Pass,Recovery,,,,,,,,,,True,From Throw In
3857289,Argentina,Marcos Javier Acuña,Rodrigo Javier De Paul,60,46,2,"[94.5, 14.7]","[92.5, 28.4]",13.845216,1.7157577,Ground Pass,,,,,,,,,,,,From Throw In
3857289,Argentina,Alexis Mac Allister,Enzo Fernandez,61,1,2,"[70.8, 17.4]","[67.3, 21.8]",5.6222773,2.2427595,Ground Pass,,,,,,,,,,,,From Throw In
3857289,Argentina,Enzo Fernandez,Gonzalo Ariel Montiel,61,2,2,"[67.3, 21.8]","[70.2, 67.5]",45.79192,1.507424,Ground Pass,,,,,True,,,,,,,From Throw In
3857289,Argentina,Gonzalo Ariel Montiel,Lionel Andrés Messi Cuccittini,61,6,2,"[70.2, 66.7]","[70.0, 53.6]",13.101526,-1.5860623,Ground Pass,,,,,,,,,,,,From Throw In
3857289,Argentina,Lionel Andrés Messi Cuccittini,Alexis Mac Allister,61,9,2,"[74.4, 43.0]","[84.5, 25.3]",20.37891,-1.0522588,Ground Pass,,,,,,,,,,,True,From Throw In
3857289,Argentina,Alexis Mac Allister,Gonzalo Ariel Montiel,61,13,2,"[85.1, 27.0]","[79.0, 57.7]",31.30016,1.7669388,Ground Pass,,,,,,,,,,,,From Throw In
3857289,Argentina,Gonzalo Ariel Montiel,Ángel Fabián Di María Hernández,61,16,2,"[79.0, 57.7]","[98.6, 75.0]",26.142878,0.72314805,Ground Pass,,,,,,,,,,,,From Throw In
3857289,Argentina,Ángel Fabián Di María Hernández,Lautaro Javier Martínez,61,25,2,"[97.0, 71.0]","[98.6, 67.7]",3.6674242,-1.1193433,Low Pass,,,,,,,Incomplete,,,,,From Throw In
3857289,Argentina,Rodrigo Javier De Paul,Nicolás Hernán Otamendi,61,27,2,"[91.8, 68.6]","[82.2, 65.9]",9.972462,-2.8674252,Ground Pass,Recovery,,,,,,,,,,,From Throw In
3857289,Argentina,Nicolás Hernán Otamendi,Rodrigo Javier De Paul,61,29,2,"[82.2, 65.9]","[85.6, 72.5]",7.4242845,1.0951011,Ground Pass,,,,,,,,,,,,From Throw In
3857289,Argentina,Rodrigo Javier De Paul,Enzo Fernandez,61,32,2,"[84.8, 72.0]","[73.1, 42.6]",31.642534,-1.9495422,Ground Pass,,,,,,,,,,,,From Throw In
3857289,Argentina,Enzo Fernandez,Ángel Fabián Di María Hernández,61,37,2,"[79.3, 57.9]","[94.7, 77.9]",25.24203,0.9146176,Ground Pass,,,,,,,,,,,,From Throw In
3857289,Argentina,Ángel Fabián Di María Hernández,,61,42,2,"[97.8, 67.1]","[105.7, 45.7]",22.81162,-1.2171564,Low Pass,,,True,,,,Incomplete,,,,,From Throw In
3857289,Argentina,Rodrigo Javier De Paul,Marcos Javier Acuña,61,55,2,"[74.2, 69.1]","[98.7, 8.7]",65.179825,-1.1854467,High Pass,,,,,True,,Incomplete,,,,,From Throw In
3857289,Argentina,Lisandro Martínez,Marcos Javier Acuña,62,1,2,"[77.3, 2.1]","[87.2, 2.5]",9.908077,0.040382076,Ground Pass,,,,,,,Incomplete,,,,,From Throw In
3857289,Argentina,Damián Emiliano Martínez,Enzo Fernandez,63,8,2,"[7.0, 36.1]","[35.7, 44.2]",29.821133,0.27507535,Ground Pass,Goal Kick,,,,,,,,,,,From Goal Kick
3857289,Argentina,Enzo Fernandez,Nahuel Molina Lucero,63,14,2,"[50.9, 51.7]","[64.8, 74.8]",26.959599,1.0291046,Ground Pass,,,,,,,,,,,,From Goal Kick
3857289,Argentina,Nahuel Molina Lucero,Ángel Fabián Di María Hernández,63,16,2,"[69.8, 75.4]","[76.6, 78.3]",7.392564,0.4031156,Ground Pass,,,,,,,,,,,,From Goal Kick
3857289,Argentina,Ángel Fabián Di María Hernández,Lionel Andrés Messi Cuccittini,63,19,2,"[80.2, 77.7]","[72.0, 72.3]",9.81835,-2.5592396,Ground Pass,,,,,,,,,,,,From Goal Kick
3857289,Argentina,Lionel Andrés Messi Cuccittini,Enzo Fernandez,63,22,2,"[74.1, 69.8]","[81.0, 58.2]",13.497037,-1.0341887,Ground Pass,,,,,,,,,,,,From Goal Kick
3857289,Argentina,Enzo Fernandez,Ángel Fabián Di María Hernández,63,25,2,"[82.7, 63.3]","[90.6, 76.0]",14.956604,1.0143231,Ground Pass,,,,,,,,,,,,From Goal Kick
3857289,Argentina,Ángel Fabián Di María Hernández,Lionel Andrés Messi Cuccittini,63,30,2,"[97.4, 68.5]","[93.3, 37.6]",31.17082,-1.7027118,Ground Pass,,,,,,,,,True,dc43408a-c64f-4d73-a507-5ede555a0985,,From Goal Kick
3857289,Argentina,Marcos Javier Acuña,Lisandro Martínez,66,26,2,"[62.1, 1.7]","[49.5, 4.1]",12.826535,2.953371,Ground Pass,Free Kick,,,,,,,,,,,From Free Kick
3857289,Argentina,Lisandro Martínez,Alexis Mac Allister,66,31,2,"[41.7, 13.3]","[56.3, 21.6]",16.794344,0.51693046,Ground Pass,,,,,,,,,,,,From Free Kick
3857289,Argentina,Alexis Mac Allister,Marcos Javier Acuña,66,32,2,"[56.5, 20.8]","[63.1, 7.0]",15.297058,-1.1246908,Ground Pass,,,,,,,Incomplete,,,,True,From Free Kick
3857289,Argentina,Marcos Javier Acuña,Julián Álvarez,66,44,2,"[36.8, 10.2]","[56.1, 17.8]",20.742468,0.3751349,High Pass,Recovery,,,,,,Incomplete,,,,,Regular Play
3857289,Argentina,Damián Emiliano Martínez,Julián Álvarez,68,58,2,"[20.8, 16.8]","[91.0, 19.7]",70.25987,0.041287065,High Pass,Free Kick,,,,,,Incomplete,,,,,From Free Kick
3857289,Argentina,Marcos Javier Acuña,Julián Álvarez,69,27,2,"[83.1, 0.1]","[95.9, 10.1]",16.243153,0.663203,Low Pass,Throw-in,,,,,,Incomplete,,,,,From Throw In
3857289,Argentina,Exequiel Alejandro Palacios,Julián Álvarez,69,30,2,"[90.4, 20.5]","[96.0, 22.6]",5.9808025,0.35877067,Ground Pass,,,,,,,,,,,,From Throw In
3857289,Argentina,Julián Álvarez,Lionel Andrés Messi Cuccittini,69,31,2,"[90.9, 26.8]","[87.2, 33.2]",7.392564,2.094976,Ground Pass,,,,,,,,,,,True,From Throw In
3857289,Argentina,Lionel Andrés Messi Cuccittini,Exequiel Alejandro Palacios,69,34,2,"[87.4, 32.0]","[97.4, 21.0]",14.866069,-0.8329813,Ground Pass,,,,,,,,,,,,From Throw In
3857289,Argentina,Exequiel Alejandro Palacios,Marcos Javier Acuña,69,35,2,"[97.4, 21.0]","[106.6, 10.2]",14.187318,-0.8652282,Ground Pass,,,,,,,,,,,,From Throw In
3857289,Argentina,Marcos Javier Acuña,Nahuel Molina Lucero,69,36,2,"[106.6, 10.2]","[101.5, 49.2]",39.332047,1.7008277,Ground Pass,,,True,,,,,True,,3424d17c-9fc4-4cd3-bb30-9292c7e3a5d1,,From Throw In
3857289,Argentina,Damián Emiliano Martínez,Julián Álvarez,71,16,2,"[7.0, 36.1]","[88.0, 18.6]",82.86887,-0.21277896,High Pass,Goal Kick,,,,,,Incomplete,,,,,From Goal Kick
3857289,Argentina,Marcos Javier Acuña,Rodrigo Javier De Paul,71,26,2,"[87.7, 22.8]","[81.9, 33.8]",12.435433,2.0560234,Low Pass,Recovery,,,,,,,,,,,From Goal Kick
3857289,Argentina,Rodrigo Javier De Paul,Nahuel Molina Lucero,71,29,2,"[78.7, 38.4]","[81.8, 68.6]",30.358688,1.4685056,Ground Pass,,,,,,,,,,,,From Goal Kick
3857289,Argentina,Nahuel Molina Lucero,Lionel Andrés Messi Cuccittini,71,33,2,"[83.9, 69.6]","[80.6, 61.5]",8.746428,-1.957672,Ground Pass,,,,,,,Incomplete,,,,,From Goal Kick
3857289,Argentina,Nahuel Molina Lucero,Rodrigo Javier De Paul,71,37,2,"[94.3, 75.6]","[90.9, 77.7]",3.9962482,2.5882983,Low Pass,,,,,,,,,,,,From Goal Kick
3857289,Argentina,Rodrigo Javier De Paul,Nahuel Molina Lucero,71,38,2,"[90.9, 77.7]","[105.7, 78.3]",14.812158,0.04051835,High Pass,,,,,,,,,,,,From Goal Kick
3857289,Argentina,Nahuel Molina Lucero,Rodrigo Javier De Paul,71,44,2,"[114.5, 77.7]","[101.2, 78.3]",13.313527,3.0965104,Ground Pass,,,,,,,,,,,,From Goal Kick
3857289,Argentina,Rodrigo Javier De Paul,Lionel Andrés Messi Cuccittini,71,48,2,"[94.1, 76.3]","[93.1, 71.3]",5.0990195,-1.7681919,Ground Pass,,,,,,,Incomplete,,,,,From Goal Kick
3857289,Argentina,Enzo Fernandez,Lionel Andrés Messi Cuccittini,71,52,2,"[76.0, 70.0]","[80.6, 63.3]",8.127115,-0.9691427,High Pass,Recovery,,,,,,,,,,,From Goal Kick
3857289,Argentina,Nahuel Molina Lucero,Enzo Fernandez,73,0,2,"[28.8, 80.0]","[22.2, 73.3]",9.404786,-2.3486757,Low Pass,Throw-in,,,,,,,,,,,From Throw In
3857289,Argentina,Enzo Fernandez,,73,1,2,"[23.4, 73.3]","[50.5, 52.1]",34.40712,-0.66384715,High Pass,,,,,,,Incomplete,,,,,From Throw In
3857289,Argentina,Damián Emiliano Martínez,Julián Álvarez,73,31,2,"[12.3, 38.6]","[81.2, 15.8]",72.57445,-0.3195719,High Pass,,,,,,,Incomplete,,,,,Regular Play
3857289,Argentina,Exequiel Alejandro Palacios,Enzo Fernandez,73,59,2,"[63.3, 22.2]","[57.9, 26.3]",6.780118,2.4921918,Ground Pass,Free Kick,,,,,,,,,,,From Free Kick
3857289,Argentina,Enzo Fernandez,Cristian Gabriel Romero,74,2,2,"[48.8, 28.0]","[33.8, 42.0]",20.518284,2.3906636,Ground Pass,,,,,,,,,,,,From Free Kick
3857289,Argentina,Cristian Gabriel Romero,Nicolás Hernán Otamendi,74,4,2,"[33.8, 42.0]","[32.0, 63.3]",21.375921,1.6551031,Ground Pass,,,,,,,,,,,,From Free Kick
3857289,Argentina,Nicolás Hernán Otamendi,Nahuel Molina Lucero,74,7,2,"[26.5, 66.6]","[38.7, 77.0]",16.03122,0.7059199,Ground Pass,,,,,,,,,,,True,From Free Kick
3857289,Argentina,Nahuel Molina Lucero,Rodrigo Javier De Paul,74,9,2,"[31.7, 77.5]","[62.3, 77.5]",30.6,0.0,Ground Pass,,,,,,,,,,,True,From Free Kick
3857289,Argentina,Rodrigo Javier De Paul,Nahuel Molina Lucero,74,16,2,"[62.8, 77.1]","[70.8, 77.9]",8.039901,0.09966865,Ground Pass,,,,,,,,,,,,From Free Kick
3857289,Argentina,Nahuel Molina Lucero,Enzo Fernandez,74,19,2,"[68.6, 77.9]","[60.9, 71.0]",10.339246,-2.4109342,Ground Pass,,,,,,,Incomplete,,,,True,From Free Kick
3857289,Argentina,Enzo Fernandez,Lionel Andrés Messi Cuccittini,74,24,2,"[61.7, 66.4]","[69.2, 51.9]",16.324827,-1.0934509,Ground Pass,,,,,,,,,,,,From Free Kick
3857289,Argentina,Nahuel Molina Lucero,Lionel Andrés Messi Cuccittini,75,37,2,"[32.4, 80.0]","[41.1, 76.0]",9.57549,-0.43094897,Low Pass,Throw-in,,,,,,,,,,,From Throw In
3857289,Argentina,Nahuel Molina Lucero,Julián Álvarez,75,52,2,"[38.4, 80.0]","[54.0, 64.6]",21.920767,-0.77894664,High Pass,Throw-in,,,,,,,,,,,From Throw In
3857289,Argentina,Julián Álvarez,Exequiel Alejandro Palacios,75,53,2,"[54.0, 64.6]","[45.5, 50.5]",16.4639,-2.1132991,Ground Pass,,,,,,,Incomplete,,,,,From Throw In
3857289,Argentina,Exequiel Alejandro Palacios,Enzo Fernandez,76,28,2,"[54.8, 25.6]","[51.1, 34.9]",10.008996,1.9494474,Ground Pass,,,,,,,,,,,,Regular Play
3857289,Argentina,Enzo Fernandez,Julián Álvarez,76,29,2,"[51.1, 34.9]","[84.5, 21.6]",35.95066,-0.3789568,Ground Pass,,,,,,,,,,,,Regular Play
3857289,Argentina,Julián Álvarez,Lionel Andrés Messi Cuccittini,76,34,2,"[115.5, 25.3]","[107.0, 34.3]",12.379418,2.3276308,Ground Pass,,,True,True,,,,,,,,Regular Play
3857289,Argentina,Lionel Andrés Messi Cuccittini,Julián Álvarez,76,55,2,"[92.0, 22.1]","[96.7, 30.8]",9.888377,1.0754851,Ground Pass,,,,,,,,,,,,Regular Play
3857289,Argentina,Julián Álvarez,Lionel Andrés Messi Cuccittini,76,56,2,"[98.1, 31.4]","[120.0, 24.1]",23.084627,-0.32175055,Ground Pass,,,,,,,Out,,,,True,Regular Play
3857289,Argentina,Julián Álvarez,Enzo Fernandez,78,0,2,"[33.9, 58.5]","[40.2, 62.7]",7.5716577,0.5880026,Ground Pass,Recovery,,,,,,,,,,True,Regular Play
3857289,Argentina,Enzo Fernandez,Exequiel Alejandro Palacios,78,2,2,"[41.8, 62.5]","[44.7, 48.3]",14.493102,-1.3693413,Ground Pass,,,,,,,,,,,,Regular Play
3857289,Argentina,Enzo Fernandez,Nicolás Hernán Otamendi,78,41,2,"[49.0, 56.3]","[46.0, 74.4]",18.346935,1.7350489,Ground Pass,Free Kick,,,,,,,,,,,From Free Kick
3857289,Argentina,Nicolás Hernán Otamendi,Nahuel Molina Lucero,78,43,2,"[46.0, 74.4]","[61.9, 78.3]",16.371317,0.24053425,Ground Pass,,,,,,,,,,,,From Free Kick
3857289,Argentina,Nahuel Molina Lucero,Enzo Fernandez,78,45,2,"[59.0, 75.5]","[58.2, 72.0]",3.5902646,-1.7955076,Ground Pass,,,,,,,,,,,True,From Free Kick
3857289,Argentina,Enzo Fernandez,Nicolás Hernán Otamendi,78,46,2,"[58.2, 72.0]","[45.5, 74.8]",13.004999,2.9245918,Ground Pass,,,,,,,,,,,,From Free Kick
3857289,Argentina,Nicolás Hernán Otamendi,,78,50,2,"[34.1, 77.7]","[73.6, 74.6]",39.62146,-0.07832047,High Pass,,,,,,,Incomplete,,,,,From Free Kick
3857289,Argentina,Nicolás Hernán Otamendi,Lionel Andrés Messi Cuccittini,78,54,2,"[43.7, 71.3]","[76.9, 64.2]",33.9507,-0.2106819,High Pass,Recovery,,,,,,Incomplete,,,,,From Free Kick
3857289,Argentina,Enzo Fernandez,Julián Álvarez,78,58,2,"[58.1, 62.7]","[78.4, 62.2]",20.306156,-0.024625562,Low Pass,Recovery,,,,,,,,,,True,From Free Kick
3857289,Argentina,Julián Álvarez,Lionel Andrés Messi Cuccittini,79,0,2,"[80.4, 65.2]","[83.9, 68.1]",4.545327,0.69192135,Ground Pass,,,,,,,,,,,True,From Free Kick
3857289,Argentina,Rodrigo Javier De Paul,Nicolás Hernán Otamendi,79,33,2,"[82.6, 68.7]","[69.2, 73.0]",14.073024,2.8310776,Ground Pass,Free Kick,,,,,,,,,,,From Free Kick
3857289,Argentina,Nicolás Hernán Otamendi,Cristian Gabriel Romero,79,35,2,"[66.1, 73.6]","[44.9, 53.0]",29.560108,-2.3705475,Ground Pass,,,,,,,,,,,,From Free Kick
3857289,Argentina,Cristian Gabriel Romero,Damián Emiliano Martínez,79,39,2,"[38.6, 43.1]","[13.5, 40.0]",25.29071,-3.018709,Ground Pass,,,,,,,,,,,,From Free Kick
3857289,Argentina,Damián Emiliano Martínez,Julián Álvarez,79,43,2,"[14.0, 48.3]","[84.1, 49.3]",70.10713,0.0142643675,High Pass,,,,,,,Incomplete,,,,,From Free Kick
3857289,Argentina,Damián Emiliano Martínez,,81,48,2,"[17.6, 46.7]","[96.3, 72.6]",82.85228,0.31793377,High Pass,,,,,,,Incomplete,,,,,From Keeper
3857289,Argentina,Enzo Fernandez,Exequiel Alejandro Palacios,82,2,2,"[70.6, 29.8]","[78.2, 26.9]",8.134495,-0.364526,Low Pass,Recovery,,,,,,,,,,,Regular Play
3857289,Argentina,Marcos Javier Acuña,Exequiel Alejandro Palacios,82,42,2,"[18.8, 0.1]","[39.2, 3.5]",20.681393,0.16514868,High Pass,Throw-in,,,,,,Incomplete,,,,,From Throw In
3857289,Argentina,Nahuel Molina Lucero,Lionel Andrés Messi Cuccittini,82,50,2,"[18.8, 53.9]","[70.6, 27.1]",58.32221,-0.4774504,High Pass,,,,,,,Incomplete,,,,,Regular Play
3857289,Argentina,Enzo Fernandez,Rodrigo Javier De Paul,82,57,2,"[50.0, 46.1]","[67.4, 74.2]",33.05102,1.0163664,Ground Pass,,,,,,,,,,,,Regular Play
3857289,Argentina,Nahuel Molina Lucero,Julián Álvarez,83,32,2,"[83.1, 80.0]","[105.3, 76.4]",22.489998,-0.16076274,High Pass,Throw-in,,,,,,,,,,,From Throw In
3857289,Argentina,Julián Álvarez,Rodrigo Javier De Paul,83,37,2,"[102.2, 76.6]","[104.0, 71.3]",5.5973206,-1.2433962,Ground Pass,,,,,,,,,,,,From Throw In
3857289,Argentina,Exequiel Alejandro Palacios,Lionel Andrés Messi Cuccittini,85,2,2,"[19.3, 47.9]","[38.6, 64.5]",25.456825,0.71033055,Low Pass,Recovery,,,,,,,,,,,Regular Play
3857289,Argentina,Lionel Andrés Messi Cuccittini,Rodrigo Javier De Paul,85,5,2,"[48.0, 60.3]","[70.7, 30.7]",37.302143,-0.9165718,Ground Pass,,,,,,,,,,,True,Regular Play
3857289,Argentina,Marcos Javier Acuña,Julián Álvarez,85,44,2,"[90.1, 0.1]","[89.4, 16.8]",16.714664,1.612688,Low Pass,Throw-in,,,,,,,,,,,From Throw In
3857289,Argentina,Julián Álvarez,Nahuel Molina Lucero,85,46,2,"[89.4, 17.5]","[72.4, 60.9]",46.61073,1.9441315,High Pass,,,,,True,,,,,,,From Throw In
3857289,Argentina,Nahuel Molina Lucero,Nicolás Hernán Otamendi,85,51,2,"[75.3, 61.4]","[65.3, 56.7]",11.049435,-2.702232,Ground Pass,,,,,,,,,,,True,From Throw In
3857289,Argentina,Nicolás Hernán Otamendi,Lisandro Martínez,85,53,2,"[65.3, 56.7]","[67.4, 32.0]",24.78911,-1.48598,Ground Pass,,,,,,,,,,,,From Throw In
3857289,Argentina,Lisandro Martínez,Marcos Javier Acuña,85,55,2,"[71.6, 23.9]","[91.0, 3.1]",28.442924,-0.82021,Ground Pass,,,,,,,,,,,,From Throw In
3857289,Argentina,Rodrigo Javier De Paul,Lionel Andrés Messi Cuccittini,86,34,2,"[120.0, 0.1]","[110.9, 7.8]",11.92057,2.4393358,Ground Pass,Corner,,,,,,,,,,,From Corner
3857289,Argentina,Lionel Andrés Messi Cuccittini,Enzo Fernandez,86,36,2,"[108.9, 8.8]","[100.7, 17.3]",11.810589,2.3382323,Ground Pass,,,,,,,,,True,faf9b06c-ec39-4b93-bf90-ae0154ce07ff,,From Corner
3857289,Argentina,Cristian Gabriel Romero,Lionel Andrés Messi Cuccittini,89,24,2,"[35.4, 76.0]","[88.8, 74.8]",53.413483,-0.02246813,High Pass,Free Kick,,,,,,Unknown,,,,,From Free Kick
3857289,Argentina,Lionel Andrés Messi Cuccittini,Rodrigo Javier De Paul,90,0,2,"[91.6, 74.8]","[90.1, 76.2]",2.0518284,2.3906636,Ground Pass,Free Kick,,,,,,,,,,,From Free Kick
3857289,Argentina,Rodrigo Javier De Paul,Lionel Andrés Messi Cuccittini,90,1,2,"[90.1, 76.2]","[88.4, 75.5]",1.8384776,-2.7509856,Ground Pass,,,,,,,,,,,,From Free Kick
3857289,Argentina,Lionel Andrés Messi Cuccittini,Nicolás Hernán Otamendi,90,2,2,"[87.7, 75.5]","[68.3, 74.8]",19.412624,-3.1055257,Ground Pass,,,,,,,,,,,True,From Free Kick
3857289,Argentina,Nicolás Hernán Otamendi,Cristian Gabriel Romero,90,4,2,"[63.5, 72.6]","[48.2, 54.1]",24.007082,-2.2618012,Ground Pass,,,,,,,,,,,,From Free Kick
3857289,Argentina,Cristian Gabriel Romero,Damián Emiliano Martínez,90,7,2,"[44.5, 52.6]","[10.2, 40.2]",36.47259,-2.7946956,Ground Pass,,,,,,,,,,,,From Free Kick
3857289,Argentina,Damián Emiliano Martínez,Nicolás Hernán Otamendi,90,9,2,"[10.7, 40.6]","[25.4, 73.8]",36.308815,1.1539702,Ground Pass,,,,,,,,,,,,From Free Kick
3857289,Argentina,Nicolás Hernán Otamendi,Enzo Fernandez,90,13,2,"[18.8, 74.6]","[26.8, 69.8]",9.329523,-0.5404195,Ground Pass,,,,,,,,,,,,From Free Kick
3857289,Argentina,Enzo Fernandez,Lionel Andrés Messi Cuccittini,90,17,2,"[31.9, 76.9]","[45.1, 76.4]",13.209466,-0.037860688,Ground Pass,,,,,,,Incomplete,,,,True,From Free Kick
3857289,Argentina,Nicolás Hernán Otamendi,Rodrigo Javier De Paul,92,51,2,"[43.3, 65.8]","[63.9, 62.7]",20.831947,-0.14936467,High Pass,Recovery,,,,,,Incomplete,,,,True,From Throw In
3857289,Argentina,Enzo Fernandez,,92,59,2,"[43.7, 58.5]","[79.5, 42.0]",39.41941,-0.43187624,High Pass,Recovery,,,,,,Incomplete,,,,True,From Throw In
3857289,Argentina,Nicolás Hernán Otamendi,Rodrigo Javier De Paul,94,46,2,"[14.0, 51.6]","[31.2, 78.3]",31.76051,0.9985129,Low Pass,Interception,,,,,,,,,,,From Throw In
3857289,Argentina,Rodrigo Javier De Paul,,94,50,2,"[31.4, 77.3]","[87.7, 50.1]",62.526234,-0.4500576,High Pass,,,,,,,Incomplete,,,,,From Throw In
3857289,Argentina,Exequiel Alejandro Palacios,Enzo Fernandez,95,20,2,"[22.6, 61.2]","[22.6, 52.8]",8.4,-1.5707964,Ground Pass,,,,,,,,,,,,Regular Play
3857289,Argentina,Enzo Fernandez,Lionel Andrés Messi Cuccittini,95,21,2,"[24.3, 53.4]","[33.3, 47.5]",10.761505,-0.5802708,Ground Pass,,,,,,,,,,,,Regular Play
3857289,Argentina,Damián Emiliano Martínez,Julián Álvarez,96,11,2,"[39.4, 55.2]","[97.4, 12.0]",72.3204,-0.64018255,High Pass,Free Kick,,,,True,,Incomplete,,,,,From Free Kick
3857289,Argentina,Lisandro Martínez,Marcos Javier Acuña,96,17,2,"[82.4, 22.1]","[101.0, 6.7]",24.147879,-0.69155693,High Pass,Recovery,,,,,,Incomplete,,,,,From Free Kick
3857289,Argentina,Enzo Fernandez,Marcos Javier Acuña,96,21,2,"[92.8, 14.9]","[97.7, 7.5]",8.875246,-0.9859187,Ground Pass,Recovery,,,,,,,,,,,From Free Kick
