match_id,team,player,pass_recipient,minute,second,period,location,pass_end_location,pass_length,pass_angle,pass_height,pass_type,pass_technique,pass_cross,pass_switch,pass_through_ball,pass_deflected,pass_outcome,pass_shot_assist,pass_assisted_shot_id,under_pressure,play_pattern
7530,France,Benjamin Pavard,Corentin Tolisso,0,15,1,"[36.0, 80.0]","[42.0, 76.0]",7.2111025,-0.5880026,Low Pass,Throw-in,,,,,,,,,,From Throw In
7530,France,Corentin Tolisso,Benjamin Pavard,0,16,1,"[43.0, 76.0]","[38.0, 79.0]",5.8309517,2.6011732,Low Pass,,,,,,,,,,True,From Throw In
7530,France,Benjamin Pavard,Kylian Mbappé Lottin,0,17,1,"[38.0, 79.0]","[75.0, 76.0]",37.12142,-0.0809041,High Pass,,,,,,,Incomplete,,,True,From Throw In
7530,France,Corentin Tolisso,Raphaël Varane,0,22,1,"[48.0, 70.0]","[37.0, 60.0]",14.866069,-2.4037776,High Pass,,,,,,,,,,True,From Throw In
7530,France,Raphaël Varane,Antoine Griezmann,0,25,1,"[37.0, 59.0]","[53.0, 59.0]",16.0,0.0,Ground Pass,,,,,,,Incomplete,,,True,From Throw In
7530,France,Raphaël Varane,Corentin Tolisso,0,28,1,"[25.0, 59.0]","[39.0, 64.0]",14.866069,0.34302393,High Pass,Recovery,,,,,,,,,True,From Throw In
7530,France,Corentin Tolisso,Benjamin Pavard,0,30,1,"[39.0, 63.0]","[21.0, 68.0]",18.681541,2.8706458,Ground Pass,,,,,,,,,,,From Throw In
7530,France,Benjamin Pavard,Hugo Lloris,0,33,1,"[15.0, 71.0]","[5.0, 48.0]",25.079872,-1.9809237,Ground Pass,,,,,,,,,,,From Throw In
7530,France,Hugo Lloris,Paul Pogba,0,34,1,"[5.0, 46.0]","[35.0, 56.0]",31.622776,0.32175055,High Pass,,,,,,,Incomplete,,,,From Throw In
7530,France,Hugo Lloris,Raphaël Varane,0,48,1,"[12.0, 38.0]","[26.0, 61.0]",26.925823,1.0240074,Ground Pass,,,,,,,,,,,From Throw In
7530,France,Raphaël Varane,Benjamin Pavard,0,52,1,"[34.0, 65.0]","[44.0, 77.0]",15.6205,0.87605804,Ground Pass,,,,,,,,,,,From Throw In
7530,France,Benjamin Pavard,Hugo Lloris,0,55,1,"[41.0, 74.0]","[16.0, 47.0]",36.796738,-2.317752,Ground Pass,,,,,,,,,,,From Throw In
7530,France,Hugo Lloris,Samuel Yves Umtiti,0,59,1,"[16.0, 43.0]","[30.0, 24.0]",23.600847,-0.9357696,Ground Pass,,,,,,,,,,,From Throw In
7530,France,Samuel Yves Umtiti,Paul Pogba,1,6,1,"[45.0, 15.0]","[51.0, 10.0]",7.81025,-0.69473827,Ground Pass,,,,,,,,,,,From Throw In
7530,France,Paul Pogba,Samuel Yves Umtiti,1,7,1,"[51.0, 10.0]","[45.0, 18.0]",10.0,2.2142975,Ground Pass,,,,,,,,,,,From Throw In
7530,France,Samuel Yves Umtiti,Raphaël Varane,1,10,1,"[47.0, 21.0]","[47.0, 61.0]",40.0,1.5707964,Ground Pass,,,,True,,,,,,,From Throw In
7530,France,Raphaël Varane,Benjamin Pavard,1,12,1,"[49.0, 61.0]","[71.0, 77.0]",27.202942,0.6287963,Ground Pass,,,,,,,,,,,From Throw In
7530,France,Benjamin Pavard,Antoine Griezmann,1,15,1,"[73.0, 78.0]","[78.0, 78.0]",5.0,0.0,Ground Pass,,,,,,,,,,,From Throw In
7530,France,Antoine Griezmann,Benjamin Pavard,1,17,1,"[77.0, 78.0]","[65.0, 78.0]",12.0,3.1415927,Ground Pass,,,,,,,,,,True,From Throw In
7530,France,Benjamin Pavard,Corentin Tolisso,1,18,1,"[66.0, 78.0]","[66.0, 66.0]",12.0,-1.5707964,Ground Pass,,,,,,,,,,,From Throw In
7530,France,Corentin Tolisso,N''Golo Kanté,1,23,1,"[52.0, 74.0]","[58.0, 63.0]",12.529964,-1.0714496,Ground Pass,,,,,,,,,,,From Throw In
7530,France,N''Golo Kanté,Benjamin Pavard,1,26,1,"[65.0, 65.0]","[72.0, 78.0]",14.764823,1.076855,Ground Pass,,,,,,,,,,,From Throw In
7530,France,Benjamin Pavard,Kylian Mbappé Lottin,1,28,1,"[77.0, 78.0]","[107.0, 60.0]",34.98571,-0.5404195,Ground Pass,,,,,,,,True,0f13b7ef-71b0-4b2a-becb-33f270e26a03,,From Throw In
7530,France,Antoine Griezmann,Kylian Mbappé Lottin,2,1,1,"[119.0, 80.0]","[117.0, 47.0]",33.06055,-1.6313283,High Pass,Corner,,,,,,Incomplete,,,,From Corner
7530,France,Lucas Hernández Pi,Paul Pogba,2,15,1,"[99.0, 1.0]","[106.0, 11.0]",12.206555,0.9600704,Low Pass,Throw-in,,,,,,,,,,From Throw In
7530,France,Paul Pogba,Lucas Hernández Pi,2,15,1,"[106.0, 10.0]","[100.0, 4.0]",8.485281,-2.3561945,Ground Pass,,,,,,,,,,,From Throw In
7530,France,Lucas Hernández Pi,Ousmane Dembélé,2,18,1,"[98.0, 6.0]","[90.0, 3.0]",8.5440035,-2.782822,Ground Pass,,,,,,,,,,,From Throw In
7530,France,Ousmane Dembélé,Raphaël Varane,2,19,1,"[89.0, 3.0]","[74.0, 38.0]",38.078865,1.9756881,High Pass,,,,,,,,,,,From Throw In
7530,France,Raphaël Varane,Corentin Tolisso,2,21,1,"[74.0, 38.0]","[74.0, 31.0]",7.0,-1.5707964,Low Pass,,,,,,,,,,,From Throw In
7530,France,Corentin Tolisso,Samuel Yves Umtiti,2,23,1,"[74.0, 31.0]","[67.0, 17.0]",15.652476,-2.0344439,Ground Pass,,,,,,,,,,,From Throw In
7530,France,Samuel Yves Umtiti,Kylian Mbappé Lottin,2,26,1,"[73.0, 14.0]","[97.0, 22.0]",25.298222,0.32175055,High Pass,,,,,,,,,,,From Throw In
7530,France,Kylian Mbappé Lottin,Ousmane Dembélé,2,27,1,"[97.0, 22.0]","[93.0, 19.0]",5.0,-2.4980915,Low Pass,,,,,,,Incomplete,,,,From Throw In
7530,France,Raphaël Varane,Benjamin Pavard,2,35,1,"[54.0, 46.0]","[76.0, 74.0]",35.608986,0.9048271,Ground Pass,,,,,,,,,,,From Throw In
7530,France,Benjamin Pavard,Corentin Tolisso,2,37,1,"[79.0, 76.0]","[72.0, 61.0]",16.552946,-2.0074234,Ground Pass,,,,,,,,,,,From Throw In
7530,France,Corentin Tolisso,Lucas Hernández Pi,2,41,1,"[72.0, 62.0]","[83.0, 6.0]",57.070133,-1.3768371,High Pass,,,,True,,,,,,,From Throw In
7530,France,Lucas Hernández Pi,Ousmane Dembélé,2,44,1,"[83.0, 7.0]","[79.0, 22.0]",15.524175,1.8313987,Ground Pass,,,,,,,,,,,From Throw In
7530,France,Ousmane Dembélé,Corentin Tolisso,2,50,1,"[75.0, 25.0]","[75.0, 37.0]",12.0,1.5707964,Ground Pass,,,,,,,,,,,From Throw In
7530,France,Corentin Tolisso,Benjamin Pavard,2,53,1,"[74.0, 41.0]","[90.0, 78.0]",40.311287,1.1626472,Ground Pass,,,,,,,,,,,From Throw In
7530,France,Benjamin Pavard,Corentin Tolisso,2,58,1,"[76.0, 68.0]","[70.0, 62.0]",8.485281,-2.3561945,Ground Pass,,,,,,,,,,,From Throw In
7530,France,Corentin Tolisso,N''Golo Kanté,3,1,1,"[65.0, 61.0]","[66.0, 44.0]",17.029387,-1.5120405,Ground Pass,,,,,,,,,,,From Throw In
7530,France,N''Golo Kanté,Samuel Yves Umtiti,3,4,1,"[65.0, 33.0]","[63.0, 15.0]",18.110771,-1.6814536,Ground Pass,,,,,,,,,,,From Throw In
7530,France,Samuel Yves Umtiti,Kylian Mbappé Lottin,3,7,1,"[69.0, 14.0]","[92.0, 31.0]",28.600698,0.6365082,Ground Pass,,,,,,,,,,,From Throw In
7530,France,Benjamin Pavard,Kylian Mbappé Lottin,4,45,1,"[7.0, 78.0]","[58.0, 78.0]",51.0,0.0,High Pass,,,,,,,Incomplete,,,True,Regular Play
7530,France,Corentin Tolisso,Antoine Griezmann,4,51,1,"[45.0, 77.0]","[48.0, 77.0]",3.0,0.0,Low Pass,,,,,,,Incomplete,,,,Regular Play
7530,France,Benjamin Pavard,,4,53,1,"[37.0, 78.0]","[45.0, 80.0]",8.246211,0.24497867,High Pass,Recovery,,,,,,Out,,,,Regular Play
7530,France,Kylian Mbappé Lottin,Ousmane Dembélé,5,26,1,"[54.0, 30.0]","[76.0, 3.0]",34.828148,-0.887087,Low Pass,,,,,,,,,,,Regular Play
7530,France,Ousmane Dembélé,Kylian Mbappé Lottin,5,33,1,"[97.0, 19.0]","[101.0, 21.0]",4.472136,0.4636476,Ground Pass,,,,,,,Incomplete,,,True,Regular Play
7530,France,Paul Pogba,Antoine Griezmann,5,36,1,"[95.0, 30.0]","[95.0, 41.0]",11.0,1.5707964,Low Pass,Recovery,,,,,,,True,8f0199eb-e587-43ec-a7fd-6dd36affeb76,,Regular Play
7530,France,Samuel Yves Umtiti,Paul Pogba,6,0,1,"[47.0, 19.0]","[57.0, 20.0]",10.049875,0.09966865,Ground Pass,,,,,,,,,,True,Regular Play
7530,France,Paul Pogba,N''Golo Kanté,6,1,1,"[57.0, 20.0]","[48.0, 27.0]",11.401754,2.4805496,Low Pass,,,,,,,,,,,Regular Play
7530,France,N''Golo Kanté,Benjamin Pavard,6,3,1,"[49.0, 29.0]","[50.0, 68.0]",39.012817,1.5451609,Ground Pass,,,,,,,,,,,Regular Play
7530,France,Benjamin Pavard,Antoine Griezmann,6,6,1,"[55.0, 70.0]","[66.0, 70.0]",11.0,0.0,Ground Pass,,,,,,,,,,,Regular Play
7530,France,Antoine Griezmann,Raphaël Varane,6,16,1,"[63.0, 79.0]","[45.0, 68.0]",21.095022,-2.5930433,Ground Pass,Free Kick,,,,,,,,,,From Free Kick
7530,France,Raphaël Varane,Samuel Yves Umtiti,6,18,1,"[45.0, 67.0]","[53.0, 22.0]",45.705578,-1.3948567,Ground Pass,,,,True,,,,,,,From Free Kick
7530,France,Samuel Yves Umtiti,Lucas Hernández Pi,6,21,1,"[56.0, 20.0]","[78.0, 4.0]",27.202942,-0.6287963,Ground Pass,,,,,,,,,,,From Free Kick
7530,France,Lucas Hernández Pi,Paul Pogba,6,25,1,"[85.0, 4.0]","[76.0, 15.0]",14.21267,2.2565258,Ground Pass,,,,,,,,,,True,From Free Kick
7530,France,Paul Pogba,Raphaël Varane,6,28,1,"[74.0, 10.0]","[46.0, 40.0]",41.036568,2.3217254,High Pass,,,,,,,,,,,From Free Kick
7530,France,Raphaël Varane,Samuel Yves Umtiti,6,31,1,"[44.0, 38.0]","[44.0, 14.0]",24.0,-1.5707964,Ground Pass,,,,,,,,,,,From Free Kick
7530,France,Samuel Yves Umtiti,Ousmane Dembélé,6,35,1,"[54.0, 11.0]","[85.0, 29.0]",35.846897,0.5260664,Ground Pass,,,,,,,Incomplete,,,,From Free Kick
7530,France,N''Golo Kanté,Raphaël Varane,6,41,1,"[64.0, 28.0]","[56.0, 47.0]",20.615528,1.9693187,Ground Pass,,,,,,,,,,,From Free Kick
7530,France,Raphaël Varane,Benjamin Pavard,6,43,1,"[58.0, 49.0]","[76.0, 77.0]",33.286633,0.99945885,Ground Pass,,,,,,,,,,,From Free Kick
7530,France,Benjamin Pavard,Corentin Tolisso,6,46,1,"[77.0, 75.0]","[72.0, 66.0]",10.29563,-2.077895,Ground Pass,,,,,,,,,,,From Free Kick
7530,France,Corentin Tolisso,Paul Pogba,6,49,1,"[73.0, 69.0]","[76.0, 33.0]",36.124783,-1.487655,Ground Pass,,,,,,,,,,,From Free Kick
7530,France,Paul Pogba,Lucas Hernández Pi,6,51,1,"[75.0, 38.0]","[93.0, 9.0]",34.132095,-1.0153025,Ground Pass,,,,,,,,,,,From Free Kick
7530,France,Kylian Mbappé Lottin,Antoine Griezmann,7,46,1,"[97.0, 15.0]","[108.0, 31.0]",19.416489,0.96850896,High Pass,Free Kick,,True,,,,,True,f9b69617-4cda-472b-9973-01b6e9affbfd,,From Free Kick
7530,France,N''Golo Kanté,Paul Pogba,8,14,1,"[59.0, 21.0]","[75.0, 25.0]",16.492422,0.24497867,Low Pass,Recovery,,,,,,Incomplete,,,,Regular Play
7530,France,Benjamin Pavard,Raphaël Varane,8,50,1,"[29.0, 42.0]","[25.0, 34.0]",8.944272,-2.0344439,Low Pass,Recovery,,,,,,,,,,Regular Play
7530,France,Raphaël Varane,Hugo Lloris,8,51,1,"[25.0, 34.0]","[13.0, 47.0]",17.691807,2.3162158,Low Pass,,,,,,,,,,,Regular Play
7530,France,Hugo Lloris,Benjamin Pavard,8,54,1,"[12.0, 50.0]","[27.0, 72.0]",26.627054,0.9723774,Ground Pass,,,,,,,,,,True,Regular Play
7530,France,Benjamin Pavard,Raphaël Varane,9,2,1,"[28.0, 79.0]","[17.0, 57.0]",24.596748,-2.0344439,Low Pass,Throw-in,,,,,,,,,,From Throw In
7530,France,Raphaël Varane,Samuel Yves Umtiti,9,5,1,"[15.0, 55.0]","[20.0, 27.0]",28.442924,-1.3940874,Ground Pass,,,,,,,,,,True,From Throw In
7530,France,Samuel Yves Umtiti,Lucas Hernández Pi,9,9,1,"[28.0, 25.0]","[55.0, 7.0]",32.449963,-0.5880026,Ground Pass,,,,,,,Incomplete,,,,From Throw In
7530,France,Lucas Hernández Pi,Paul Pogba,9,13,1,"[54.0, 7.0]","[48.0, 17.0]",11.661903,2.1112158,Ground Pass,,,,,,,,,,,From Throw In
7530,France,Paul Pogba,Lucas Hernández Pi,9,14,1,"[48.0, 17.0]","[48.0, 4.0]",13.0,-1.5707964,Ground Pass,,,,,,,,,,,From Throw In
7530,France,Lucas Hernández Pi,Samuel Yves Umtiti,9,16,1,"[46.0, 5.0]","[34.0, 22.0]",20.808653,2.1854594,Ground Pass,,,,,,,,,,True,From Throw In
7530,France,Samuel Yves Umtiti,N''Golo Kanté,9,18,1,"[33.0, 25.0]","[40.0, 28.0]",7.615773,0.4048918,Ground Pass,,,,,,,,,,,From Throw In
7530,France,N''Golo Kanté,Raphaël Varane,9,21,1,"[40.0, 35.0]","[49.0, 67.0]",33.24154,1.2966288,Ground Pass,,,,,,,,,,,From Throw In
7530,France,Raphaël Varane,Antoine Griezmann,9,25,1,"[64.0, 68.0]","[92.0, 62.0]",28.635643,-0.21109334,High Pass,,,,,,,,,,,From Throw In
7530,France,Antoine Griezmann,Corentin Tolisso,9,27,1,"[101.0, 53.0]","[107.0, 47.0]",8.485281,-0.7853982,Low Pass,,,,,,,Incomplete,,,True,From Throw In
7530,France,N''Golo Kanté,,9,57,1,"[41.0, 19.0]","[49.0, 1.0]",19.697716,-1.152572,High Pass,Recovery,,,,,,Out,,,,From Free Kick
7530,France,Raphaël Varane,Benjamin Pavard,10,24,1,"[25.0, 61.0]","[28.0, 75.0]",14.3178215,1.359703,Low Pass,Recovery,,,,,,,,,,Regular Play
7530,France,Benjamin Pavard,N''Golo Kanté,10,25,1,"[28.0, 75.0]","[28.0, 62.0]",13.0,-1.5707964,Ground Pass,,,,,,,,,,,Regular Play
7530,France,N''Golo Kanté,Benjamin Pavard,10,28,1,"[31.0, 70.0]","[40.0, 77.0]",11.401754,0.66104317,Ground Pass,,,,,,,,,,True,Regular Play
7530,France,Benjamin Pavard,Corentin Tolisso,10,29,1,"[40.0, 77.0]","[55.0, 67.0]",18.027756,-0.5880026,Ground Pass,,,,,,,,,,,Regular Play
7530,France,Corentin Tolisso,Kylian Mbappé Lottin,10,32,1,"[62.0, 57.0]","[87.0, 43.0]",28.653097,-0.51048833,Ground Pass,,Through Ball,,,True,,Incomplete,,,,Regular Play
7530,France,Samuel Yves Umtiti,N''Golo Kanté,12,6,1,"[13.0, 16.0]","[22.0, 31.0]",17.492855,1.0303768,Ground Pass,,,,,,,,,,,Regular Play
7530,France,N''Golo Kanté,Corentin Tolisso,12,9,1,"[24.0, 33.0]","[35.0, 54.0]",23.70654,1.0882831,Ground Pass,,,,,,,,,,,Regular Play
7530,France,Corentin Tolisso,Paul Pogba,12,14,1,"[45.0, 54.0]","[50.0, 29.0]",25.495098,-1.3734008,Ground Pass,,,,,,,,,,,Regular Play
7530,France,Paul Pogba,Antoine Griezmann,12,17,1,"[55.0, 27.0]","[89.0, 25.0]",34.058773,-0.058755822,High Pass,,,,,,,,,,,Regular Play
7530,France,Antoine Griezmann,,12,18,1,"[89.0, 25.0]","[85.0, 20.0]",6.4031243,-2.2455373,Low Pass,,,,,,,Unknown,,,,Regular Play
7530,France,Antoine Griezmann,,13,14,1,"[87.0, 15.0]","[113.0, 41.0]",36.769554,0.7853982,High Pass,Free Kick,,True,,,,Incomplete,,,,From Free Kick
7530,France,Ousmane Dembélé,,13,38,1,"[120.0, 2.0]","[117.0, 35.0]",33.13608,1.6614562,High Pass,Corner,,,,,,Incomplete,,,,From Corner
7530,France,Corentin Tolisso,,13,43,1,"[99.0, 61.0]","[101.0, 59.0]",2.828427,-0.7853982,High Pass,Recovery,,,,,,Incomplete,,,,From Corner
7530,France,Corentin Tolisso,Benjamin Pavard,13,48,1,"[88.0, 77.0]","[83.0, 73.0]",6.4031243,-2.4668517,Ground Pass,Recovery,,,,,,Incomplete,,,,From Corner
7530,France,Benjamin Pavard,Corentin Tolisso,13,53,1,"[77.0, 79.0]","[78.0, 77.0]",2.236068,-1.1071488,Low Pass,,,,,,,Incomplete,,,,From Corner
7530,France,Benjamin Pavard,Paul Pogba,13,53,1,"[74.0, 79.0]","[74.0, 73.0]",6.0,-1.5707964,Low Pass,Recovery,,,,,,,,,,From Corner
7530,France,Paul Pogba,Corentin Tolisso,13,56,1,"[81.0, 76.0]","[87.0, 78.0]",6.3245554,0.32175055,Ground Pass,,,,,,,,,,True,From Corner
7530,France,Corentin Tolisso,Kylian Mbappé Lottin,13,58,1,"[88.0, 76.0]","[96.0, 68.0]",11.313708,-0.7853982,Ground Pass,,,,,,,Incomplete,,,,From Corner
7530,France,Lucas Hernández Pi,Ousmane Dembélé,14,11,1,"[74.0, 5.0]","[100.0, 7.0]",26.076809,0.07677189,Low Pass,Recovery,,,,,,Incomplete,,,,Regular Play
7530,France,Samuel Yves Umtiti,Paul Pogba,14,15,1,"[64.0, 17.0]","[73.0, 17.0]",9.0,0.0,Low Pass,Interception,,,,,,,,,,Regular Play
7530,France,Paul Pogba,Kylian Mbappé Lottin,14,18,1,"[74.0, 19.0]","[113.0, 43.0]",45.79301,0.551655,High Pass,,,,,,,Incomplete,,,,Regular Play
7530,France,Raphaël Varane,Samuel Yves Umtiti,17,57,1,"[38.0, 66.0]","[42.0, 23.0]",43.185646,-1.47804,Ground Pass,,,,True,,,,,,,Regular Play
7530,France,Samuel Yves Umtiti,Ousmane Dembélé,18,1,1,"[49.0, 23.0]","[74.0, 19.0]",25.317978,-0.15865526,Ground Pass,,,,,,,,,,,Regular Play
7530,France,Samuel Yves Umtiti,Hugo Lloris,18,34,1,"[13.0, 4.0]","[4.0, 25.0]",22.847319,1.9756881,Ground Pass,Free Kick,,,,,,,,,,From Free Kick
7530,France,Hugo Lloris,Raphaël Varane,18,37,1,"[8.0, 26.0]","[20.0, 57.0]",33.24154,1.2014626,Ground Pass,,,,,,,,,,,From Free Kick
7530,France,Raphaël Varane,Benjamin Pavard,18,40,1,"[25.0, 60.0]","[47.0, 77.0]",27.802877,0.6578886,Ground Pass,,,,,,,,,,,From Free Kick
7530,France,Benjamin Pavard,Antoine Griezmann,18,44,1,"[54.0, 76.0]","[120.0, 66.0]",66.75328,-0.15037143,High Pass,,,,,,,Out,,,,From Free Kick
7530,France,Benjamin Pavard,Hugo Lloris,19,13,1,"[20.0, 67.0]","[5.0, 47.0]",25.0,-2.2142975,Ground Pass,Interception,,,,,,,,,,Regular Play
7530,France,Hugo Lloris,Corentin Tolisso,19,15,1,"[5.0, 47.0]","[35.0, 75.0]",41.036568,0.75092906,High Pass,,,,,,,,,,,Regular Play
7530,France,Corentin Tolisso,,19,17,1,"[35.0, 75.0]","[42.0, 72.0]",7.615773,-0.4048918,Low Pass,,,,,,,Unknown,,,True,Regular Play
7530,France,Raphaël Varane,Corentin Tolisso,19,46,1,"[43.0, 73.0]","[50.0, 65.0]",10.630146,-0.8519663,Ground Pass,Free Kick,,,,,,,,,,From Free Kick
7530,France,Corentin Tolisso,Raphaël Varane,19,47,1,"[50.0, 65.0]","[43.0, 71.0]",9.219544,2.4329665,Ground Pass,,,,,,,,,,,From Free Kick
7530,France,Raphaël Varane,Corentin Tolisso,19,49,1,"[45.0, 69.0]","[53.0, 63.0]",10.0,-0.6435011,Ground Pass,,,,,,,,,,,From Free Kick
7530,France,Corentin Tolisso,Samuel Yves Umtiti,19,52,1,"[52.0, 64.0]","[42.0, 21.0]",44.14748,-1.7992929,High Pass,,,,True,,,,,,,From Free Kick
7530,France,Samuel Yves Umtiti,Paul Pogba,19,57,1,"[50.0, 17.0]","[58.0, 20.0]",8.5440035,0.35877067,Ground Pass,,,,,,,,,,,From Free Kick
7530,France,Paul Pogba,Lucas Hernández Pi,20,0,1,"[64.0, 22.0]","[75.0, 2.0]",22.825424,-1.0679531,Ground Pass,,,,,,,,,,,From Free Kick
7530,France,Lucas Hernández Pi,Ousmane Dembélé,20,2,1,"[75.0, 2.0]","[86.0, 22.0]",22.825424,1.0679531,Ground Pass,,,,,,,,,,,From Free Kick
7530,France,Ousmane Dembélé,Lucas Hernández Pi,20,5,1,"[96.0, 5.0]","[90.0, 5.0]",6.0,3.1415927,Ground Pass,,,,,,,,,,True,From Free Kick
7530,France,Lucas Hernández Pi,Ousmane Dembélé,20,8,1,"[87.0, 5.0]","[91.0, 4.0]",4.1231055,-0.24497867,Ground Pass,,,,,,,,,,True,From Free Kick
7530,France,Raphaël Varane,Samuel Yves Umtiti,20,18,1,"[55.0, 18.0]","[46.0, 11.0]",11.401754,-2.4805496,High Pass,,,,,,,,,,,From Free Kick
7530,France,Samuel Yves Umtiti,Hugo Lloris,20,19,1,"[46.0, 11.0]","[21.0, 35.0]",34.655445,2.3765998,Low Pass,,,,,,,,,,True,From Free Kick
7530,France,Hugo Lloris,Benjamin Pavard,20,25,1,"[23.0, 32.0]","[68.0, 74.0]",61.554855,0.75092906,High Pass,,,,True,,,,,,,From Free Kick
7530,France,Benjamin Pavard,Antoine Griezmann,20,28,1,"[68.0, 74.0]","[101.0, 75.0]",33.01515,0.03029376,Low Pass,,,,,,,Incomplete,,,,From Free Kick
7530,France,Lucas Hernández Pi,Kylian Mbappé Lottin,21,14,1,"[46.0, 22.0]","[57.0, 23.0]",11.045361,0.09065989,Low Pass,Recovery,,,,,,Incomplete,,,,Regular Play
7530,France,Samuel Yves Umtiti,Ousmane Dembélé,21,50,1,"[29.0, 29.0]","[56.0, 4.0]",36.796738,-0.7469556,High Pass,Recovery,,,,,,,,,True,Regular Play
7530,France,Samuel Yves Umtiti,Lucas Hernández Pi,22,39,1,"[33.0, 9.0]","[39.0, 2.0]",9.219544,-0.86217004,Ground Pass,Recovery,,,,,,,,,,Regular Play
7530,France,Samuel Yves Umtiti,Hugo Lloris,22,58,1,"[26.0, 2.0]","[22.0, 28.0]",26.305893,1.7234457,Ground Pass,Free Kick,,,,,,,,,,From Free Kick
7530,France,Hugo Lloris,Raphaël Varane,23,3,1,"[19.0, 27.0]","[30.0, 61.0]",35.735138,1.2578951,Ground Pass,,,,,,,,,,,From Free Kick
7530,France,Raphaël Varane,Benjamin Pavard,23,6,1,"[30.0, 63.0]","[51.0, 77.0]",25.23886,0.5880026,Ground Pass,,,,,,,,,,,From Free Kick
7530,France,Benjamin Pavard,Corentin Tolisso,23,7,1,"[51.0, 77.0]","[59.0, 69.0]",11.313708,-0.7853982,Ground Pass,,,,,,,,,,,From Free Kick
7530,France,Corentin Tolisso,Samuel Yves Umtiti,23,12,1,"[60.0, 68.0]","[36.0, 26.0]",48.373547,-2.0899425,Ground Pass,,,,True,,,,,,,From Free Kick
7530,France,Samuel Yves Umtiti,Paul Pogba,23,16,1,"[43.0, 15.0]","[53.0, 7.0]",12.806249,-0.67474097,Ground Pass,,,,,,,,,,,From Free Kick
7530,France,Paul Pogba,Samuel Yves Umtiti,23,17,1,"[53.0, 8.0]","[42.0, 20.0]",16.27882,2.3127437,Ground Pass,,,,,,,,,,,From Free Kick
7530,France,Samuel Yves Umtiti,Corentin Tolisso,23,20,1,"[51.0, 28.0]","[56.0, 58.0]",30.413813,1.4056476,Ground Pass,,,,,,,,,,,From Free Kick
7530,France,Corentin Tolisso,Benjamin Pavard,23,25,1,"[69.0, 68.0]","[85.0, 78.0]",18.867962,0.5585993,Ground Pass,,,,,,,,,,,From Free Kick
7530,France,Benjamin Pavard,Antoine Griezmann,23,27,1,"[88.0, 77.0]","[89.0, 68.0]",9.055386,-1.4601392,Ground Pass,,,,,,,,,,,From Free Kick
7530,France,Corentin Tolisso,N''Golo Kanté,23,37,1,"[67.0, 80.0]","[63.0, 75.0]",6.4031243,-2.2455373,High Pass,Throw-in,,,,,,,,,,From Throw In
7530,France,N''Golo Kanté,Ousmane Dembélé,23,40,1,"[67.0, 74.0]","[79.0, 48.0]",28.635643,-1.1383885,High Pass,,,,,,,,,,,From Throw In
7530,France,Ousmane Dembélé,Kylian Mbappé Lottin,23,45,1,"[93.0, 34.0]","[99.0, 33.0]",6.0827627,-0.16514868,High Pass,Recovery,,,,,,Incomplete,,,True,From Throw In
7530,France,Benjamin Pavard,N''Golo Kanté,24,0,1,"[76.0, 80.0]","[73.0, 74.0]",6.708204,-2.0344439,High Pass,Throw-in,,,,,,,,,,From Throw In
7530,France,N''Golo Kanté,Benjamin Pavard,24,1,1,"[75.0, 79.0]","[73.0, 79.0]",2.0,3.1415927,Ground Pass,,,,,,,,,,,From Throw In
7530,France,Benjamin Pavard,Corentin Tolisso,24,2,1,"[75.0, 79.0]","[72.0, 68.0]",11.401754,-1.8370484,Ground Pass,,,,,,,,,,,From Throw In
7530,France,Corentin Tolisso,Paul Pogba,24,5,1,"[71.0, 65.0]","[71.0, 37.0]",28.0,-1.5707964,Ground Pass,,,,,,,,,,,From Throw In
7530,France,Paul Pogba,Benjamin Pavard,24,8,1,"[73.0, 40.0]","[106.0, 62.0]",39.661064,0.5880026,High Pass,,,,,,,,,,,From Throw In
7530,France,Benjamin Pavard,Antoine Griezmann,24,10,1,"[106.0, 60.0]","[109.0, 45.0]",15.297058,-1.3734008,Ground Pass,,,True,,,,Incomplete,,,,From Throw In
7530,France,Raphaël Varane,N''Golo Kanté,24,22,1,"[51.0, 66.0]","[65.0, 72.0]",15.231546,0.4048918,High Pass,Recovery,,,,,,,,,,From Throw In
7530,France,N''Golo Kanté,Corentin Tolisso,24,26,1,"[67.0, 71.0]","[55.0, 77.0]",13.416408,2.6779451,Ground Pass,,,,,,,,,,True,From Throw In
7530,France,Corentin Tolisso,Samuel Yves Umtiti,24,51,1,"[47.0, 77.0]","[36.0, 28.0]",50.219517,-1.7916251,Low Pass,Free Kick,,,True,,,,,,,From Free Kick
7530,France,Samuel Yves Umtiti,Paul Pogba,24,55,1,"[36.0, 27.0]","[41.0, 25.0]",5.3851647,-0.38050637,Ground Pass,,,,,,,,,,,From Free Kick
7530,France,Paul Pogba,Lucas Hernández Pi,24,56,1,"[57.0, 20.0]","[67.0, 21.0]",10.049875,0.09966865,Ground Pass,,,,,,,,,,,From Free Kick
7530,France,Lucas Hernández Pi,Ousmane Dembélé,25,0,1,"[78.0, 2.0]","[88.0, 13.0]",14.866069,0.8329813,Ground Pass,,,,,,,,,,,From Free Kick
7530,France,Ousmane Dembélé,Paul Pogba,25,1,1,"[82.0, 6.0]","[63.0, 5.0]",19.026299,-3.0890095,Ground Pass,,,,,,,,,,True,From Free Kick
7530,France,Paul Pogba,Samuel Yves Umtiti,25,4,1,"[65.0, 3.0]","[53.0, 19.0]",20.0,2.2142975,Ground Pass,,,,,,,,,,,From Free Kick
7530,France,Samuel Yves Umtiti,Corentin Tolisso,25,6,1,"[54.0, 17.0]","[64.0, 55.0]",39.293766,1.3134726,Ground Pass,,,,,,,,,,,From Free Kick
7530,France,Corentin Tolisso,Kylian Mbappé Lottin,25,9,1,"[63.0, 55.0]","[72.0, 54.0]",9.055386,-0.11065722,Ground Pass,,,,,,,,,,,From Free Kick
7530,France,Kylian Mbappé Lottin,Paul Pogba,25,12,1,"[74.0, 41.0]","[67.0, 23.0]",19.313208,-1.9416876,Ground Pass,,,,,,,,,,True,From Free Kick
7530,France,Paul Pogba,Ousmane Dembélé,25,14,1,"[72.0, 23.0]","[88.0, 26.0]",16.27882,0.18534794,Ground Pass,,,,,,,,,,,From Free Kick
7530,France,Ousmane Dembélé,Kylian Mbappé Lottin,25,15,1,"[88.0, 26.0]","[95.0, 27.0]",7.071068,0.14189705,Ground Pass,,,,,,,,,,,From Free Kick
7530,France,Samuel Yves Umtiti,Raphaël Varane,25,38,1,"[26.0, 3.0]","[23.0, 52.0]",49.09175,1.6319445,Ground Pass,,,,True,,,,,,,Regular Play
7530,France,Raphaël Varane,N''Golo Kanté,25,42,1,"[26.0, 53.0]","[36.0, 31.0]",24.166092,-1.1441689,Ground Pass,,,,,,,,,,,Regular Play
7530,France,N''Golo Kanté,Lucas Hernández Pi,25,46,1,"[40.0, 23.0]","[55.0, 4.0]",24.207438,-0.9025069,Ground Pass,,,,,,,,,,,Regular Play
7530,France,Lucas Hernández Pi,Paul Pogba,25,48,1,"[58.0, 4.0]","[64.0, 12.0]",10.0,0.9272952,Ground Pass,,,,,,,,,,,Regular Play
7530,France,Paul Pogba,Samuel Yves Umtiti,25,49,1,"[64.0, 12.0]","[45.0, 11.0]",19.026299,-3.0890095,Ground Pass,,,,,,,,,,,Regular Play
7530,France,Samuel Yves Umtiti,N''Golo Kanté,25,53,1,"[47.0, 12.0]","[39.0, 26.0]",16.124516,2.0899425,Ground Pass,,,,,,,,,,,Regular Play
7530,France,N''Golo Kanté,Raphaël Varane,25,56,1,"[43.0, 35.0]","[52.0, 69.0]",35.17101,1.3120254,Ground Pass,,,,,,,,,,,Regular Play
7530,France,Raphaël Varane,Antoine Griezmann,25,58,1,"[53.0, 67.0]","[86.0, 78.0]",34.785053,0.32175055,Ground Pass,,,,,,,,,,,Regular Play
7530,France,Antoine Griezmann,Kylian Mbappé Lottin,26,0,1,"[83.0, 77.0]","[120.0, 63.0]",39.56008,-0.36172923,High Pass,,,,,,,Out,,,,Regular Play
7530,France,Raphaël Varane,Hugo Lloris,26,50,1,"[29.0, 64.0]","[4.0, 41.0]",33.970577,-2.3978372,Ground Pass,,,,,,,,,,,From Goal Kick
7530,France,Hugo Lloris,Ousmane Dembélé,26,53,1,"[4.0, 41.0]","[55.0, 37.0]",51.156624,-0.07827114,High Pass,,,,,,,Incomplete,,,True,From Goal Kick
7530,France,Kylian Mbappé Lottin,Benjamin Pavard,28,10,1,"[58.0, 75.0]","[43.0, 78.0]",15.297058,2.9441972,Ground Pass,,,,,,,,,,True,Regular Play
7530,France,Benjamin Pavard,N''Golo Kanté,28,12,1,"[42.0, 78.0]","[49.0, 68.0]",12.206555,-0.9600704,Ground Pass,,,,,,,,,,,Regular Play
7530,France,N''Golo Kanté,Benjamin Pavard,28,13,1,"[50.0, 67.0]","[41.0, 77.0]",13.453624,2.3036115,Ground Pass,,,,,,,,,,True,Regular Play
7530,France,Benjamin Pavard,Raphaël Varane,28,14,1,"[43.0, 78.0]","[35.0, 66.0]",14.422205,-2.158799,Ground Pass,,,,,,,,,,,Regular Play
7530,France,Raphaël Varane,Samuel Yves Umtiti,28,17,1,"[39.0, 64.0]","[40.0, 22.0]",42.0119,-1.5469913,Ground Pass,,,,True,,,,,,,Regular Play
7530,France,Samuel Yves Umtiti,Paul Pogba,28,20,1,"[41.0, 21.0]","[57.0, 10.0]",19.416489,-0.60228735,Ground Pass,,,,,,,,,,,Regular Play
7530,France,Paul Pogba,Samuel Yves Umtiti,28,22,1,"[58.0, 8.0]","[41.0, 12.0]",17.464249,2.910502,Ground Pass,,,,,,,,,,True,Regular Play
7530,France,Samuel Yves Umtiti,Antoine Griezmann,28,25,1,"[47.0, 13.0]","[102.0, 13.0]",55.0,0.0,High Pass,,,,,,,,,,,Regular Play
7530,France,Antoine Griezmann,Lucas Hernández Pi,28,30,1,"[103.0, 5.0]","[99.0, 12.0]",8.062258,2.0899425,Ground Pass,,,,,,,,,,True,Regular Play
7530,France,Lucas Hernández Pi,,28,34,1,"[115.0, 16.0]","[117.0, 21.0]",5.3851647,1.19029,Ground Pass,,,,,,,Incomplete,,,,Regular Play
7530,France,Antoine Griezmann,,28,59,1,"[112.0, 1.0]","[116.0, 22.0]",21.377558,1.3825748,High Pass,Throw-in,,,,,,Incomplete,,,,From Throw In
7530,France,N''Golo Kanté,Antoine Griezmann,29,43,1,"[23.0, 27.0]","[42.0, 6.0]",28.319605,-0.83535653,Ground Pass,,,,,,,,,,True,Regular Play
7530,France,Antoine Griezmann,Corentin Tolisso,29,47,1,"[43.0, 3.0]","[49.0, 41.0]",38.470768,1.4141945,High Pass,,,,,,,,,,,Regular Play
7530,France,Corentin Tolisso,Paul Pogba,29,49,1,"[49.0, 42.0]","[48.0, 28.0]",14.035668,-1.6421038,Low Pass,,,,,,,,,,,Regular Play
7530,France,Paul Pogba,Benjamin Pavard,29,52,1,"[49.0, 29.0]","[57.0, 71.0]",42.755116,1.3825748,Ground Pass,,,,True,,,,,,,Regular Play
7530,France,Benjamin Pavard,Kylian Mbappé Lottin,29,57,1,"[86.0, 68.0]","[92.0, 78.0]",11.661903,1.0303768,Ground Pass,,,,,,,,,,,Regular Play
7530,France,Raphaël Varane,Kylian Mbappé Lottin,30,10,1,"[71.0, 49.0]","[77.0, 48.0]",6.0827627,-0.16514868,Ground Pass,Interception,,,,,,Incomplete,,,,Regular Play
7530,France,Corentin Tolisso,Antoine Griezmann,30,14,1,"[76.0, 47.0]","[104.0, 40.0]",28.86174,-0.24497867,High Pass,,,,,,,,,,,Regular Play
7530,France,Lucas Hernández Pi,Paul Pogba,30,27,1,"[93.0, 1.0]","[89.0, 13.0]",12.649111,1.8925469,High Pass,Throw-in,,,,,,,,,,From Throw In
7530,France,Paul Pogba,Corentin Tolisso,30,35,1,"[82.0, 18.0]","[73.0, 38.0]",21.931713,1.9936502,Ground Pass,,,,,,,,,,,From Throw In
7530,France,Corentin Tolisso,Raphaël Varane,30,39,1,"[82.0, 40.0]","[102.0, 80.0]",44.72136,1.1071488,Ground Pass,,,,True,,,,,,,From Throw In
7530,France,Raphaël Varane,Benjamin Pavard,30,43,1,"[103.0, 77.0]","[80.0, 72.0]",23.537205,-2.927532,Ground Pass,,,,,,,,,,,From Throw In
7530,France,Benjamin Pavard,Kylian Mbappé Lottin,30,48,1,"[96.0, 78.0]","[112.0, 74.0]",16.492422,-0.24497867,Ground Pass,,,,,,,,,,,From Throw In
7530,France,Benjamin Pavard,N''Golo Kanté,31,3,1,"[105.0, 80.0]","[112.0, 68.0]",13.892444,-1.0427219,High Pass,Throw-in,,,,,,,,,,From Throw In
7530,France,N''Golo Kanté,Kylian Mbappé Lottin,31,5,1,"[112.0, 69.0]","[115.0, 77.0]",8.5440035,1.2120256,Ground Pass,,,,,,,,,,True,From Throw In
7530,France,Raphaël Varane,Benjamin Pavard,31,33,1,"[67.0, 72.0]","[72.0, 79.0]",8.602325,0.95054686,Ground Pass,,,,,,,,,,,Regular Play
7530,France,Benjamin Pavard,Corentin Tolisso,31,34,1,"[72.0, 79.0]","[81.0, 67.0]",15.0,-0.9272952,High Pass,,,,,,,,,,True,Regular Play
7530,France,N''Golo Kanté,Antoine Griezmann,31,38,1,"[72.0, 57.0]","[77.0, 48.0]",10.29563,-1.0636978,Ground Pass,,,,,,,,,,,Regular Play
7530,France,Antoine Griezmann,Corentin Tolisso,31,39,1,"[79.0, 48.0]","[87.0, 56.0]",11.313708,0.7853982,Ground Pass,,,,,,,,,,,Regular Play
7530,France,Corentin Tolisso,Ousmane Dembélé,31,41,1,"[91.0, 49.0]","[99.0, 55.0]",10.0,0.6435011,Ground Pass,,,,,,,Incomplete,,,,Regular Play
7530,France,Paul Pogba,Corentin Tolisso,32,0,1,"[54.0, 9.0]","[53.0, 26.0]",17.029387,1.6295521,Ground Pass,,,,,,,,,,,Regular Play
7530,France,Corentin Tolisso,Raphaël Varane,32,2,1,"[49.0, 26.0]","[42.0, 45.0]",20.248457,1.9237868,Ground Pass,,,,,,,,,,,Regular Play
7530,France,Raphaël Varane,Benjamin Pavard,32,6,1,"[49.0, 48.0]","[59.0, 75.0]",28.79236,1.2160907,Ground Pass,,,,,,,,,,,Regular Play
7530,France,Benjamin Pavard,Antoine Griezmann,32,8,1,"[57.0, 74.0]","[60.0, 66.0]",8.5440035,-1.2120256,Ground Pass,,,,,,,,,,,Regular Play
7530,France,Antoine Griezmann,N''Golo Kanté,32,13,1,"[68.0, 66.0]","[53.0, 44.0]",26.627054,-2.1692152,High Pass,,,,,,,,,,,Regular Play
7530,France,N''Golo Kanté,Paul Pogba,32,17,1,"[55.0, 42.0]","[64.0, 27.0]",17.492855,-1.0303768,Ground Pass,,,,,,,,,,,Regular Play
7530,France,Paul Pogba,Corentin Tolisso,32,19,1,"[68.0, 28.0]","[66.0, 41.0]",13.152946,1.7234457,Ground Pass,,,,,,,,,,,Regular Play
7530,France,Corentin Tolisso,Benjamin Pavard,32,22,1,"[65.0, 46.0]","[94.0, 75.0]",41.01219,0.7853982,Ground Pass,,,,,,,,,,,Regular Play
7530,France,Benjamin Pavard,Corentin Tolisso,32,26,1,"[95.0, 74.0]","[82.0, 60.0]",19.104973,-2.3191743,Ground Pass,,,,,,,,,,,Regular Play
7530,France,Corentin Tolisso,Ousmane Dembélé,32,29,1,"[85.0, 54.0]","[94.0, 41.0]",15.811388,-0.9652517,Ground Pass,,,,,,,,,,,Regular Play
7530,France,Ousmane Dembélé,Lucas Hernández Pi,32,32,1,"[98.0, 37.0]","[105.0, 23.0]",15.652476,-1.1071488,Ground Pass,,,,,,,,True,4c324ea1-4677-4f59-a85d-dbe8f90662a0,,Regular Play
7530,France,Ousmane Dembélé,Kylian Mbappé Lottin,33,16,1,"[120.0, 2.0]","[117.0, 39.0]",37.12142,1.6517004,High Pass,Corner,,,,,,Incomplete,,,,From Corner
7530,France,Lucas Hernández Pi,Paul Pogba,33,40,1,"[61.0, 20.0]","[72.0, 33.0]",17.029387,0.8685394,High Pass,Recovery,,,,,,,,,True,Regular Play
7530,France,Paul Pogba,Raphaël Varane,33,44,1,"[69.0, 35.0]","[43.0, 36.0]",26.019224,3.1031501,Ground Pass,,,,,,,,,,True,Regular Play
7530,France,Raphaël Varane,,33,45,1,"[42.0, 38.0]","[96.0, 25.0]",55.542778,-0.23624526,High Pass,,,,,,,Incomplete,,,,Regular Play
7530,France,Lucas Hernández Pi,Kylian Mbappé Lottin,33,57,1,"[82.0, 1.0]","[91.0, 5.0]",9.848858,0.41822433,High Pass,Throw-in,,,,,,,,,,From Throw In
7530,France,Raphaël Varane,Hugo Lloris,34,19,1,"[29.0, 30.0]","[8.0, 40.0]",23.259407,2.6971734,Ground Pass,,,,,,,,,,,Regular Play
7530,France,Hugo Lloris,Benjamin Pavard,34,21,1,"[9.0, 39.0]","[32.0, 65.0]",34.713108,0.84654635,High Pass,,,,,,,,,,,Regular Play
7530,France,Benjamin Pavard,Corentin Tolisso,34,26,1,"[43.0, 69.0]","[48.0, 61.0]",9.433981,-1.012197,Ground Pass,,,,,,,,,,,Regular Play
7530,France,Corentin Tolisso,N''Golo Kanté,34,31,1,"[51.0, 64.0]","[35.0, 40.0]",28.84441,-2.158799,Ground Pass,,,,,,,,,,,Regular Play
7530,France,N''Golo Kanté,Samuel Yves Umtiti,34,34,1,"[34.0, 24.0]","[42.0, 10.0]",16.124516,-1.0516502,Ground Pass,,,,,,,,,,,Regular Play
7530,France,Samuel Yves Umtiti,Lucas Hernández Pi,34,36,1,"[46.0, 6.0]","[76.0, 2.0]",30.265491,-0.13255154,Ground Pass,,,,,,,,,,,Regular Play
7530,France,Lucas Hernández Pi,Paul Pogba,34,39,1,"[74.0, 3.0]","[67.0, 23.0]",21.189621,1.9074712,Ground Pass,,,,,,,,,,,Regular Play
7530,France,Paul Pogba,N''Golo Kanté,34,41,1,"[66.0, 23.0]","[53.0, 28.0]",13.928389,2.7744188,Ground Pass,,,,,,,,,,,Regular Play
7530,France,N''Golo Kanté,Corentin Tolisso,34,42,1,"[51.0, 28.0]","[64.0, 46.0]",22.203604,0.9453113,Ground Pass,,,,,,,,,,,Regular Play
7530,France,Corentin Tolisso,Antoine Griezmann,34,45,1,"[65.0, 45.0]","[88.0, 36.0]",24.698177,-0.37298772,Ground Pass,,,,,,,,,,,Regular Play
7530,France,Antoine Griezmann,,34,46,1,"[84.0, 35.0]","[89.0, 42.0]",8.602325,0.95054686,Ground Pass,,,,,,,Incomplete,,,,Regular Play
7530,France,Kylian Mbappé Lottin,Corentin Tolisso,34,50,1,"[86.0, 38.0]","[83.0, 49.0]",11.401754,1.8370484,Ground Pass,,,,,,,,,,True,Regular Play
7530,France,Corentin Tolisso,Benjamin Pavard,34,51,1,"[83.0, 51.0]","[99.0, 76.0]",29.681644,1.0014831,Ground Pass,,,,,,,,,,,Regular Play
7530,France,Benjamin Pavard,Corentin Tolisso,34,55,1,"[101.0, 75.0]","[89.0, 61.0]",18.439089,-2.2794225,Ground Pass,,,,,,,,,,True,Regular Play
7530,France,Corentin Tolisso,Benjamin Pavard,34,57,1,"[89.0, 65.0]","[101.0, 72.0]",13.892444,0.52807444,Ground Pass,,,,,,,,,,,Regular Play
7530,France,Benjamin Pavard,N''Golo Kanté,35,1,1,"[97.0, 74.0]","[80.0, 59.0]",22.671568,-2.4186132,Ground Pass,,,,,,,,,,,Regular Play
7530,France,N''Golo Kanté,Corentin Tolisso,35,3,1,"[80.0, 59.0]","[79.0, 73.0]",14.035668,1.6421038,Ground Pass,,,,,,,,,,,Regular Play
7530,France,Corentin Tolisso,Raphaël Varane,35,6,1,"[74.0, 73.0]","[64.0, 56.0]",19.723083,-2.1025205,Ground Pass,,,,,,,,,,,Regular Play
7530,France,Raphaël Varane,,35,8,1,"[67.0, 55.0]","[100.0, 18.0]",49.57822,-0.84247893,High Pass,,,,,,,Incomplete,,,,Regular Play
7530,France,Corentin Tolisso,Kylian Mbappé Lottin,35,34,1,"[78.0, 16.0]","[82.0, 12.0]",5.656854,-0.7853982,Ground Pass,,,,,,,,,,,Regular Play
7530,France,Lucas Hernández Pi,Samuel Yves Umtiti,35,48,1,"[88.0, 2.0]","[62.0, 15.0]",29.068884,2.6779451,Ground Pass,,,,,,,,,,,Regular Play
7530,France,Samuel Yves Umtiti,Raphaël Varane,35,52,1,"[63.0, 15.0]","[69.0, 55.0]",40.4475,1.4219064,Ground Pass,,,,True,,,,,,,Regular Play
7530,France,Raphaël Varane,Benjamin Pavard,35,58,1,"[82.0, 56.0]","[91.0, 75.0]",21.023796,1.1284221,Ground Pass,,,,,,,,,,,Regular Play
7530,France,Benjamin Pavard,Raphaël Varane,36,1,1,"[89.0, 76.0]","[72.0, 73.0]",17.262676,-2.9669204,Ground Pass,,,,,,,,,,,Regular Play
7530,France,Raphaël Varane,Samuel Yves Umtiti,36,5,1,"[68.0, 65.0]","[59.0, 34.0]",32.280025,-1.8533512,Ground Pass,,,,,,,,,,,Regular Play
7530,France,Samuel Yves Umtiti,Raphaël Varane,36,9,1,"[57.0, 27.0]","[59.0, 54.0]",27.073973,1.4968573,Ground Pass,,,,,,,,,,,Regular Play
7530,France,Raphaël Varane,Benjamin Pavard,36,13,1,"[62.0, 58.0]","[89.0, 78.0]",33.600594,0.6375488,Ground Pass,,,,,,,,,,,Regular Play
7530,France,Benjamin Pavard,Antoine Griezmann,36,16,1,"[95.0, 77.0]","[104.0, 48.0]",30.364452,-1.2698761,High Pass,,,True,,,,Incomplete,,,,Regular Play
7530,France,Raphaël Varane,Benjamin Pavard,37,53,1,"[37.0, 61.0]","[50.0, 75.0]",19.104973,0.8224183,High Pass,Recovery,,,,,,,,,,Regular Play
7530,France,Benjamin Pavard,Ousmane Dembélé,37,54,1,"[50.0, 74.0]","[69.0, 69.0]",19.646883,-0.2573237,High Pass,,,,,,,Incomplete,,,,Regular Play
7530,France,Raphaël Varane,Antoine Griezmann,38,3,1,"[57.0, 43.0]","[67.0, 45.0]",10.198039,0.19739556,High Pass,Recovery,,,,,,Incomplete,,,True,Regular Play
7530,France,Lucas Hernández Pi,N''Golo Kanté,39,13,1,"[15.0, 3.0]","[21.0, 16.0]",14.3178215,1.1383885,Ground Pass,,,,,,,,,,,Regular Play
7530,France,N''Golo Kanté,Raphaël Varane,39,18,1,"[33.0, 28.0]","[36.0, 61.0]",33.13608,1.4801364,Ground Pass,,,,,,,,,,,Regular Play
7530,France,Raphaël Varane,Paul Pogba,39,21,1,"[44.0, 62.0]","[68.0, 71.0]",25.632011,0.35877067,Ground Pass,,,,,,,,,,,Regular Play
7530,France,Paul Pogba,Lucas Hernández Pi,39,27,1,"[68.0, 64.0]","[89.0, 6.0]",61.68468,-1.2234104,High Pass,,,,True,,,,,,,Regular Play
7530,France,Lucas Hernández Pi,Corentin Tolisso,39,32,1,"[95.0, 5.0]","[82.0, 13.0]",15.264338,2.5899377,Ground Pass,,,,,,,,,,,Regular Play
7530,France,Corentin Tolisso,N''Golo Kanté,39,34,1,"[81.0, 10.0]","[79.0, 27.0]",17.117243,1.6879051,Ground Pass,,,,,,,,,,,Regular Play
7530,France,N''Golo Kanté,Corentin Tolisso,39,36,1,"[77.0, 25.0]","[78.0, 4.0]",21.023796,-1.5232133,Ground Pass,,,,,,,,,,,Regular Play
7530,France,Corentin Tolisso,Paul Pogba,39,38,1,"[74.0, 4.0]","[76.0, 38.0]",34.058773,1.5120405,Ground Pass,,,,,,,,,,,Regular Play
7530,France,Paul Pogba,Benjamin Pavard,39,42,1,"[82.0, 37.0]","[100.0, 57.0]",26.907248,0.8379812,Ground Pass,,,,,,,Incomplete,,,,Regular Play
7530,France,Benjamin Pavard,Ousmane Dembélé,41,6,1,"[32.0, 57.0]","[50.0, 69.0]",21.633308,0.5880026,High Pass,Recovery,,,,,,,,,,Regular Play
7530,France,Ousmane Dembélé,N''Golo Kanté,41,10,1,"[49.0, 68.0]","[39.0, 58.0]",14.142136,-2.3561945,Ground Pass,,,,,,,,,,True,Regular Play
7530,France,N''Golo Kanté,Lucas Hernández Pi,41,12,1,"[41.0, 58.0]","[45.0, 7.0]",51.156624,-1.4925252,High Pass,,,,True,,,,,,,Regular Play
7530,France,Lucas Hernández Pi,Corentin Tolisso,41,19,1,"[86.0, 7.0]","[76.0, 21.0]",17.20465,2.1910458,Ground Pass,,,,,,,,,,,Regular Play
7530,France,Corentin Tolisso,Antoine Griezmann,41,22,1,"[88.0, 20.0]","[99.0, 35.0]",18.601076,0.93804747,Ground Pass,,,,,,,,,,,Regular Play
7530,France,Raphaël Varane,,41,32,1,"[54.0, 78.0]","[71.0, 74.0]",17.464249,-0.23109066,High Pass,Recovery,,,,,,Incomplete,,,,Regular Play
7530,France,Samuel Yves Umtiti,N''Golo Kanté,41,42,1,"[29.0, 51.0]","[46.0, 55.0]",17.464249,0.23109066,Ground Pass,Recovery,,,,,,,,,,Regular Play
7530,France,N''Golo Kanté,Corentin Tolisso,41,45,1,"[47.0, 50.0]","[60.0, 46.0]",13.601471,-0.29849893,Ground Pass,,,,,,,,,,,Regular Play
7530,France,Corentin Tolisso,Lucas Hernández Pi,41,49,1,"[56.0, 44.0]","[64.0, 12.0]",32.984844,-1.3258177,Ground Pass,,,,,,,,,,,Regular Play
7530,France,Lucas Hernández Pi,Kylian Mbappé Lottin,41,52,1,"[66.0, 6.0]","[83.0, 4.0]",17.117243,-0.11710875,Ground Pass,,,,,,,,,,,Regular Play
7530,France,Kylian Mbappé Lottin,Corentin Tolisso,41,54,1,"[74.0, 2.0]","[65.0, 20.0]",20.12461,2.0344439,Ground Pass,,,,,,,,,,True,Regular Play
7530,France,Corentin Tolisso,Lucas Hernández Pi,41,57,1,"[62.0, 20.0]","[73.0, 3.0]",20.248457,-0.9964915,Ground Pass,,,,,,,,,,,Regular Play
7530,France,Lucas Hernández Pi,Corentin Tolisso,42,1,1,"[71.0, 3.0]","[67.0, 15.0]",12.649111,1.8925469,Ground Pass,,,,,,,,,,,Regular Play
7530,France,Corentin Tolisso,N''Golo Kanté,42,5,1,"[65.0, 13.0]","[62.0, 26.0]",13.341664,1.7975951,Ground Pass,,,,,,,,,,,Regular Play
7530,France,N''Golo Kanté,Samuel Yves Umtiti,42,6,1,"[63.0, 28.0]","[47.0, 24.0]",16.492422,-2.896614,Ground Pass,,,,,,,,,,,Regular Play
7530,France,Samuel Yves Umtiti,Raphaël Varane,42,8,1,"[53.0, 24.0]","[57.0, 58.0]",34.234486,1.4536875,Ground Pass,,,,,,,,,,,Regular Play
7530,France,Raphaël Varane,Benjamin Pavard,42,11,1,"[59.0, 59.0]","[86.0, 78.0]",33.01515,0.61320734,Ground Pass,,,,,,,,,,,Regular Play
7530,France,Benjamin Pavard,Ousmane Dembélé,42,14,1,"[86.0, 76.0]","[106.0, 69.0]",21.189621,-0.3366748,Ground Pass,,,,,,,,,,,Regular Play
7530,France,Samuel Yves Umtiti,Hugo Lloris,42,26,1,"[41.0, 55.0]","[8.0, 39.0]",36.67424,-2.6901395,Ground Pass,Recovery,,,,,,,,,,Regular Play
7530,France,Hugo Lloris,Raphaël Varane,42,30,1,"[9.0, 39.0]","[30.0, 42.0]",21.213203,0.14189705,Ground Pass,,,,,,,,,,,Regular Play
7530,France,Raphaël Varane,Samuel Yves Umtiti,42,32,1,"[29.0, 48.0]","[27.0, 65.0]",17.117243,1.6879051,Ground Pass,,,,,,,,,,,Regular Play
7530,France,Samuel Yves Umtiti,N''Golo Kanté,42,34,1,"[28.0, 61.0]","[49.0, 75.0]",25.23886,0.5880026,Ground Pass,,,,,,,,,,,Regular Play
7530,France,N''Golo Kanté,Paul Pogba,42,37,1,"[46.0, 71.0]","[54.0, 55.0]",17.888544,-1.1071488,Ground Pass,,,,,,,,,,,Regular Play
7530,France,Paul Pogba,Lucas Hernández Pi,42,40,1,"[56.0, 54.0]","[80.0, 2.0]",57.271286,-1.1383885,High Pass,,,,True,,,,,,,Regular Play
7530,France,Lucas Hernández Pi,Corentin Tolisso,42,43,1,"[81.0, 2.0]","[71.0, 23.0]",23.259407,2.0152156,High Pass,,,,,,,,,,,Regular Play
7530,France,Corentin Tolisso,N''Golo Kanté,42,49,1,"[71.0, 23.0]","[71.0, 54.0]",31.0,1.5707964,Ground Pass,,,,,,,,,,,Regular Play
7530,France,N''Golo Kanté,Paul Pogba,42,54,1,"[81.0, 59.0]","[78.0, 44.0]",15.297058,-1.7681919,Ground Pass,,,,,,,,,,,Regular Play
7530,France,Paul Pogba,Antoine Griezmann,42,57,1,"[82.0, 45.0]","[111.0, 37.0]",30.083218,-0.26916748,High Pass,,,,,,,Incomplete,,,,Regular Play
7530,France,Raphaël Varane,N''Golo Kanté,43,4,1,"[65.0, 51.0]","[75.0, 71.0]",22.36068,1.1071488,Ground Pass,Recovery,,,,,,,,,,Regular Play
7530,France,N''Golo Kanté,Benjamin Pavard,43,7,1,"[81.0, 69.0]","[92.0, 78.0]",14.21267,0.6857295,Ground Pass,,,,,,,,,,,Regular Play
7530,France,Benjamin Pavard,Antoine Griezmann,43,11,1,"[94.0, 64.0]","[104.0, 40.0]",26.0,-1.1760052,High Pass,,,True,,,,Incomplete,,,,Regular Play
7530,France,Hugo Lloris,Samuel Yves Umtiti,43,29,1,"[12.0, 58.0]","[30.0, 32.0]",31.622776,-0.9652517,Ground Pass,,,,,,,,,,,Regular Play
7530,France,Samuel Yves Umtiti,Corentin Tolisso,43,33,1,"[42.0, 23.0]","[51.0, 20.0]",9.486833,-0.32175055,Ground Pass,,,,,,,,,,,Regular Play
7530,France,Corentin Tolisso,Lucas Hernández Pi,43,39,1,"[66.0, 9.0]","[74.0, 3.0]",10.0,-0.6435011,Ground Pass,,,,,,,,,,True,Regular Play
7530,France,Antoine Griezmann,,43,43,1,"[87.0, 3.0]","[86.0, 4.0]",1.4142135,2.3561945,Ground Pass,Recovery,,,,,,Incomplete,,,,Regular Play
7530,France,Antoine Griezmann,Lucas Hernández Pi,43,44,1,"[80.0, 4.0]","[88.0, 6.0]",8.246211,0.24497867,High Pass,Recovery,,,,,,Incomplete,,,,Regular Play
7530,France,Samuel Yves Umtiti,Raphaël Varane,43,48,1,"[53.0, 32.0]","[43.0, 46.0]",17.20465,2.1910458,Ground Pass,Recovery,,,,,,,,,,Regular Play
7530,France,Raphaël Varane,Benjamin Pavard,43,52,1,"[48.0, 41.0]","[76.0, 78.0]",46.400433,0.9229849,Ground Pass,,,,,,,,,,,Regular Play
7530,France,Benjamin Pavard,Ousmane Dembélé,43,57,1,"[88.0, 74.0]","[106.0, 75.0]",18.027756,0.055498507,Ground Pass,,,,,,,,,,,Regular Play
7530,France,Ousmane Dembélé,,43,59,1,"[105.0, 74.0]","[113.0, 41.0]",33.955853,-1.3329604,High Pass,,,True,,,,Incomplete,,,,Regular Play
7530,France,Corentin Tolisso,Antoine Griezmann,44,23,1,"[64.0, 26.0]","[63.0, 13.0]",13.038404,-1.6475682,Ground Pass,,,,,,,,,,,From Keeper
7530,France,Antoine Griezmann,Corentin Tolisso,44,25,1,"[63.0, 11.0]","[76.0, 35.0]",27.294687,1.0743736,Ground Pass,,,,,,,Incomplete,,,,From Keeper
7530,France,Hugo Lloris,Samuel Yves Umtiti,45,20,1,"[6.0, 39.0]","[14.0, 13.0]",27.202942,-1.2722974,Ground Pass,Recovery,,,,,,,,,,Regular Play
7530,France,Samuel Yves Umtiti,Raphaël Varane,45,31,1,"[39.0, 11.0]","[42.0, 54.0]",43.104523,1.5011418,Ground Pass,,,,True,,,,,,,Regular Play
7530,France,Raphaël Varane,Ousmane Dembélé,45,37,1,"[59.0, 55.0]","[72.0, 76.0]",24.698177,1.0164888,Ground Pass,,,,,,,,,,,Regular Play
7530,France,Ousmane Dembélé,Paul Pogba,45,39,1,"[70.0, 74.0]","[67.0, 54.0]",20.22375,-1.7196863,Ground Pass,,,,,,,,,,,Regular Play
7530,France,Paul Pogba,Lucas Hernández Pi,45,42,1,"[71.0, 53.0]","[89.0, 10.0]",46.615448,-1.174355,High Pass,,,,True,,,Incomplete,,,,Regular Play
7530,France,Lucas Hernández Pi,Paul Pogba,46,3,1,"[77.0, 1.0]","[75.0, 10.0]",9.219544,1.7894653,High Pass,Throw-in,,,,,,,,,,From Throw In
7530,France,Paul Pogba,,46,4,1,"[74.0, 10.0]","[73.0, 3.0]",7.071068,-1.7126933,Ground Pass,,,,,,,Unknown,,,,From Throw In
7530,France,Antoine Griezmann,Raphaël Varane,45,0,2,"[60.0, 40.0]","[37.0, 47.0]",24.04163,2.8461518,Ground Pass,Kick Off,,,,,,,,,,From Kick Off
7530,France,Raphaël Varane,Benjamin Pavard,45,4,2,"[36.0, 51.0]","[47.0, 73.0]",24.596748,1.1071488,Ground Pass,,,,,,,,,,,From Kick Off
7530,France,Benjamin Pavard,Corentin Tolisso,45,6,2,"[47.0, 74.0]","[53.0, 55.0]",19.924858,-1.2649175,Ground Pass,,,,,,,,,,,From Kick Off
7530,France,Corentin Tolisso,Ousmane Dembélé,45,9,2,"[59.0, 63.0]","[62.0, 60.0]",4.2426405,-0.7853982,Ground Pass,,,,,,,Incomplete,,,,From Kick Off
7530,France,Corentin Tolisso,Benjamin Pavard,45,11,2,"[57.0, 67.0]","[69.0, 77.0]",15.6205,0.69473827,Ground Pass,Recovery,,,,,,,,,True,From Kick Off
7530,France,Corentin Tolisso,Benjamin Pavard,45,20,2,"[71.0, 77.0]","[77.0, 77.0]",6.0,0.0,Ground Pass,Recovery,,,,,,,,,,From Kick Off
7530,France,Benjamin Pavard,Corentin Tolisso,45,21,2,"[76.0, 78.0]","[65.0, 75.0]",11.401754,-2.8753407,Ground Pass,,,,,,,,,,,From Kick Off
7530,France,Corentin Tolisso,N''Golo Kanté,45,22,2,"[65.0, 75.0]","[54.0, 53.0]",24.596748,-2.0344439,Ground Pass,,,,,,,,,,,From Kick Off
7530,France,N''Golo Kanté,Samuel Yves Umtiti,45,25,2,"[51.0, 50.0]","[56.0, 22.0]",28.442924,-1.3940874,Ground Pass,,,,,,,,,,,From Kick Off
7530,France,Samuel Yves Umtiti,Lucas Hernández Pi,45,29,2,"[63.0, 20.0]","[77.0, 2.0]",22.803509,-0.90975314,Ground Pass,,,,,,,,,,,From Kick Off
7530,France,Lucas Hernández Pi,Kylian Mbappé Lottin,45,31,2,"[77.0, 3.0]","[87.0, 3.0]",10.0,0.0,Ground Pass,,,,,,,Incomplete,,,,From Kick Off
7530,France,Kylian Mbappé Lottin,Samuel Yves Umtiti,45,37,2,"[85.0, 1.0]","[66.0, 5.0]",19.416489,2.9340963,Low Pass,Throw-in,,,,,,,,,,From Throw In
7530,France,Samuel Yves Umtiti,N''Golo Kanté,45,41,2,"[64.0, 13.0]","[71.0, 22.0]",11.401754,0.90975314,Ground Pass,,,,,,,,,,,From Throw In
7530,France,N''Golo Kanté,Samuel Yves Umtiti,45,42,2,"[71.0, 22.0]","[63.0, 11.0]",13.601471,-2.1995926,Ground Pass,,,,,,,,,,,From Throw In
7530,France,Samuel Yves Umtiti,Corentin Tolisso,45,44,2,"[63.0, 13.0]","[63.0, 47.0]",34.0,1.5707964,Ground Pass,,,,,,,,,,,From Throw In
7530,France,Corentin Tolisso,Antoine Griezmann,45,48,2,"[70.0, 48.0]","[104.0, 32.0]",37.576588,-0.43984258,High Pass,,,,,,,Incomplete,,,,From Throw In
7530,France,Kylian Mbappé Lottin,Paul Pogba,46,44,2,"[90.0, 1.0]","[84.0, 9.0]",10.0,2.2142975,Low Pass,Throw-in,,,,,,,,,,From Throw In
7530,France,Paul Pogba,Kylian Mbappé Lottin,46,45,2,"[85.0, 8.0]","[90.0, 2.0]",7.81025,-0.87605804,Ground Pass,,,,,,,,,,,From Throw In
7530,France,Lucas Hernández Pi,N''Golo Kanté,46,58,2,"[99.0, 1.0]","[92.0, 6.0]",8.602325,2.5213432,Low Pass,Throw-in,,,,,,,,,,From Throw In
7530,France,N''Golo Kanté,Paul Pogba,47,1,2,"[94.0, 8.0]","[94.0, 16.0]",8.0,1.5707964,Ground Pass,,,,,,,,,,True,From Throw In
7530,France,Paul Pogba,Corentin Tolisso,47,3,2,"[91.0, 19.0]","[83.0, 37.0]",19.697716,1.9890207,Ground Pass,,,,,,,,,,True,From Throw In
7530,France,Corentin Tolisso,Benjamin Pavard,47,7,2,"[82.0, 40.0]","[103.0, 76.0]",41.677334,1.0427219,Ground Pass,,,,,,,,,,,From Throw In
7530,France,Benjamin Pavard,Corentin Tolisso,47,12,2,"[99.0, 72.0]","[90.0, 69.0]",9.486833,-2.819842,Ground Pass,,,,,,,,,,True,From Throw In
7530,France,Corentin Tolisso,N''Golo Kanté,47,13,2,"[83.0, 59.0]","[82.0, 50.0]",9.055386,-1.6814536,Ground Pass,,,,,,,,,,,From Throw In
7530,France,N''Golo Kanté,Paul Pogba,47,17,2,"[86.0, 35.0]","[95.0, 26.0]",12.727922,-0.7853982,Ground Pass,,,,,,,,,,,From Throw In
7530,France,Paul Pogba,Lucas Hernández Pi,47,21,2,"[97.0, 21.0]","[109.0, 6.0]",19.209373,-0.8960554,Ground Pass,,,,,,,,,,,From Throw In
7530,France,Lucas Hernández Pi,Kylian Mbappé Lottin,47,23,2,"[108.0, 6.0]","[114.0, 26.0]",20.880613,1.2793396,High Pass,,,,,,,Incomplete,,,,From Throw In
7530,France,Hugo Lloris,Antoine Griezmann,48,58,2,"[28.0, 3.0]","[94.0, 18.0]",67.68308,0.2234766,High Pass,Free Kick,,,,,,Incomplete,,,,From Free Kick
7530,France,Lucas Hernández Pi,Kylian Mbappé Lottin,49,4,2,"[69.0, 5.0]","[82.0, 3.0]",13.152946,-0.15264933,Low Pass,Recovery,,,,,,,,,,From Free Kick
7530,France,Kylian Mbappé Lottin,Paul Pogba,49,6,2,"[82.0, 3.0]","[77.0, 13.0]",11.18034,2.0344439,Ground Pass,,,,,,,,,,,From Free Kick
7530,France,Paul Pogba,Lucas Hernández Pi,49,7,2,"[77.0, 13.0]","[80.0, 3.0]",10.440307,-1.2793396,Ground Pass,,,,,,,,,,,From Free Kick
7530,France,Lucas Hernández Pi,Antoine Griezmann,49,8,2,"[74.0, 4.0]","[77.0, 3.0]",3.1622777,-0.32175055,Ground Pass,,,,,,,Incomplete,,,True,From Free Kick
7530,France,Lucas Hernández Pi,Paul Pogba,49,12,2,"[78.0, 2.0]","[77.0, 11.0]",9.055386,1.6814536,Low Pass,Throw-in,,,,,,,,,,From Throw In
7530,France,Paul Pogba,Raphaël Varane,49,14,2,"[70.0, 9.0]","[46.0, 62.0]",58.18075,1.9960014,High Pass,,,,True,,,,,,,From Throw In
7530,France,Raphaël Varane,Benjamin Pavard,49,23,2,"[56.0, 67.0]","[71.0, 77.0]",18.027756,0.5880026,Ground Pass,,,,,,,,,,,From Throw In
7530,France,Benjamin Pavard,Raphaël Varane,49,33,2,"[65.0, 80.0]","[48.0, 73.0]",18.384777,-2.7509856,Low Pass,Throw-in,,,,,,,,,,From Throw In
7530,France,Raphaël Varane,Samuel Yves Umtiti,49,37,2,"[47.0, 65.0]","[46.0, 40.0]",25.019993,-1.610775,Ground Pass,,,,,,,,,,,From Throw In
7530,France,Samuel Yves Umtiti,Paul Pogba,49,40,2,"[47.0, 36.0]","[66.0, 18.0]",26.172504,-0.75837773,Ground Pass,,,,,,,,,,,From Throw In
7530,France,Paul Pogba,Lucas Hernández Pi,49,45,2,"[80.0, 12.0]","[93.0, 3.0]",15.811388,-0.6055447,Ground Pass,,,,,,,,,,,From Throw In
7530,France,Benjamin Pavard,Hugo Lloris,49,57,2,"[30.0, 51.0]","[5.0, 42.0]",26.57066,-2.796037,Ground Pass,Recovery,,,,,,,,,,From Throw In
7530,France,Hugo Lloris,Samuel Yves Umtiti,50,1,2,"[6.0, 37.0]","[24.0, 13.0]",30.0,-0.9272952,Ground Pass,,,,,,,,,,True,From Throw In
7530,France,Samuel Yves Umtiti,N''Golo Kanté,50,7,2,"[34.0, 5.0]","[29.0, 19.0]",14.866069,1.9138203,Ground Pass,,,,,,,,,,,From Throw In
7530,France,N''Golo Kanté,Corentin Tolisso,50,12,2,"[37.0, 36.0]","[54.0, 42.0]",18.027756,0.33929262,Ground Pass,,,,,,,,,,,From Throw In
7530,France,Corentin Tolisso,Ousmane Dembélé,50,14,2,"[53.0, 48.0]","[76.0, 71.0]",32.526913,0.7853982,Ground Pass,,,,,,,,,,,From Throw In
7530,France,Ousmane Dembélé,Lucas Hernández Pi,50,21,2,"[87.0, 51.0]","[120.0, 12.0]",51.088158,-0.8685394,High Pass,,,,,,,Out,,,,From Throw In
7530,France,Lucas Hernández Pi,Hugo Lloris,51,17,2,"[32.0, 20.0]","[9.0, 38.0]",29.206163,2.4775465,Ground Pass,Recovery,,,,,,,,,,Regular Play
7530,France,Hugo Lloris,Benjamin Pavard,51,22,2,"[9.0, 38.0]","[54.0, 68.0]",54.08327,0.5880026,High Pass,,,,,,,,,,,Regular Play
7530,France,Benjamin Pavard,Ousmane Dembélé,51,25,2,"[56.0, 71.0]","[66.0, 72.0]",10.049875,0.09966865,Low Pass,,,,,,,,,,,Regular Play
7530,France,Ousmane Dembélé,Benjamin Pavard,51,27,2,"[66.0, 72.0]","[72.0, 68.0]",7.2111025,-0.5880026,Ground Pass,,,,,,,,,,,Regular Play
7530,France,Benjamin Pavard,Ousmane Dembélé,51,28,2,"[69.0, 65.0]","[69.0, 67.0]",2.0,1.5707964,Ground Pass,,,,,,,Incomplete,,,,Regular Play
7530,France,Lucas Hernández Pi,Paul Pogba,52,3,2,"[66.0, 24.0]","[72.0, 25.0]",6.0827627,0.16514868,High Pass,Recovery,,,,,,Incomplete,,,True,From Throw In
7530,France,Raphaël Varane,Ousmane Dembélé,52,18,2,"[9.0, 39.0]","[33.0, 55.0]",28.84441,0.5880026,Ground Pass,,,,,,,,,,,Regular Play
7530,France,Corentin Tolisso,Benjamin Pavard,52,55,2,"[50.0, 68.0]","[71.0, 77.0]",22.847319,0.4048918,Ground Pass,,,,,,,,,,,Regular Play
7530,France,Benjamin Pavard,Ousmane Dembélé,52,57,2,"[72.0, 75.0]","[102.0, 78.0]",30.149628,0.09966865,Ground Pass,,,,,,,Incomplete,,,,Regular Play
7530,France,Benjamin Pavard,Corentin Tolisso,53,9,2,"[102.0, 80.0]","[91.0, 79.0]",11.045361,-3.050933,Low Pass,Throw-in,,,,,,,,,,From Throw In
7530,France,Corentin Tolisso,Benjamin Pavard,53,10,2,"[100.0, 74.0]","[103.0, 78.0]",5.0,0.9272952,Ground Pass,,,,,,,,,,True,From Throw In
7530,France,Benjamin Pavard,,53,11,2,"[103.0, 78.0]","[93.0, 70.0]",12.806249,-2.4668517,Ground Pass,,,,,,,Unknown,,,,From Throw In
7530,France,Raphaël Varane,Benjamin Pavard,53,44,2,"[36.0, 58.0]","[43.0, 74.0]",17.464249,1.1583859,Ground Pass,Recovery,,,,,,,,,,Regular Play
7530,France,Benjamin Pavard,N''Golo Kanté,53,45,2,"[43.0, 74.0]","[48.0, 63.0]",12.083046,-1.1441689,Low Pass,,,,,,,,,,,Regular Play
7530,France,N''Golo Kanté,Paul Pogba,53,48,2,"[48.0, 61.0]","[63.0, 46.0]",21.213203,-0.7853982,Ground Pass,,,,,,,,,,,Regular Play
7530,France,Paul Pogba,Antoine Griezmann,53,51,2,"[71.0, 49.0]","[102.0, 34.0]",34.43835,-0.45066133,Ground Pass,,,,,,,,,,,Regular Play
7530,France,N''Golo Kanté,Antoine Griezmann,58,16,2,"[48.0, 39.0]","[65.0, 33.0]",18.027756,-0.33929262,Ground Pass,Recovery,,,,,,,,,,Regular Play
7530,France,Antoine Griezmann,Kylian Mbappé Lottin,58,18,2,"[70.0, 26.0]","[90.0, 20.0]",20.880613,-0.2914568,Ground Pass,,,,,,,,,,,Regular Play
7530,France,Kylian Mbappé Lottin,Antoine Griezmann,58,23,2,"[113.0, 27.0]","[104.0, 37.0]",13.453624,2.3036115,Ground Pass,,,,,,,,True,ac9a77b9-a25d-474b-bf09-52e96f3976d8,,Regular Play
7530,France,Antoine Griezmann,Samuel Yves Umtiti,62,28,2,"[61.0, 40.0]","[39.0, 32.0]",23.409399,-2.7928216,Ground Pass,Kick Off,,,,,,,,,,From Kick Off
7530,France,Samuel Yves Umtiti,Paul Pogba,62,33,2,"[42.0, 29.0]","[54.0, 24.0]",13.0,-0.39479113,Ground Pass,,,,,,,,,,,From Kick Off
7530,France,Paul Pogba,Lucas Hernández Pi,62,36,2,"[56.0, 19.0]","[69.0, 3.0]",20.615528,-0.88847977,Ground Pass,,,,,,,,,,True,From Kick Off
7530,France,Lucas Hernández Pi,Samuel Yves Umtiti,62,38,2,"[65.0, 3.0]","[47.0, 9.0]",18.973665,2.819842,Ground Pass,,,,,,,,,,,From Kick Off
7530,France,Samuel Yves Umtiti,Raphaël Varane,62,43,2,"[53.0, 13.0]","[48.0, 57.0]",44.28318,1.6839473,High Pass,,,,True,,,,,,,From Kick Off
7530,France,Raphaël Varane,Ousmane Dembélé,62,46,2,"[48.0, 57.0]","[70.0, 62.0]",22.561028,0.2234766,High Pass,,,,,,,Incomplete,,,,From Kick Off
7530,France,N''Golo Kanté,Benjamin Pavard,62,53,2,"[9.0, 71.0]","[22.0, 80.0]",15.811388,0.6055447,High Pass,,,,,,,Out,,,True,From Kick Off
7530,France,N''Golo Kanté,Corentin Tolisso,63,54,2,"[16.0, 70.0]","[22.0, 70.0]",6.0,0.0,Ground Pass,Recovery,,,,,,,,,,Regular Play
7530,France,Corentin Tolisso,Antoine Griezmann,63,55,2,"[23.0, 65.0]","[30.0, 50.0]",16.552946,-1.1341692,Ground Pass,,,,,,,,,,,Regular Play
7530,France,Antoine Griezmann,Ousmane Dembélé,63,57,2,"[29.0, 52.0]","[62.0, 69.0]",37.12142,0.47569522,High Pass,,,,,,,Incomplete,,,,Regular Play
7530,France,Benjamin Pavard,,64,24,2,"[16.0, 55.0]","[63.0, 64.0]",47.853943,0.18919902,High Pass,,,,,,,Incomplete,,,True,Regular Play
7530,France,Hugo Lloris,Raphaël Varane,64,44,2,"[4.0, 46.0]","[11.0, 65.0]",20.248457,1.217806,Ground Pass,Goal Kick,,,,,,,,,,From Goal Kick
7530,France,Raphaël Varane,Benjamin Pavard,64,47,2,"[15.0, 66.0]","[38.0, 75.0]",24.698177,0.37298772,Ground Pass,,,,,,,,,,,From Goal Kick
7530,France,Benjamin Pavard,Corentin Tolisso,64,50,2,"[45.0, 60.0]","[49.0, 63.0]",5.0,0.6435011,Ground Pass,,,,,,,,,,,From Goal Kick
7530,France,Corentin Tolisso,Paul Pogba,64,53,2,"[54.0, 64.0]","[53.0, 34.0]",30.016663,-1.6041173,Ground Pass,,,,,,,,,,,From Goal Kick
7530,France,Paul Pogba,Lucas Hernández Pi,64,58,2,"[66.0, 20.0]","[77.0, 3.0]",20.248457,-0.9964915,Ground Pass,,,,,,,,,,,From Goal Kick
7530,France,Lucas Hernández Pi,Paul Pogba,65,1,2,"[77.0, 3.0]","[71.0, 10.0]",9.219544,2.2794225,Ground Pass,,,,,,,,,,,From Goal Kick
7530,France,Paul Pogba,N''Golo Kanté,65,3,2,"[72.0, 12.0]","[64.0, 28.0]",17.888544,2.0344439,Ground Pass,,,,,,,,,,,From Goal Kick
7530,France,N''Golo Kanté,Corentin Tolisso,65,6,2,"[64.0, 29.0]","[64.0, 55.0]",26.0,1.5707964,Ground Pass,,,,,,,,,,,From Goal Kick
7530,France,Corentin Tolisso,Benjamin Pavard,65,9,2,"[65.0, 56.0]","[86.0, 77.0]",29.698484,0.7853982,Ground Pass,,,,,,,,,,,From Goal Kick
7530,France,Benjamin Pavard,Corentin Tolisso,65,12,2,"[85.0, 76.0]","[82.0, 63.0]",13.341664,-1.7975951,Ground Pass,,,,,,,,,,,From Goal Kick
7530,France,Corentin Tolisso,Ousmane Dembélé,65,13,2,"[86.0, 68.0]","[88.0, 64.0]",4.472136,-1.1071488,Ground Pass,,,,,,,Incomplete,,,,From Goal Kick
7530,France,N''Golo Kanté,Ousmane Dembélé,65,59,2,"[16.0, 74.0]","[34.0, 76.0]",18.110771,0.11065722,Ground Pass,,,,,,,Incomplete,,,True,From Free Kick
7530,France,Raphaël Varane,Benjamin Pavard,66,48,2,"[36.0, 56.0]","[51.0, 75.0]",24.207438,0.9025069,Ground Pass,,,,,,,,,,,Regular Play
7530,France,Benjamin Pavard,N''Golo Kanté,66,51,2,"[51.0, 72.0]","[46.0, 54.0]",18.681541,-1.8417432,Ground Pass,,,,,,,,,,,Regular Play
7530,France,N''Golo Kanté,Lucas Hernández Pi,66,55,2,"[53.0, 52.0]","[70.0, 4.0]",50.92151,-1.2304144,High Pass,,,,True,,,,,,,Regular Play
7530,France,Lucas Hernández Pi,Antoine Griezmann,67,0,2,"[78.0, 2.0]","[78.0, 9.0]",7.0,1.5707964,Ground Pass,,,,,,,,,,,Regular Play
7530,France,Antoine Griezmann,Paul Pogba,67,1,2,"[78.0, 9.0]","[69.0, 11.0]",9.219544,2.9229238,Ground Pass,,,,,,,,,,,Regular Play
7530,France,Paul Pogba,Raphaël Varane,67,5,2,"[70.0, 18.0]","[62.0, 53.0]",35.902645,1.7955076,Ground Pass,,,,,,,,,,,Regular Play
7530,France,Raphaël Varane,Benjamin Pavard,67,11,2,"[84.0, 63.0]","[89.0, 78.0]",15.811388,1.2490457,Ground Pass,,,,,,,,,,True,Regular Play
7530,France,Benjamin Pavard,Raphaël Varane,67,12,2,"[89.0, 78.0]","[108.0, 74.0]",19.416489,-0.20749623,Ground Pass,,,,,,,Incomplete,,,,Regular Play
7530,France,Ousmane Dembélé,Corentin Tolisso,67,20,2,"[99.0, 73.0]","[81.0, 68.0]",18.681541,-2.8706458,Ground Pass,,,,,,,,,,True,Regular Play
7530,France,Corentin Tolisso,Paul Pogba,67,23,2,"[81.0, 68.0]","[90.0, 50.0]",20.12461,-1.1071488,Ground Pass,,,,,,,,,,,Regular Play
7530,France,Paul Pogba,Kylian Mbappé Lottin,67,24,2,"[89.0, 48.0]","[96.0, 46.0]",7.28011,-0.27829966,Ground Pass,,,,,,,Incomplete,,,,Regular Play
7530,France,Raphaël Varane,Paul Pogba,67,40,2,"[48.0, 64.0]","[48.0, 32.0]",32.0,-1.5707964,Ground Pass,,,,,,,,,,,Regular Play
7530,France,Paul Pogba,Lucas Hernández Pi,67,45,2,"[64.0, 24.0]","[87.0, 3.0]",31.144823,-0.73997486,Ground Pass,,,,,,,,,,,Regular Play
7530,France,Lucas Hernández Pi,Kylian Mbappé Lottin,67,48,2,"[87.0, 2.0]","[90.0, 2.0]",3.0,0.0,Ground Pass,,,,,,,Incomplete,,,,Regular Play
7530,France,N''Golo Kanté,Lucas Hernández Pi,68,1,2,"[97.0, 9.0]","[99.0, 3.0]",6.3245554,-1.2490457,Ground Pass,,,,,,,,,,,Regular Play
7530,France,Lucas Hernández Pi,Kylian Mbappé Lottin,68,2,2,"[99.0, 3.0]","[98.0, 15.0]",12.0415945,1.6539376,Ground Pass,,,,,,,,,,,Regular Play
7530,France,Kylian Mbappé Lottin,N''Golo Kanté,68,4,2,"[100.0, 12.0]","[105.0, 3.0]",10.29563,-1.0636978,Ground Pass,,,,,,,,,,,Regular Play
7530,France,N''Golo Kanté,Corentin Tolisso,68,7,2,"[101.0, 5.0]","[81.0, 21.0]",25.612497,2.4668517,Ground Pass,,,,,,,,,,,Regular Play
7530,France,Corentin Tolisso,Raphaël Varane,68,10,2,"[80.0, 22.0]","[78.0, 60.0]",38.052597,1.6233793,Ground Pass,,,,,,,,,,,Regular Play
7530,France,Raphaël Varane,Benjamin Pavard,68,15,2,"[83.0, 60.0]","[93.0, 75.0]",18.027756,0.98279375,Ground Pass,,,,,,,,,,,Regular Play
7530,France,Benjamin Pavard,Ousmane Dembélé,68,17,2,"[93.0, 76.0]","[117.0, 71.0]",24.5153,-0.20539539,Ground Pass,,,,,,,,,,,Regular Play
7530,France,Ousmane Dembélé,N''Golo Kanté,68,20,2,"[116.0, 71.0]","[116.0, 48.0]",23.0,-1.5707964,High Pass,,,True,,,,Incomplete,,,,Regular Play
7530,France,Raphaël Varane,Hugo Lloris,68,34,2,"[35.0, 42.0]","[11.0, 35.0]",25.0,-2.8577986,Ground Pass,,,,,,,,,,,Regular Play
7530,France,Hugo Lloris,Samuel Yves Umtiti,68,38,2,"[17.0, 31.0]","[34.0, 18.0]",21.400934,-0.65284663,Ground Pass,,,,,,,,,,,Regular Play
7530,France,Samuel Yves Umtiti,Paul Pogba,68,40,2,"[33.0, 18.0]","[51.0, 15.0]",18.248287,-0.16514868,Ground Pass,,,,,,,,,,,Regular Play
7530,France,Paul Pogba,Lucas Hernández Pi,68,43,2,"[54.0, 13.0]","[71.0, 4.0]",19.235384,-0.48689923,Ground Pass,,,,,,,,,,,Regular Play
7530,France,Lucas Hernández Pi,Antoine Griezmann,68,47,2,"[82.0, 4.0]","[102.0, 1.0]",20.22375,-0.14888994,Ground Pass,,,,,,,Out,,,,Regular Play
7530,France,Samuel Yves Umtiti,Corentin Tolisso,69,56,2,"[66.0, 20.0]","[69.0, 26.0]",6.708204,1.1071488,High Pass,Recovery,,,,,,,,,,Regular Play
7530,France,Corentin Tolisso,Nabil Fekir,69,57,2,"[68.0, 26.0]","[86.0, 34.0]",19.697716,0.41822433,High Pass,,,,,,,,,,,Regular Play
7530,France,N''Golo Kanté,Benjamin Pavard,70,8,2,"[71.0, 54.0]","[66.0, 70.0]",16.763054,1.8736812,Ground Pass,Recovery,,,,,,,,,,Regular Play
7530,France,Benjamin Pavard,Raphaël Varane,70,12,2,"[65.0, 70.0]","[53.0, 55.0]",19.209373,-2.2455373,Ground Pass,,,,,,,,,,,Regular Play
7530,France,Raphaël Varane,Paul Pogba,70,14,2,"[53.0, 53.0]","[62.0, 28.0]",26.57066,-1.2252407,Ground Pass,,,,,,,,,,,Regular Play
7530,France,Paul Pogba,N''Golo Kanté,70,17,2,"[64.0, 27.0]","[75.0, 21.0]",12.529964,-0.49934673,Ground Pass,,,,,,,,,,,Regular Play
7530,France,N''Golo Kanté,Paul Pogba,70,17,2,"[75.0, 27.0]","[67.0, 17.0]",12.806249,-2.2455373,Ground Pass,,,,,,,,,,,Regular Play
7530,France,Samuel Yves Umtiti,Paul Pogba,71,25,2,"[58.0, 13.0]","[69.0, 8.0]",12.083046,-0.4266275,Ground Pass,,,,,,,,,,,Regular Play
7530,France,Paul Pogba,Olivier Giroud,71,27,2,"[70.0, 14.0]","[104.0, 28.0]",36.769554,0.39060703,High Pass,,,,,,,Incomplete,,,,Regular Play
7530,France,Nabil Fekir,Raphaël Varane,71,53,2,"[119.0, 1.0]","[114.0, 32.0]",31.400637,1.7307094,High Pass,Corner,,True,,,,Incomplete,,,,From Corner
7530,France,Corentin Tolisso,Nabil Fekir,72,28,2,"[105.0, 75.0]","[105.0, 62.0]",13.0,-1.5707964,Ground Pass,,,,,,,,,,,Regular Play
7530,France,Nabil Fekir,Corentin Tolisso,72,31,2,"[103.0, 55.0]","[103.0, 71.0]",16.0,1.5707964,Ground Pass,,,,,,,,,,,Regular Play
7530,France,Corentin Tolisso,Nabil Fekir,72,34,2,"[103.0, 71.0]","[99.0, 69.0]",4.472136,-2.6779451,Ground Pass,,,,,,,,,,,Regular Play
7530,France,N''Golo Kanté,Benjamin Pavard,73,11,2,"[15.0, 66.0]","[12.0, 67.0]",3.1622777,2.819842,High Pass,Recovery,,,,,,,,,,Regular Play
7530,France,Benjamin Pavard,Corentin Tolisso,73,13,2,"[12.0, 66.0]","[22.0, 68.0]",10.198039,0.19739556,High Pass,,,,,,,,,,,Regular Play
7530,France,Corentin Tolisso,Paul Pogba,73,14,2,"[22.0, 68.0]","[29.0, 60.0]",10.630146,-0.8519663,High Pass,,,,,,,,,,,Regular Play
7530,France,Paul Pogba,Lucas Hernández Pi,73,17,2,"[28.0, 55.0]","[54.0, 8.0]",53.712196,-1.0655061,Ground Pass,,,,True,,,Incomplete,,,,Regular Play
7530,France,N''Golo Kanté,,73,59,2,"[58.0, 30.0]","[78.0, 40.0]",22.36068,0.4636476,High Pass,Recovery,,,,,,Incomplete,,,,Regular Play
7530,France,N''Golo Kanté,Paul Pogba,74,16,2,"[15.0, 12.0]","[37.0, 21.0]",23.769728,0.38831872,Ground Pass,,,,,,,,,,,From Counter
7530,France,Paul Pogba,Nabil Fekir,74,19,2,"[44.0, 25.0]","[65.0, 5.0]",29.0,-0.76101273,Ground Pass,,,,,,,,,,,From Counter
7530,France,Nabil Fekir,Kylian Mbappé Lottin,74,26,2,"[95.0, 21.0]","[118.0, 30.0]",24.698177,0.37298772,Ground Pass,,,,,,,Incomplete,,,,From Counter
7530,France,N''Golo Kanté,Paul Pogba,75,4,2,"[52.0, 30.0]","[54.0, 5.0]",25.079872,-1.4909663,Ground Pass,Interception,,,,,,,,,,Regular Play
7530,France,Paul Pogba,Kylian Mbappé Lottin,75,7,2,"[54.0, 14.0]","[72.0, 14.0]",18.0,0.0,Ground Pass,,,,,,,Incomplete,,,,Regular Play
7530,France,Samuel Yves Umtiti,N''Golo Kanté,75,21,2,"[49.0, 18.0]","[52.0, 14.0]",5.0,-0.9272952,Ground Pass,,,,,,,,,,,Regular Play
7530,France,N''Golo Kanté,Lucas Hernández Pi,75,24,2,"[58.0, 15.0]","[68.0, 2.0]",16.40122,-0.9151007,Ground Pass,,,,,,,,,,,Regular Play
7530,France,Lucas Hernández Pi,N''Golo Kanté,75,26,2,"[67.0, 2.0]","[58.0, 4.0]",9.219544,2.9229238,Ground Pass,,,,,,,,,,,Regular Play
7530,France,N''Golo Kanté,Corentin Tolisso,75,29,2,"[57.0, 5.0]","[58.0, 23.0]",18.027756,1.5152978,Ground Pass,,,,,,,,,,,Regular Play
7530,France,Corentin Tolisso,,75,31,2,"[54.0, 22.0]","[58.0, 26.0]",5.656854,0.7853982,Ground Pass,,,,,,,Incomplete,,,,Regular Play
7530,France,Lucas Hernández Pi,Paul Pogba,77,0,2,"[15.0, 1.0]","[26.0, 4.0]",11.401754,0.26625204,High Pass,Throw-in,,,,,,,,,,From Throw In
7530,France,Corentin Tolisso,Olivier Giroud,77,11,2,"[24.0, 32.0]","[57.0, 12.0]",38.587563,-0.54486394,High Pass,Recovery,,,,,,,,,,Regular Play
7530,France,Paul Pogba,Blaise Matuidi,77,48,2,"[42.0, 32.0]","[53.0, 22.0]",14.866069,-0.7378151,Ground Pass,,,,,,,,,,True,Regular Play
7530,France,Blaise Matuidi,Lucas Hernández Pi,77,49,2,"[54.0, 26.0]","[46.0, 3.0]",24.351591,-1.9055332,Ground Pass,,,,,,,,,,,Regular Play
7530,France,Lucas Hernández Pi,Samuel Yves Umtiti,77,56,2,"[49.0, 6.0]","[42.0, 16.0]",12.206555,2.1815224,Ground Pass,,,,,,,,,,,Regular Play
7530,France,Samuel Yves Umtiti,Paul Pogba,77,58,2,"[44.0, 24.0]","[55.0, 47.0]",25.495098,1.1246908,Ground Pass,,,,,,,,,,,Regular Play
7530,France,Paul Pogba,Nabil Fekir,78,1,2,"[56.0, 46.0]","[65.0, 53.0]",11.401754,0.66104317,Ground Pass,,,,,,,,,,,Regular Play
7530,France,Nabil Fekir,Benjamin Pavard,78,3,2,"[64.0, 55.0]","[79.0, 78.0]",27.45906,0.9928944,Ground Pass,,,,,,,,,,,Regular Play
7530,France,Benjamin Pavard,Raphaël Varane,78,6,2,"[75.0, 76.0]","[55.0, 73.0]",20.22375,-2.9927027,Ground Pass,,,,,,,,,,True,Regular Play
7530,France,Raphaël Varane,Paul Pogba,78,8,2,"[55.0, 73.0]","[56.0, 54.0]",19.026299,-1.5182133,Ground Pass,,,,,,,,,,,Regular Play
7530,France,Paul Pogba,Raphaël Varane,78,9,2,"[55.0, 54.0]","[56.0, 71.0]",17.029387,1.5120405,Ground Pass,,,,,,,,,,,Regular Play
7530,France,Raphaël Varane,Olivier Giroud,78,11,2,"[62.0, 72.0]","[101.0, 53.0]",43.382023,-0.45333868,High Pass,,,,,,,Incomplete,,,,Regular Play
7530,France,Raphaël Varane,Benjamin Pavard,78,19,2,"[63.0, 62.0]","[70.0, 75.0]",14.764823,1.076855,High Pass,Recovery,,,,,,,,,,Regular Play
7530,France,Benjamin Pavard,,78,21,2,"[71.0, 77.0]","[88.0, 80.0]",17.262676,0.1746722,High Pass,,,,,,,Out,,,,Regular Play
7530,France,Raphaël Varane,Samuel Yves Umtiti,78,49,2,"[40.0, 71.0]","[33.0, 49.0]",23.086792,-1.8788491,Ground Pass,Recovery,,,,,,,,,,Regular Play
7530,France,Samuel Yves Umtiti,Lucas Hernández Pi,78,53,2,"[45.0, 45.0]","[62.0, 7.0]",41.62932,-1.150133,Ground Pass,,,,,,,,,,,Regular Play
7530,France,Lucas Hernández Pi,Blaise Matuidi,78,57,2,"[66.0, 5.0]","[64.0, 16.0]",11.18034,1.7506498,Ground Pass,,,,,,,,,,,Regular Play
7530,France,Blaise Matuidi,Kylian Mbappé Lottin,78,59,2,"[65.0, 12.0]","[71.0, 13.0]",6.0827627,0.16514868,Ground Pass,,,,,,,,,,,Regular Play
7530,France,Kylian Mbappé Lottin,Lucas Hernández Pi,79,0,2,"[71.0, 13.0]","[88.0, 2.0]",20.248457,-0.5743048,Ground Pass,,,,,,,,,,,Regular Play
7530,France,Lucas Hernández Pi,Blaise Matuidi,79,3,2,"[91.0, 2.0]","[87.0, 10.0]",8.944272,2.0344439,Ground Pass,,,,,,,,,,,Regular Play
7530,France,Blaise Matuidi,Paul Pogba,79,6,2,"[91.0, 14.0]","[80.0, 41.0]",29.15476,1.957672,High Pass,,,,,,,,,,,Regular Play
7530,France,Paul Pogba,Benjamin Pavard,79,9,2,"[79.0, 45.0]","[92.0, 69.0]",27.294687,1.0743736,Ground Pass,,,,,,,,,,,Regular Play
7530,France,Benjamin Pavard,Nabil Fekir,79,12,2,"[92.0, 69.0]","[104.0, 58.0]",16.27882,-0.7419473,Ground Pass,,,,,,,Incomplete,,,,Regular Play
7530,France,Raphaël Varane,Samuel Yves Umtiti,79,22,2,"[41.0, 75.0]","[45.0, 59.0]",16.492422,-1.3258177,Ground Pass,,,,,,,,,,,Regular Play
7530,France,Samuel Yves Umtiti,N''Golo Kanté,79,26,2,"[54.0, 49.0]","[60.0, 27.0]",22.803509,-1.3045443,Ground Pass,,,,,,,,,,,Regular Play
7530,France,N''Golo Kanté,Lucas Hernández Pi,79,30,2,"[69.0, 21.0]","[87.0, 2.0]",26.172504,-0.81241864,Ground Pass,,,,,,,,,,,Regular Play
7530,France,Lucas Hernández Pi,Kylian Mbappé Lottin,79,34,2,"[84.0, 4.0]","[84.0, 17.0]",13.0,1.5707964,Ground Pass,,,,,,,,,,,Regular Play
7530,France,Olivier Giroud,Kylian Mbappé Lottin,79,37,2,"[95.0, 27.0]","[96.0, 20.0]",7.071068,-1.4288993,Ground Pass,Recovery,,,,,,,,,,Regular Play
7530,France,Kylian Mbappé Lottin,Olivier Giroud,79,39,2,"[101.0, 22.0]","[102.0, 28.0]",6.0827627,1.4056476,Ground Pass,,,,,,,Incomplete,,,,Regular Play
7530,France,N''Golo Kanté,Samuel Yves Umtiti,79,46,2,"[71.0, 12.0]","[67.0, 30.0]",18.439089,1.7894653,Ground Pass,,,,,,,,,,,Regular Play
7530,France,Samuel Yves Umtiti,Paul Pogba,79,47,2,"[65.0, 30.0]","[78.0, 32.0]",13.152946,0.15264933,Ground Pass,,,,,,,,,,,Regular Play
7530,France,Paul Pogba,Kylian Mbappé Lottin,79,49,2,"[79.0, 32.0]","[88.0, 33.0]",9.055386,0.11065722,Ground Pass,,,,,,,,,,,Regular Play
7530,France,Kylian Mbappé Lottin,Paul Pogba,79,50,2,"[88.0, 31.0]","[85.0, 40.0]",9.486833,1.8925469,Ground Pass,,,,,,,,,,,Regular Play
7530,France,Paul Pogba,Olivier Giroud,79,51,2,"[84.0, 38.0]","[97.0, 35.0]",13.341664,-0.22679885,Ground Pass,,,,,,,,,,,Regular Play
7530,France,Olivier Giroud,Paul Pogba,79,52,2,"[64.0, 29.0]","[77.0, 29.0]",13.0,0.0,Ground Pass,,,,,,,,,,,Regular Play
7530,France,Nabil Fekir,Kylian Mbappé Lottin,81,17,2,"[60.0, 22.0]","[75.0, 21.0]",15.033297,-0.066568166,Ground Pass,,,,,,,Incomplete,,,,Regular Play
7530,France,Nabil Fekir,N''Golo Kanté,81,23,2,"[53.0, 28.0]","[57.0, 25.0]",5.0,-0.6435011,Ground Pass,,,,,,,,,,,Regular Play
7530,France,N''Golo Kanté,Blaise Matuidi,81,24,2,"[56.0, 25.0]","[73.0, 3.0]",27.802877,-0.9129077,Ground Pass,,,,,,,,,,,Regular Play
7530,France,Blaise Matuidi,Kylian Mbappé Lottin,81,27,2,"[79.0, 7.0]","[102.0, 6.0]",23.021729,-0.043450896,Ground Pass,,,,,,,Incomplete,,,,Regular Play
7530,France,Kylian Mbappé Lottin,N''Golo Kanté,81,42,2,"[100.0, 3.0]","[87.0, 4.0]",13.038404,3.0648208,Ground Pass,Recovery,,,,,,,,,,Regular Play
7530,France,N''Golo Kanté,Lucas Hernández Pi,81,44,2,"[87.0, 3.0]","[68.0, 15.0]",22.472204,2.5782764,Ground Pass,,,,,,,,,,,Regular Play
7530,France,Lucas Hernández Pi,N''Golo Kanté,81,47,2,"[67.0, 15.0]","[77.0, 2.0]",16.40122,-0.9151007,Ground Pass,,,,,,,,,,,Regular Play
7530,France,N''Golo Kanté,Kylian Mbappé Lottin,81,49,2,"[76.0, 4.0]","[93.0, 3.0]",17.029387,-0.058755822,Ground Pass,,,,,,,,,,,Regular Play
7530,France,Kylian Mbappé Lottin,N''Golo Kanté,81,52,2,"[88.0, 2.0]","[73.0, 4.0]",15.132746,3.009041,High Pass,,,,,,,,,,True,Regular Play
7530,France,N''Golo Kanté,Lucas Hernández Pi,81,56,2,"[68.0, 3.0]","[57.0, 7.0]",11.7046995,2.7928216,Ground Pass,,,,,,,,,,,Regular Play
7530,France,Lucas Hernández Pi,Raphaël Varane,81,58,2,"[58.0, 7.0]","[57.0, 53.0]",46.010868,1.592532,Ground Pass,,,,True,,,,,,,Regular Play
7530,France,Raphaël Varane,Samuel Yves Umtiti,82,1,2,"[59.0, 53.0]","[45.0, 34.0]",23.600847,-2.205823,Ground Pass,,,,,,,,,,,Regular Play
7530,France,Samuel Yves Umtiti,Lucas Hernández Pi,82,4,2,"[37.0, 25.0]","[47.0, 4.0]",23.259407,-1.1263771,Ground Pass,,,,,,,,,,,Regular Play
7530,France,Lucas Hernández Pi,Blaise Matuidi,82,7,2,"[50.0, 5.0]","[68.0, 3.0]",18.110771,-0.11065722,Ground Pass,,,,,,,,,,,Regular Play
7530,France,Blaise Matuidi,Kylian Mbappé Lottin,82,8,2,"[66.0, 3.0]","[74.0, 18.0]",17.0,1.080839,Ground Pass,,,,,,,,,,,Regular Play
7530,France,Kylian Mbappé Lottin,Nabil Fekir,82,9,2,"[73.0, 17.0]","[87.0, 21.0]",14.56022,0.27829966,Ground Pass,,,,,,,,,,,Regular Play
7530,France,Blaise Matuidi,Nabil Fekir,82,16,2,"[118.0, 17.0]","[115.0, 38.0]",21.213203,1.7126933,High Pass,Recovery,,True,,,,Incomplete,,,,Regular Play
7530,France,Paul Pogba,Blaise Matuidi,82,30,2,"[73.0, 40.0]","[88.0, 29.0]",18.601076,-0.63274884,Ground Pass,,,,,,,,,,,Regular Play
7530,France,Blaise Matuidi,Kylian Mbappé Lottin,82,32,2,"[87.0, 32.0]","[97.0, 22.0]",14.142136,-0.7853982,Ground Pass,,,,,,,,,,,Regular Play
7530,France,Blaise Matuidi,Olivier Giroud,82,36,2,"[98.0, 24.0]","[106.0, 44.0]",21.540659,1.19029,High Pass,Recovery,,,,,,Incomplete,,,,Regular Play
7530,France,Nabil Fekir,Paul Pogba,83,27,2,"[120.0, 80.0]","[116.0, 48.0]",32.24903,-1.6951513,High Pass,Corner,,,,,,,,,,From Corner
7530,France,Paul Pogba,Samuel Yves Umtiti,83,27,2,"[114.0, 43.0]","[113.0, 37.0]",6.0827627,-1.735945,High Pass,,,,,,,Incomplete,,,True,From Corner
7530,France,Raphaël Varane,Nabil Fekir,84,11,2,"[46.0, 36.0]","[61.0, 37.0]",15.033297,0.066568166,High Pass,Recovery,,,,,,Incomplete,,,,From Goal Kick
7530,France,Benjamin Pavard,,84,14,2,"[47.0, 47.0]","[65.0, 36.0]",21.095022,-0.5485494,High Pass,Recovery,,,,,,Incomplete,,,,From Goal Kick
7530,France,Raphaël Varane,Samuel Yves Umtiti,85,2,2,"[53.0, 51.0]","[42.0, 28.0]",25.495098,-2.016902,Ground Pass,Free Kick,,,,,,,,,,From Free Kick
7530,France,Samuel Yves Umtiti,Blaise Matuidi,85,7,2,"[44.0, 29.0]","[53.0, 26.0]",9.486833,-0.32175055,Ground Pass,,,,,,,,,,,From Free Kick
7530,France,Blaise Matuidi,Lucas Hernández Pi,85,9,2,"[54.0, 20.0]","[77.0, 2.0]",29.206163,-0.66404617,Ground Pass,,,,,,,,,,,From Free Kick
7530,France,Raphaël Varane,Nabil Fekir,85,25,2,"[51.0, 42.0]","[84.0, 69.0]",42.638012,0.6857295,Ground Pass,,,,,,,,,,,Regular Play
7530,France,Nabil Fekir,Benjamin Pavard,85,28,2,"[80.0, 69.0]","[58.0, 74.0]",22.561028,2.918116,Ground Pass,,,,,,,,,,,Regular Play
7530,France,Benjamin Pavard,Raphaël Varane,85,31,2,"[59.0, 75.0]","[50.0, 55.0]",21.931713,-1.9936502,Ground Pass,,,,,,,,,,,Regular Play
7530,France,Raphaël Varane,Samuel Yves Umtiti,85,34,2,"[48.0, 52.0]","[51.0, 20.0]",32.140316,-1.4773196,Ground Pass,,,,,,,,,,,Regular Play
7530,France,Samuel Yves Umtiti,Lucas Hernández Pi,85,36,2,"[53.0, 17.0]","[75.0, 3.0]",26.076809,-0.5667292,Ground Pass,,,,,,,,,,,Regular Play
7530,France,Lucas Hernández Pi,Samuel Yves Umtiti,85,39,2,"[75.0, 4.0]","[44.0, 8.0]",31.257,3.0132694,Ground Pass,,,,,,,,,,,Regular Play
7530,France,Samuel Yves Umtiti,N''Golo Kanté,85,44,2,"[51.0, 13.0]","[57.0, 26.0]",14.3178215,1.1383885,Ground Pass,,,,,,,,,,,Regular Play
7530,France,N''Golo Kanté,Samuel Yves Umtiti,85,45,2,"[55.0, 27.0]","[47.0, 13.0]",16.124516,-2.0899425,Ground Pass,,,,,,,,,,,Regular Play
7530,France,Samuel Yves Umtiti,Olivier Giroud,85,47,2,"[50.0, 14.0]","[78.0, 15.0]",28.01785,0.035699114,High Pass,,,,,,,,,,True,Regular Play
7530,France,Olivier Giroud,Lucas Hernández Pi,85,50,2,"[80.0, 14.0]","[72.0, 3.0]",13.601471,-2.1995926,Ground Pass,,,,,,,,,,,Regular Play
7530,France,Lucas Hernández Pi,Olivier Giroud,85,52,2,"[80.0, 4.0]","[107.0, 14.0]",28.79236,0.35470566,Ground Pass,,,,,,,Incomplete,,,,Regular Play
7530,France,Benjamin Pavard,Nabil Fekir,87,46,2,"[86.0, 80.0]","[101.0, 75.0]",15.811388,-0.32175055,High Pass,Throw-in,,,,,,,,,,From Throw In
7530,France,Nabil Fekir,Paul Pogba,87,52,2,"[118.0, 68.0]","[113.0, 76.0]",9.433981,2.1293957,Ground Pass,,,,,,True,,,,True,From Throw In
7530,France,Raphaël Varane,Samuel Yves Umtiti,88,4,2,"[54.0, 78.0]","[48.0, 40.0]",38.470768,-1.7273982,Ground Pass,,,,,,,,,,,From Throw In
7530,France,Samuel Yves Umtiti,Raphaël Varane,88,8,2,"[50.0, 39.0]","[50.0, 64.0]",25.0,1.5707964,Ground Pass,,,,,,,,,,,From Throw In
7530,France,Raphaël Varane,Nabil Fekir,88,11,2,"[50.0, 65.0]","[88.0, 72.0]",38.63936,0.1821683,High Pass,,,,,,,,,,,From Throw In
7530,France,N''Golo Kanté,Blaise Matuidi,88,30,2,"[76.0, 29.0]","[85.0, 5.0]",25.632011,-1.2120256,Ground Pass,Recovery,,,,,,,,,,Regular Play
7530,France,Blaise Matuidi,Kylian Mbappé Lottin,88,31,2,"[85.0, 6.0]","[90.0, 26.0]",20.615528,1.3258177,Ground Pass,,,,,,,,,,,Regular Play
7530,France,Kylian Mbappé Lottin,Blaise Matuidi,88,33,2,"[86.0, 26.0]","[112.0, 14.0]",28.635643,-0.43240777,Ground Pass,,,,,,,,,,,Regular Play
7530,France,Blaise Matuidi,Olivier Giroud,88,35,2,"[113.0, 13.0]","[114.0, 21.0]",8.062258,1.4464413,Ground Pass,,,,,,,Incomplete,,,,Regular Play
7530,France,Lucas Hernández Pi,N''Golo Kanté,88,45,2,"[55.0, 3.0]","[60.0, 12.0]",10.29563,1.0636978,High Pass,Recovery,,,,,,Incomplete,,,,Regular Play
7530,France,N''Golo Kanté,Kylian Mbappé Lottin,88,56,2,"[88.0, 5.0]","[113.0, 20.0]",29.15476,0.5404195,Ground Pass,,,,,,,,,,,Regular Play
7530,France,Kylian Mbappé Lottin,Nabil Fekir,89,2,2,"[115.0, 17.0]","[101.0, 53.0]",38.626415,1.9416876,High Pass,,,True,,,,,,,,Regular Play
7530,France,Nabil Fekir,Paul Pogba,89,5,2,"[101.0, 54.0]","[97.0, 44.0]",10.770329,-1.9513026,Ground Pass,,,,,,,,,,,Regular Play
7530,France,Nabil Fekir,Lucas Hernández Pi,90,0,2,"[21.0, 57.0]","[14.0, 21.0]",36.67424,-1.7628443,High Pass,Recovery,,,,,,,,,,Regular Play
7530,France,Lucas Hernández Pi,,90,4,2,"[14.0, 21.0]","[30.0, 1.0]",25.612497,-0.8960554,High Pass,,,,,,,Unknown,,,,Regular Play
7530,France,Hugo Lloris,Olivier Giroud,90,50,2,"[15.0, 22.0]","[76.0, 9.0]",62.369865,-0.20997351,High Pass,Free Kick,,,,,,Incomplete,,,,From Free Kick
7530,France,Lucas Hernández Pi,Olivier Giroud,91,15,2,"[79.0, 1.0]","[101.0, 4.0]",22.203604,0.13552772,High Pass,Throw-in,,,,,,Incomplete,,,,From Throw In
7530,France,Benjamin Pavard,Raphaël Varane,91,28,2,"[29.0, 78.0]","[52.0, 70.0]",24.351591,-0.33473682,Ground Pass,,,,,,,,,,,Regular Play
7530,France,Raphaël Varane,Nabil Fekir,91,30,2,"[58.0, 69.0]","[74.0, 78.0]",18.35756,0.5123895,Ground Pass,,,,,,,,,,True,Regular Play
7530,France,Nabil Fekir,Raphaël Varane,91,36,2,"[82.0, 79.0]","[97.0, 79.0]",15.0,0.0,Ground Pass,,,,,,,,,,True,Regular Play
7530,France,Benjamin Pavard,Nabil Fekir,92,1,2,"[102.0, 79.0]","[114.0, 77.0]",12.165525,-0.16514868,High Pass,Throw-in,,,,,,,,,,From Throw In
7530,France,Nabil Fekir,Benjamin Pavard,92,2,2,"[113.0, 79.0]","[104.0, 79.0]",9.0,3.1415927,Ground Pass,,,,,,,,,,,From Throw In
7530,France,Benjamin Pavard,Nabil Fekir,92,3,2,"[104.0, 79.0]","[113.0, 79.0]",9.0,0.0,Ground Pass,,,,,,,Out,,,,From Throw In
7530,France,N''Golo Kanté,,92,57,2,"[29.0, 6.0]","[90.0, 6.0]",61.0,0.0,High Pass,,,,,,,Incomplete,,,,From Free Kick
7530,France,Kylian Mbappé Lottin,Blaise Matuidi,93,58,2,"[31.0, 34.0]","[35.0, 41.0]",8.062258,1.0516502,Ground Pass,Recovery,,,,,,,,,,Regular Play
7530,France,Paul Pogba,Lucas Hernández Pi,94,1,2,"[27.0, 40.0]","[32.0, 7.0]",33.37664,-1.4204249,Low Pass,Recovery,,,,,,,,,,Regular Play
7530,France,Lucas Hernández Pi,,94,5,2,"[44.0, 9.0]","[46.0, 6.0]",3.6055512,-0.98279375,Ground Pass,,,,,,,Incomplete,,,,Regular Play
7530,France,Lucas Hernández Pi,Nabil Fekir,94,23,2,"[46.0, 1.0]","[55.0, 3.0]",9.219544,0.21866895,High Pass,Throw-in,,,,,,,,,,From Throw In
7530,France,Nabil Fekir,,94,26,2,"[54.0, 4.0]","[54.0, 18.0]",14.0,1.5707964,Ground Pass,,,,,,,Incomplete,,,,From Throw In
7530,France,Raphaël Varane,Olivier Giroud,95,25,2,"[57.0, 62.0]","[100.0, 59.0]",43.104523,-0.06965458,High Pass,Free Kick,,,,,,Unknown,,,,From Free Kick
