match_id,team,player,pass_recipient,minute,second,period,location,pass_end_location,pass_length,pass_angle,pass_height,pass_type,pass_technique,pass_cross,pass_cut_back,pass_switch,pass_through_ball,pass_deflected,pass_outcome,pass_shot_assist,pass_assisted_shot_id,under_pressure,play_pattern
7546,France,Antoine Griezmann,Raphaël Varane,0,0,1,"[60.0, 41.0]","[28.0, 38.0]",32.140316,-3.048116,Ground Pass,Kick Off,,,,,,,,,,,From Kick Off
7546,France,Raphaël Varane,Olivier Giroud,0,0,1,"[26.0, 38.0]","[85.0, 56.0]",61.68468,0.29611516,High Pass,,,,,,,,,,,,From Kick Off
7546,France,Olivier Giroud,Antoine Griezmann,0,2,1,"[85.0, 56.0]","[86.0, 52.0]",4.1231055,-1.3258177,Low Pass,,,,,,,,Incomplete,,,,From Kick Off
7546,France,Benjamin Pavard,Raphaël Varane,0,13,1,"[56.0, 80.0]","[33.0, 71.0]",24.698177,-2.768605,Low Pass,Throw-in,,,,,,,,,,,From Throw In
7546,France,Raphaël Varane,Samuel Yves Umtiti,0,16,1,"[32.0, 67.0]","[32.0, 23.0]",44.0,-1.5707964,Ground Pass,,,,,True,,,,,,,From Throw In
7546,France,Samuel Yves Umtiti,Raphaël Varane,0,20,1,"[35.0, 24.0]","[37.0, 56.0]",32.06244,1.5083776,Ground Pass,,,,,,,,,,,,From Throw In
7546,France,Raphaël Varane,Antoine Griezmann,0,24,1,"[45.0, 62.0]","[70.0, 77.0]",29.15476,0.5404195,Ground Pass,,,,,,,,,,,,From Throw In
7546,France,Antoine Griezmann,Benjamin Pavard,0,25,1,"[70.0, 77.0]","[49.0, 75.0]",21.095022,-3.0466409,Ground Pass,,,,,,,,,,,True,From Throw In
7546,France,Benjamin Pavard,N''Golo Kanté,0,27,1,"[49.0, 74.0]","[54.0, 61.0]",13.928389,-1.2036225,Ground Pass,,,,,,,,,,,,From Throw In
7546,France,N''Golo Kanté,Raphaël Varane,0,28,1,"[54.0, 61.0]","[38.0, 62.0]",16.03122,3.0791738,Ground Pass,,,,,,,,,,,True,From Throw In
7546,France,Raphaël Varane,Olivier Giroud,0,32,1,"[85.0, 61.0]","[82.0, 58.0]",4.2426405,-2.3561945,High Pass,,,,,,,,Incomplete,,,,From Throw In
7546,France,Kylian Mbappé Lottin,N''Golo Kanté,0,51,1,"[76.0, 70.0]","[70.0, 73.0]",6.708204,2.6779451,Ground Pass,,,,,,,,Incomplete,,,,Regular Play
7546,France,Paul Pogba,Kylian Mbappé Lottin,1,27,1,"[16.0, 9.0]","[32.0, 36.0]",31.38471,1.0358412,High Pass,Recovery,,,,,,,Incomplete,,,,From Throw In
7546,France,Kylian Mbappé Lottin,N''Golo Kanté,1,32,1,"[29.0, 45.0]","[24.0, 40.0]",7.071068,-2.3561945,Low Pass,Recovery,,,,,,,Incomplete,,,,From Throw In
7546,France,Antoine Griezmann,Olivier Giroud,1,34,1,"[32.0, 37.0]","[45.0, 35.0]",13.152946,-0.15264933,Ground Pass,Recovery,,,,,,,Incomplete,,,,From Throw In
7546,France,N''Golo Kanté,Blaise Matuidi,1,53,1,"[10.0, 22.0]","[10.0, 14.0]",8.0,-1.5707964,Ground Pass,Interception,,,,,,,,,,,Regular Play
7546,France,Benjamin Pavard,Kylian Mbappé Lottin,2,54,1,"[10.0, 70.0]","[12.0, 76.0]",6.3245554,1.2490457,Low Pass,Interception,,,,,,,,,,,Regular Play
7546,France,Benjamin Pavard,N''Golo Kanté,3,17,1,"[24.0, 77.0]","[31.0, 62.0]",16.552946,-1.1341692,Ground Pass,,,,,,,,,,,,Regular Play
7546,France,N''Golo Kanté,Benjamin Pavard,3,23,1,"[47.0, 61.0]","[46.0, 77.0]",16.03122,1.6332152,Ground Pass,,,,,,,,,,,,Regular Play
7546,France,Benjamin Pavard,Kylian Mbappé Lottin,3,26,1,"[50.0, 77.0]","[65.0, 76.0]",15.033297,-0.066568166,Ground Pass,,,,,,,,,,,,Regular Play
7546,France,Kylian Mbappé Lottin,Benjamin Pavard,3,26,1,"[65.0, 76.0]","[53.0, 73.0]",12.369317,-2.896614,Ground Pass,,,,,,,,,,,True,Regular Play
7546,France,Benjamin Pavard,N''Golo Kanté,3,28,1,"[51.0, 72.0]","[52.0, 63.0]",9.055386,-1.4601392,Ground Pass,,,,,,,,,,,,Regular Play
7546,France,N''Golo Kanté,Blaise Matuidi,3,30,1,"[51.0, 60.0]","[83.0, 1.0]",67.11929,-1.0738277,Low Pass,,,,,True,,,Out,,,True,Regular Play
7546,France,Raphaël Varane,Paul Pogba,3,56,1,"[46.0, 14.0]","[66.0, 14.0]",20.0,0.0,High Pass,Recovery,,,,,,,Incomplete,,,,From Throw In
7546,France,Lucas Hernández Pi,Antoine Griezmann,4,7,1,"[52.0, 4.0]","[72.0, 3.0]",20.024984,-0.049958397,Low Pass,Recovery,,,,,,,Out,,,,From Throw In
7546,France,N''Golo Kanté,Antoine Griezmann,4,48,1,"[37.0, 59.0]","[47.0, 62.0]",10.440307,0.2914568,Ground Pass,Interception,,,,,,,,,,,Regular Play
7546,France,Antoine Griezmann,Kylian Mbappé Lottin,4,51,1,"[44.0, 77.0]","[51.0, 77.0]",7.0,0.0,Ground Pass,,,,,,,,,,,True,Regular Play
7546,France,Kylian Mbappé Lottin,Antoine Griezmann,4,52,1,"[49.0, 77.0]","[54.0, 78.0]",5.0990195,0.19739556,Ground Pass,,,,,,,,Incomplete,,,True,Regular Play
7546,France,Benjamin Pavard,Raphaël Varane,4,59,1,"[48.0, 79.0]","[31.0, 63.0]",23.345236,-2.3864882,Low Pass,Throw-in,,,,,,,,,,,From Throw In
7546,France,Raphaël Varane,Samuel Yves Umtiti,5,2,1,"[31.0, 61.0]","[31.0, 19.0]",42.0,-1.5707964,Ground Pass,,,,,True,,,,,,,From Throw In
7546,France,Samuel Yves Umtiti,Lucas Hernández Pi,5,5,1,"[29.0, 14.0]","[49.0, 3.0]",22.825424,-0.5028432,Ground Pass,,,,,,,,,,,,From Throw In
7546,France,Lucas Hernández Pi,Olivier Giroud,5,8,1,"[54.0, 3.0]","[97.0, 26.0]",48.76474,0.4911636,High Pass,,,,,,,,Incomplete,,,,From Throw In
7546,France,Raphaël Varane,Paul Pogba,5,37,1,"[52.0, 28.0]","[53.0, 19.0]",9.055386,-1.4601392,Ground Pass,,,,,,,,,,,,Regular Play
7546,France,Paul Pogba,Kylian Mbappé Lottin,5,39,1,"[52.0, 20.0]","[76.0, 52.0]",40.0,0.9272952,Low Pass,,,,,,,,Incomplete,,,True,Regular Play
7546,France,Hugo Lloris,Raphaël Varane,5,57,1,"[7.0, 46.0]","[15.0, 62.0]",17.888544,1.1071488,Ground Pass,Goal Kick,,,,,,,,,,,From Goal Kick
7546,France,Raphaël Varane,Benjamin Pavard,6,1,1,"[23.0, 65.0]","[35.0, 76.0]",16.27882,0.7419473,Ground Pass,,,,,,,,,,,,From Goal Kick
7546,France,Benjamin Pavard,N''Golo Kanté,6,4,1,"[35.0, 73.0]","[45.0, 56.0]",19.723083,-1.0390723,Ground Pass,,,,,,,,,,,,From Goal Kick
7546,France,N''Golo Kanté,Raphaël Varane,6,5,1,"[45.0, 56.0]","[32.0, 58.0]",13.152946,2.9889433,Ground Pass,,,,,,,,,,,True,From Goal Kick
7546,France,Raphaël Varane,Benjamin Pavard,6,11,1,"[44.0, 57.0]","[53.0, 76.0]",21.023796,1.1284221,Ground Pass,,,,,,,,,,,,From Goal Kick
7546,France,Benjamin Pavard,Kylian Mbappé Lottin,6,13,1,"[55.0, 76.0]","[69.0, 77.0]",14.035668,0.071307465,Ground Pass,,,,,,,,,,,,From Goal Kick
7546,France,Kylian Mbappé Lottin,Benjamin Pavard,6,15,1,"[69.0, 77.0]","[49.0, 76.0]",20.024984,-3.0916343,Ground Pass,,,,,,,,,,,,From Goal Kick
7546,France,Benjamin Pavard,Raphaël Varane,6,17,1,"[45.0, 72.0]","[35.0, 65.0]",12.206555,-2.5308666,Ground Pass,,,,,,,,,,,,From Goal Kick
7546,France,Raphaël Varane,Lucas Hernández Pi,6,19,1,"[34.0, 64.0]","[66.0, 3.0]",68.88396,-1.0876707,High Pass,,,,,True,,,,,,,From Goal Kick
7546,France,Lucas Hernández Pi,Blaise Matuidi,6,24,1,"[65.0, 3.0]","[83.0, 3.0]",18.0,0.0,Ground Pass,,,,,,,,,,,,From Goal Kick
7546,France,Paul Pogba,Antoine Griezmann,6,29,1,"[66.0, 22.0]","[82.0, 17.0]",16.763054,-0.30288488,Low Pass,Recovery,,,,,,,Incomplete,,,,Regular Play
7546,France,Benjamin Pavard,Kylian Mbappé Lottin,7,1,1,"[32.0, 80.0]","[48.0, 75.0]",16.763054,-0.30288488,Low Pass,Throw-in,,,,,,,,,,,From Throw In
7546,France,Paul Pogba,Blaise Matuidi,7,9,1,"[36.0, 51.0]","[41.0, 23.0]",28.442924,-1.3940874,Ground Pass,,,,,,,,,,,,Regular Play
7546,France,Blaise Matuidi,Antoine Griezmann,7,11,1,"[42.0, 19.0]","[94.0, 8.0]",53.15073,-0.20846522,Ground Pass,,,,,,,,Incomplete,,,,Regular Play
7546,France,Blaise Matuidi,Paul Pogba,7,21,1,"[82.0, 3.0]","[73.0, 4.0]",9.055386,3.0309355,Ground Pass,,,,,,,,,,,True,Regular Play
7546,France,Paul Pogba,Lucas Hernández Pi,7,24,1,"[72.0, 4.0]","[54.0, 3.0]",18.027756,-3.0860941,Ground Pass,,,,,,,,,,,True,Regular Play
7546,France,Lucas Hernández Pi,Samuel Yves Umtiti,7,26,1,"[49.0, 4.0]","[38.0, 21.0]",20.248457,2.145101,Ground Pass,,,,,,,,,,,,Regular Play
7546,France,Samuel Yves Umtiti,Raphaël Varane,7,28,1,"[38.0, 21.0]","[44.0, 53.0]",32.55764,1.3854483,Ground Pass,,,,,,,,,,,,Regular Play
7546,France,Raphaël Varane,Benjamin Pavard,7,32,1,"[57.0, 55.0]","[79.0, 77.0]",31.112698,0.7853982,Ground Pass,,,,,,,,,,,,Regular Play
7546,France,Benjamin Pavard,N''Golo Kanté,7,36,1,"[82.0, 67.0]","[75.0, 60.0]",9.899495,-2.3561945,Ground Pass,,,,,,,,,,,True,Regular Play
7546,France,N''Golo Kanté,Benjamin Pavard,7,39,1,"[74.0, 63.0]","[76.0, 76.0]",13.152946,1.418147,Ground Pass,,,,,,,,,,,,Regular Play
7546,France,Benjamin Pavard,N''Golo Kanté,7,41,1,"[77.0, 75.0]","[71.0, 63.0]",13.416408,-2.0344439,Ground Pass,,,,,,,,,,,,Regular Play
7546,France,N''Golo Kanté,Raphaël Varane,7,43,1,"[66.0, 63.0]","[54.0, 69.0]",13.416408,2.6779451,Ground Pass,,,,,,,,,,,,Regular Play
7546,France,Raphaël Varane,Olivier Giroud,7,46,1,"[54.0, 70.0]","[90.0, 45.0]",43.829212,-0.60698766,High Pass,,,,,,,,,,,,Regular Play
7546,France,Olivier Giroud,Blaise Matuidi,7,49,1,"[90.0, 45.0]","[87.0, 40.0]",5.8309517,-2.1112158,Low Pass,,,,,,,,,,,,Regular Play
7546,France,Blaise Matuidi,Kylian Mbappé Lottin,7,50,1,"[87.0, 40.0]","[91.0, 58.0]",18.439089,1.3521274,Low Pass,,,,,,,,,,,,Regular Play
7546,France,Kylian Mbappé Lottin,N''Golo Kanté,7,52,1,"[91.0, 58.0]","[89.0, 54.0]",4.472136,-2.0344439,Ground Pass,,,,,,,,,,,True,Regular Play
7546,France,N''Golo Kanté,Benjamin Pavard,7,55,1,"[88.0, 57.0]","[96.0, 74.0]",18.788294,1.1309538,Ground Pass,,,,,,,,,,,,Regular Play
7546,France,Benjamin Pavard,Kylian Mbappé Lottin,7,57,1,"[98.0, 74.0]","[94.0, 58.0]",16.492422,-1.815775,Ground Pass,,,,,,,,,,,True,Regular Play
7546,France,Kylian Mbappé Lottin,Olivier Giroud,7,59,1,"[94.0, 58.0]","[96.0, 55.0]",3.6055512,-0.98279375,Ground Pass,,,,,,,,Incomplete,,,,Regular Play
7546,France,Benjamin Pavard,Olivier Giroud,8,2,1,"[105.0, 59.0]","[104.0, 52.0]",7.071068,-1.7126933,High Pass,Recovery,,,,,,,,,,True,Regular Play
7546,France,Hugo Lloris,Paul Pogba,9,5,1,"[16.0, 50.0]","[34.0, 27.0]",29.206163,-0.90675014,Ground Pass,,,,,,,,,,,,From Counter
7546,France,Paul Pogba,N''Golo Kanté,9,19,1,"[76.0, 23.0]","[68.0, 34.0]",13.601471,2.1995926,Ground Pass,Free Kick,,,,,,,,,,,From Free Kick
7546,France,N''Golo Kanté,Benjamin Pavard,9,22,1,"[68.0, 38.0]","[71.0, 65.0]",27.166155,1.4601392,Ground Pass,,,,,,,,,,,,From Free Kick
7546,France,Benjamin Pavard,Kylian Mbappé Lottin,9,24,1,"[74.0, 67.0]","[88.0, 75.0]",16.124516,0.5191461,Ground Pass,,,,,,,,,,,,From Free Kick
7546,France,Kylian Mbappé Lottin,Benjamin Pavard,9,26,1,"[86.0, 74.0]","[75.0, 70.0]",11.7046995,-2.7928216,Ground Pass,,,,,,,,,,,,From Free Kick
7546,France,Benjamin Pavard,Kylian Mbappé Lottin,9,28,1,"[77.0, 72.0]","[89.0, 78.0]",13.416408,0.4636476,Ground Pass,,,,,,,,,,,,From Free Kick
7546,France,Kylian Mbappé Lottin,Benjamin Pavard,9,30,1,"[89.0, 78.0]","[92.0, 69.0]",9.486833,-1.2490457,Low Pass,,,,,,,,,,,True,From Free Kick
7546,France,Benjamin Pavard,Kylian Mbappé Lottin,9,31,1,"[92.0, 69.0]","[109.0, 79.0]",19.723083,0.5317241,Ground Pass,,,,,,,,Out,,,True,From Free Kick
7546,France,Paul Pogba,Antoine Griezmann,9,55,1,"[74.0, 66.0]","[88.0, 60.0]",15.231546,-0.4048918,High Pass,Interception,,,,,,,,,,,From Counter
7546,France,Antoine Griezmann,Olivier Giroud,9,58,1,"[88.0, 60.0]","[94.0, 56.0]",7.2111025,-0.5880026,Low Pass,,,,,,,,,,,,From Counter
7546,France,Paul Pogba,Olivier Giroud,10,43,1,"[52.0, 38.0]","[63.0, 47.0]",14.21267,0.6857295,Low Pass,Interception,,,,,,,Incomplete,,,,From Goal Kick
7546,France,N''Golo Kanté,Paul Pogba,11,0,1,"[100.0, 75.0]","[85.0, 56.0]",24.207438,-2.2390857,Ground Pass,,,,,,,,,True,9a6a6005-67e2-493e-a27d-e91472f88c31,,Regular Play
7546,France,Paul Pogba,Blaise Matuidi,11,44,1,"[46.0, 18.0]","[56.0, 5.0]",16.40122,-0.9151007,High Pass,Recovery,,,,,,,Incomplete,,,,From Goal Kick
7546,France,Samuel Yves Umtiti,Antoine Griezmann,11,51,1,"[24.0, 3.0]","[30.0, 3.0]",6.0,0.0,Ground Pass,,,,,,,,,,,True,Regular Play
7546,France,Antoine Griezmann,Paul Pogba,11,51,1,"[30.0, 3.0]","[35.0, 10.0]",8.602325,0.95054686,Ground Pass,,,,,,,,,,,,Regular Play
7546,France,Paul Pogba,Benjamin Pavard,11,55,1,"[32.0, 14.0]","[29.0, 52.0]",38.118237,1.6495802,Low Pass,,,,,,,,,,,True,Regular Play
7546,France,Benjamin Pavard,Kylian Mbappé Lottin,11,59,1,"[29.0, 55.0]","[47.0, 71.0]",24.083189,0.7266424,Ground Pass,,,,,,,,,,,True,Regular Play
7546,France,Kylian Mbappé Lottin,N''Golo Kanté,12,5,1,"[62.0, 75.0]","[57.0, 60.0]",15.811388,-1.8925469,Ground Pass,,,,,,,,,,,,Regular Play
7546,France,N''Golo Kanté,Kylian Mbappé Lottin,12,7,1,"[61.0, 61.0]","[68.0, 72.0]",13.038404,1.0040671,Ground Pass,,,,,,,,,,,True,Regular Play
7546,France,Kylian Mbappé Lottin,Paul Pogba,12,8,1,"[68.0, 72.0]","[63.0, 45.0]",27.45906,-1.7539071,Ground Pass,,,,,,,,,,,,Regular Play
7546,France,Paul Pogba,Blaise Matuidi,12,10,1,"[66.0, 42.0]","[84.0, 23.0]",26.172504,-0.81241864,Ground Pass,,,,,,,,,,,,Regular Play
7546,France,Blaise Matuidi,Antoine Griezmann,12,13,1,"[81.0, 21.0]","[108.0, 22.0]",27.018513,0.037020117,Ground Pass,,Through Ball,,,,True,,Incomplete,,,,Regular Play
7546,France,Antoine Griezmann,Kylian Mbappé Lottin,13,29,1,"[120.0, 1.0]","[116.0, 32.0]",31.257,1.6991196,High Pass,Corner,,,,,,,Incomplete,,,,From Corner
7546,France,Kylian Mbappé Lottin,Raphaël Varane,13,43,1,"[120.0, 2.0]","[115.0, 32.0]",30.413813,1.735945,High Pass,Corner,,,,,,,,True,9934eb63-9716-450f-a1b4-e75c29b10c39,,From Corner
7546,France,Raphaël Varane,Paul Pogba,14,24,1,"[34.0, 47.0]","[46.0, 48.0]",12.0415945,0.08314123,Low Pass,Recovery,,,,,,,,,,,From Counter
7546,France,Raphaël Varane,N''Golo Kanté,14,44,1,"[56.0, 44.0]","[60.0, 56.0]",12.649111,1.2490457,Ground Pass,Free Kick,,,,,,,,,,,From Free Kick
7546,France,N''Golo Kanté,Kylian Mbappé Lottin,14,47,1,"[65.0, 60.0]","[83.0, 77.0]",24.758837,0.7568345,Ground Pass,,,,,,,,,,,,From Free Kick
7546,France,Kylian Mbappé Lottin,Olivier Giroud,14,52,1,"[96.0, 60.0]","[105.0, 57.0]",9.486833,-0.32175055,Ground Pass,,,,,,,,,,,True,From Free Kick
7546,France,Olivier Giroud,Kylian Mbappé Lottin,14,53,1,"[106.0, 58.0]","[108.0, 44.0]",14.142136,-1.4288993,Ground Pass,,,,,,,,Incomplete,,,,From Free Kick
7546,France,Raphaël Varane,Samuel Yves Umtiti,15,3,1,"[49.0, 74.0]","[39.0, 39.0]",36.40055,-1.849096,Ground Pass,,,,,,,,,,,,From Free Kick
7546,France,Samuel Yves Umtiti,Paul Pogba,15,6,1,"[39.0, 41.0]","[57.0, 27.0]",22.803509,-0.66104317,Ground Pass,,,,,,,,,,,,From Free Kick
7546,France,Paul Pogba,Blaise Matuidi,15,9,1,"[60.0, 24.0]","[65.0, 31.0]",8.602325,0.95054686,Ground Pass,,,,,,,,,,,,From Free Kick
7546,France,Blaise Matuidi,Paul Pogba,15,10,1,"[65.0, 31.0]","[59.0, 22.0]",10.816654,-2.158799,Ground Pass,,,,,,,,,,,,From Free Kick
7546,France,Paul Pogba,Raphaël Varane,15,11,1,"[58.0, 23.0]","[53.0, 57.0]",34.36568,1.7168086,Ground Pass,,,,,,,,,,,,From Free Kick
7546,France,Raphaël Varane,Olivier Giroud,15,16,1,"[65.0, 57.0]","[106.0, 51.0]",41.4367,-0.14531001,High Pass,,,,,,,,,,,,From Free Kick
7546,France,Olivier Giroud,Antoine Griezmann,15,18,1,"[106.0, 52.0]","[101.0, 51.0]",5.0990195,-2.9441972,Low Pass,,,,,,,,,True,1a1c5763-630e-4e0b-8b31-d2998faad829,True,From Free Kick
7546,France,Hugo Lloris,Raphaël Varane,16,48,1,"[13.0, 52.0]","[19.0, 58.0]",8.485281,0.7853982,Ground Pass,,,,,,,,,,,,Regular Play
7546,France,Raphaël Varane,Benjamin Pavard,16,56,1,"[38.0, 53.0]","[38.0, 76.0]",23.0,1.5707964,Ground Pass,,,,,,,,,,,,Regular Play
7546,France,Benjamin Pavard,Paul Pogba,16,59,1,"[40.0, 74.0]","[40.0, 55.0]",19.0,-1.5707964,Ground Pass,,,,,,,,,,,,Regular Play
7546,France,Paul Pogba,Raphaël Varane,17,0,1,"[40.0, 55.0]","[32.0, 67.0]",14.422205,2.158799,Ground Pass,,,,,,,,,,,True,Regular Play
7546,France,Raphaël Varane,Hugo Lloris,17,2,1,"[29.0, 67.0]","[9.0, 48.0]",27.58623,-2.38183,Ground Pass,,,,,,,,,,,True,Regular Play
7546,France,Hugo Lloris,Olivier Giroud,17,8,1,"[12.0, 42.0]","[78.0, 37.0]",66.189125,-0.07561314,High Pass,,,,,,,,Incomplete,,,,Regular Play
7546,France,Benjamin Pavard,Raphaël Varane,17,24,1,"[57.0, 80.0]","[48.0, 69.0]",14.21267,-2.2565258,Low Pass,Throw-in,,,,,,,,,,,From Throw In
7546,France,Raphaël Varane,Antoine Griezmann,17,28,1,"[57.0, 69.0]","[118.0, 61.0]",61.522354,-0.13040331,High Pass,,Through Ball,,,,True,,,,,True,From Throw In
7546,France,Antoine Griezmann,Olivier Giroud,17,32,1,"[119.0, 61.0]","[117.0, 42.0]",19.104973,-1.6756732,Low Pass,,,True,,,,,Incomplete,,,True,From Throw In
7546,France,Raphaël Varane,Blaise Matuidi,17,51,1,"[40.0, 51.0]","[49.0, 44.0]",11.401754,-0.66104317,Low Pass,Recovery,,,,,,,Incomplete,,,,From Keeper
7546,France,Samuel Yves Umtiti,N''Golo Kanté,19,44,1,"[29.0, 13.0]","[39.0, 35.0]",24.166092,1.1441689,Ground Pass,,,,,,,,,,,,Regular Play
7546,France,N''Golo Kanté,Kylian Mbappé Lottin,19,49,1,"[56.0, 48.0]","[74.0, 60.0]",21.633308,0.5880026,Ground Pass,,,,,,,,,,,,Regular Play
7546,France,Kylian Mbappé Lottin,Benjamin Pavard,19,50,1,"[74.0, 60.0]","[82.0, 77.0]",18.788294,1.1309538,Ground Pass,,,,,,,,,,,,Regular Play
7546,France,Benjamin Pavard,N''Golo Kanté,19,53,1,"[82.0, 76.0]","[77.0, 69.0]",8.602325,-2.1910458,Ground Pass,,,,,,,,,,,True,Regular Play
7546,France,N''Golo Kanté,Paul Pogba,19,57,1,"[60.0, 63.0]","[65.0, 56.0]",8.602325,-0.95054686,Ground Pass,,,,,,,,,,,,Regular Play
7546,France,Benjamin Pavard,Paul Pogba,20,31,1,"[31.0, 80.0]","[35.0, 66.0]",14.56022,-1.2924967,Low Pass,Throw-in,,,,,,,,,,,From Throw In
7546,France,Paul Pogba,N''Golo Kanté,20,32,1,"[35.0, 66.0]","[40.0, 64.0]",5.3851647,-0.38050637,Low Pass,,,,,,,,Incomplete,,,,From Throw In
7546,France,Raphaël Varane,,20,47,1,"[6.0, 27.0]","[38.0, 12.0]",35.341194,-0.43833655,High Pass,Recovery,,,,,,,Incomplete,,,,Regular Play
7546,France,Kylian Mbappé Lottin,Blaise Matuidi,23,21,1,"[31.0, 47.0]","[34.0, 52.0]",5.8309517,1.0303768,Low Pass,Recovery,,,,,,,Incomplete,,,True,From Corner
7546,France,Hugo Lloris,Samuel Yves Umtiti,23,45,1,"[6.0, 37.0]","[22.0, 10.0]",31.38471,-1.0358412,Ground Pass,Goal Kick,,,,,,,,,,,From Goal Kick
7546,France,Samuel Yves Umtiti,Lucas Hernández Pi,23,52,1,"[46.0, 11.0]","[55.0, 2.0]",12.727922,-0.7853982,Ground Pass,,,,,,,,,,,,From Goal Kick
7546,France,Lucas Hernández Pi,Samuel Yves Umtiti,23,54,1,"[54.0, 4.0]","[39.0, 7.0]",15.297058,2.9441972,Ground Pass,,,,,,,,,,,,From Goal Kick
7546,France,Samuel Yves Umtiti,Antoine Griezmann,23,59,1,"[45.0, 6.0]","[92.0, 12.0]",47.38143,0.1269728,High Pass,,,,,,,,Incomplete,,,True,From Goal Kick
7546,France,Blaise Matuidi,Antoine Griezmann,24,48,1,"[25.0, 17.0]","[32.0, 25.0]",10.630146,0.8519663,High Pass,Recovery,,,,,,,Unknown,,,,From Free Kick
7546,France,Samuel Yves Umtiti,N''Golo Kanté,25,4,1,"[30.0, 19.0]","[40.0, 43.0]",26.0,1.1760052,Ground Pass,Free Kick,,,,,,,,,,,From Free Kick
7546,France,N''Golo Kanté,Benjamin Pavard,25,10,1,"[50.0, 53.0]","[64.0, 78.0]",28.653097,1.060308,Ground Pass,,,,,,,,,,,,From Free Kick
7546,France,Benjamin Pavard,Antoine Griezmann,25,12,1,"[67.0, 77.0]","[79.0, 62.0]",19.209373,-0.8960554,Ground Pass,,,,,,,,Incomplete,,,,From Free Kick
7546,France,Benjamin Pavard,Raphaël Varane,25,36,1,"[45.0, 79.0]","[25.0, 75.0]",20.396078,-2.9441972,Low Pass,Throw-in,,,,,,,,,,,From Throw In
7546,France,Raphaël Varane,Paul Pogba,25,40,1,"[23.0, 67.0]","[36.0, 66.0]",13.038404,-0.07677189,Ground Pass,,,,,,,,,,,,From Throw In
7546,France,Paul Pogba,Kylian Mbappé Lottin,25,47,1,"[52.0, 61.0]","[76.0, 78.0]",29.410883,0.61629695,Low Pass,,,,,,,,,,,,From Throw In
7546,France,Kylian Mbappé Lottin,Benjamin Pavard,25,49,1,"[71.0, 78.0]","[54.0, 76.0]",17.117243,-3.024484,Ground Pass,,,,,,,,,,,,From Throw In
7546,France,Benjamin Pavard,Paul Pogba,25,51,1,"[54.0, 76.0]","[56.0, 63.0]",13.152946,-1.418147,Ground Pass,,,,,,,,,,,,From Throw In
7546,France,Paul Pogba,N''Golo Kanté,25,54,1,"[57.0, 69.0]","[76.0, 78.0]",21.023796,0.44237423,Ground Pass,,,,,,,,,,,,From Throw In
7546,France,N''Golo Kanté,Kylian Mbappé Lottin,25,56,1,"[76.0, 78.0]","[75.0, 59.0]",19.026299,-1.6233793,Ground Pass,,,,,,,,,,,,From Throw In
7546,France,Paul Pogba,Lucas Hernández Pi,26,43,1,"[45.0, 33.0]","[68.0, 4.0]",37.01351,-0.90027475,High Pass,,,,,,,,,,,,Regular Play
7546,France,Lucas Hernández Pi,Samuel Yves Umtiti,26,47,1,"[73.0, 5.0]","[56.0, 5.0]",17.0,3.1415927,Ground Pass,,,,,,,,,,,,Regular Play
7546,France,Samuel Yves Umtiti,Paul Pogba,26,50,1,"[56.0, 5.0]","[65.0, 12.0]",11.401754,0.66104317,Ground Pass,,,,,,,,,,,,Regular Play
7546,France,Paul Pogba,N''Golo Kanté,26,53,1,"[72.0, 23.0]","[62.0, 39.0]",18.867962,2.1293957,Ground Pass,,,,,,,,,,,,Regular Play
7546,France,N''Golo Kanté,Benjamin Pavard,26,55,1,"[58.0, 42.0]","[74.0, 77.0]",38.483765,1.1420183,Ground Pass,,,,,,,,,,,,Regular Play
7546,France,Benjamin Pavard,Kylian Mbappé Lottin,26,58,1,"[72.0, 75.0]","[80.0, 60.0]",17.0,-1.080839,Low Pass,,,,,,,,Incomplete,,,,Regular Play
7546,France,Lucas Hernández Pi,Paul Pogba,28,26,1,"[23.0, 2.0]","[33.0, 4.0]",10.198039,0.19739556,High Pass,Throw-in,,,,,,,,,,,From Throw In
7546,France,Paul Pogba,Blaise Matuidi,28,27,1,"[35.0, 3.0]","[40.0, 4.0]",5.0990195,0.19739556,High Pass,,,,,,,,Incomplete,,,,From Throw In
7546,France,Samuel Yves Umtiti,Antoine Griezmann,28,31,1,"[22.0, 18.0]","[31.0, 18.0]",9.0,0.0,Low Pass,Recovery,,,,,,,,,,,From Throw In
7546,France,Antoine Griezmann,N''Golo Kanté,28,31,1,"[33.0, 18.0]","[28.0, 14.0]",6.4031243,-2.4668517,Ground Pass,,,,,,,,,,,,From Throw In
7546,France,N''Golo Kanté,Benjamin Pavard,28,37,1,"[40.0, 19.0]","[45.0, 60.0]",41.303753,1.4494443,High Pass,,,,,True,,,,,,,From Throw In
7546,France,Benjamin Pavard,Kylian Mbappé Lottin,28,43,1,"[58.0, 77.0]","[74.0, 79.0]",16.124516,0.124354996,Ground Pass,,,,,,,,,,,,From Throw In
7546,France,Kylian Mbappé Lottin,N''Golo Kanté,28,46,1,"[74.0, 72.0]","[56.0, 65.0]",19.313208,-2.7707014,Ground Pass,,,,,,,,,,,,From Throw In
7546,France,N''Golo Kanté,Benjamin Pavard,28,49,1,"[72.0, 67.0]","[76.0, 77.0]",10.770329,1.19029,Ground Pass,,,,,,,,,,,True,From Throw In
7546,France,Benjamin Pavard,N''Golo Kanté,28,51,1,"[76.0, 78.0]","[74.0, 77.0]",2.236068,-2.6779451,Ground Pass,,,,,,,,Incomplete,,,,From Throw In
7546,France,Benjamin Pavard,Kylian Mbappé Lottin,29,0,1,"[77.0, 79.0]","[91.0, 62.0]",22.022715,-0.88187194,Low Pass,Throw-in,,,,,,,,,,,From Throw In
7546,France,Benjamin Pavard,Olivier Giroud,29,31,1,"[87.0, 79.0]","[107.0, 77.0]",20.09975,-0.09966865,Low Pass,Throw-in,,,,,,,,,,,From Throw In
7546,France,Olivier Giroud,,29,34,1,"[108.0, 74.0]","[112.0, 80.0]",7.2111025,0.98279375,Ground Pass,,,,,,,,Injury Clearance,,,,From Throw In
7546,France,Antoine Griezmann,Paul Pogba,30,19,1,"[26.0, 41.0]","[34.0, 42.0]",8.062258,0.124354996,Ground Pass,,,,,,,,,,,True,Regular Play
7546,France,Paul Pogba,Blaise Matuidi,30,20,1,"[37.0, 41.0]","[36.0, 16.0]",25.019993,-1.610775,Ground Pass,,,,,,,,,,,,Regular Play
7546,France,Blaise Matuidi,Antoine Griezmann,30,23,1,"[41.0, 12.0]","[71.0, 3.0]",31.320919,-0.2914568,Ground Pass,,,,,,,,,,,,Regular Play
7546,France,Antoine Griezmann,Blaise Matuidi,30,26,1,"[73.0, 5.0]","[51.0, 5.0]",22.0,3.1415927,Ground Pass,,,,,,,,,,,,Regular Play
7546,France,Blaise Matuidi,Paul Pogba,30,28,1,"[57.0, 5.0]","[65.0, 11.0]",10.0,0.6435011,Ground Pass,,,,,,,,,,,,Regular Play
7546,France,Paul Pogba,Samuel Yves Umtiti,30,29,1,"[66.0, 12.0]","[48.0, 17.0]",18.681541,2.8706458,Ground Pass,,,,,,,,,,,True,Regular Play
7546,France,Samuel Yves Umtiti,N''Golo Kanté,30,31,1,"[49.0, 21.0]","[74.0, 64.0]",49.73932,1.0441691,High Pass,,,,,True,,,,,,,Regular Play
7546,France,N''Golo Kanté,Benjamin Pavard,30,37,1,"[81.0, 77.0]","[55.0, 69.0]",27.202942,-2.8430936,Ground Pass,,,,,,,,,,,,Regular Play
7546,France,Benjamin Pavard,Hugo Lloris,30,39,1,"[55.0, 68.0]","[21.0, 54.0]",36.769554,-2.7509856,Ground Pass,,,,,,,,,,,,Regular Play
7546,France,Hugo Lloris,Samuel Yves Umtiti,30,43,1,"[22.0, 51.0]","[45.0, 21.0]",37.802116,-0.9167136,Ground Pass,,,,,,,,,,,,Regular Play
7546,France,Samuel Yves Umtiti,Paul Pogba,30,48,1,"[48.0, 20.0]","[57.0, 34.0]",16.643316,0.99945885,Ground Pass,,,,,,,,,,,,Regular Play
7546,France,Paul Pogba,Lucas Hernández Pi,30,50,1,"[62.0, 32.0]","[119.0, 7.0]",62.241467,-0.4133304,High Pass,,,,,,,,,,,,Regular Play
7546,France,Lucas Hernández Pi,,30,55,1,"[119.0, 7.0]","[120.0, 18.0]",11.045361,1.4801364,High Pass,,,,,,,,Out,,,,Regular Play
7546,France,Samuel Yves Umtiti,Lucas Hernández Pi,31,34,1,"[28.0, 5.0]","[40.0, 3.0]",12.165525,-0.16514868,Ground Pass,,,,,,,,,,,,Regular Play
7546,France,Lucas Hernández Pi,N''Golo Kanté,31,40,1,"[41.0, 11.0]","[34.0, 19.0]",10.630146,2.2896264,Ground Pass,,,,,,,,,,,,Regular Play
7546,France,N''Golo Kanté,Raphaël Varane,31,42,1,"[30.0, 25.0]","[23.0, 43.0]",19.313208,1.9416876,Ground Pass,,,,,,,,,,,,Regular Play
7546,France,Raphaël Varane,Benjamin Pavard,31,44,1,"[23.0, 47.0]","[58.0, 63.0]",38.483765,0.42877802,Ground Pass,,,,,,,,,,,,Regular Play
7546,France,Benjamin Pavard,Kylian Mbappé Lottin,31,47,1,"[58.0, 63.0]","[74.0, 78.0]",21.931713,0.7531513,Ground Pass,,,,,,,,,,,,Regular Play
7546,France,Kylian Mbappé Lottin,Benjamin Pavard,31,49,1,"[74.0, 78.0]","[109.0, 68.0]",36.40055,-0.27829966,Low Pass,,,,,,,,Incomplete,,,,Regular Play
7546,France,N''Golo Kanté,Paul Pogba,32,4,1,"[99.0, 61.0]","[89.0, 61.0]",10.0,3.1415927,Low Pass,,,,,,,,,,,,Regular Play
7546,France,Paul Pogba,N''Golo Kanté,32,6,1,"[87.0, 59.0]","[93.0, 56.0]",6.708204,-0.4636476,Ground Pass,,,,,,,,,,,,Regular Play
7546,France,Paul Pogba,Benjamin Pavard,32,9,1,"[85.0, 59.0]","[100.0, 77.0]",23.43075,0.87605804,High Pass,Recovery,,,,,,True,,,,,Regular Play
7546,France,Benjamin Pavard,Kylian Mbappé Lottin,32,11,1,"[100.0, 76.0]","[104.0, 72.0]",5.656854,-0.7853982,Low Pass,,,,,,,,Incomplete,,,,Regular Play
7546,France,N''Golo Kanté,Blaise Matuidi,32,40,1,"[79.0, 64.0]","[80.0, 40.0]",24.020824,-1.5291537,Ground Pass,,,,,,,,,,,,Regular Play
7546,France,Blaise Matuidi,Lucas Hernández Pi,32,43,1,"[91.0, 35.0]","[91.0, 24.0]",11.0,-1.5707964,Ground Pass,,,,,,,,,,,,Regular Play
7546,France,Lucas Hernández Pi,Paul Pogba,32,45,1,"[96.0, 29.0]","[85.0, 27.0]",11.18034,-2.961739,Ground Pass,,,,,,,,,,,,Regular Play
7546,France,Paul Pogba,Kylian Mbappé Lottin,32,49,1,"[87.0, 28.0]","[111.0, 41.0]",27.294687,0.49642277,High Pass,,,,,,,,,True,051653f2-4740-4b3a-bf27-b017c0f56f5f,,Regular Play
7546,France,N''Golo Kanté,Antoine Griezmann,33,19,1,"[65.0, 55.0]","[69.0, 55.0]",4.0,0.0,Ground Pass,,,,,,,,,,,True,From Counter
7546,France,Antoine Griezmann,Olivier Giroud,33,23,1,"[90.0, 50.0]","[96.0, 41.0]",10.816654,-0.98279375,Ground Pass,,,,,,,,,,,,From Counter
7546,France,Olivier Giroud,Antoine Griezmann,33,24,1,"[96.0, 41.0]","[95.0, 43.0]",2.236068,2.0344439,Ground Pass,,,,,,,,Incomplete,,,,From Counter
7546,France,Paul Pogba,Olivier Giroud,33,34,1,"[95.0, 25.0]","[108.0, 27.0]",13.152946,0.15264933,Ground Pass,,,,,,,,,True,7143598f-cf39-436c-b415-f76d8a461603,,From Counter
7546,France,Paul Pogba,,35,42,1,"[20.0, 46.0]","[86.0, 18.0]",71.693794,-0.4012288,High Pass,,,,,,,,Incomplete,,,,From Throw In
7546,France,N''Golo Kanté,Antoine Griezmann,36,58,1,"[28.0, 68.0]","[34.0, 56.0]",13.416408,-1.1071488,Ground Pass,,,,,,,,,,,,Regular Play
7546,France,Antoine Griezmann,Samuel Yves Umtiti,37,1,1,"[37.0, 44.0]","[28.0, 23.0]",22.847319,-1.9756881,Ground Pass,,,,,,,,,,,,Regular Play
7546,France,Samuel Yves Umtiti,Lucas Hernández Pi,37,3,1,"[29.0, 21.0]","[51.0, 3.0]",28.42534,-0.6857295,Ground Pass,,,,,,,,,,,,Regular Play
7546,France,Lucas Hernández Pi,Blaise Matuidi,37,8,1,"[72.0, 5.0]","[76.0, 3.0]",4.472136,-0.4636476,Ground Pass,,,,,,,,,,,,Regular Play
7546,France,Blaise Matuidi,Paul Pogba,37,10,1,"[77.0, 3.0]","[65.0, 9.0]",13.416408,2.6779451,Ground Pass,,,,,,,,,,,,Regular Play
7546,France,Paul Pogba,Blaise Matuidi,37,11,1,"[65.0, 8.0]","[76.0, 3.0]",12.083046,-0.4266275,Ground Pass,,,,,,,,,,,,Regular Play
7546,France,Blaise Matuidi,Paul Pogba,37,13,1,"[76.0, 2.0]","[68.0, 5.0]",8.5440035,2.782822,Ground Pass,,,,,,,,,,,,Regular Play
7546,France,Paul Pogba,Antoine Griezmann,37,15,1,"[67.0, 6.0]","[71.0, 11.0]",6.4031243,0.8960554,Ground Pass,,,,,,,,,,,,Regular Play
7546,France,Antoine Griezmann,Blaise Matuidi,37,16,1,"[71.0, 10.0]","[79.0, 7.0]",8.5440035,-0.35877067,Ground Pass,,,,,,,,,,,,Regular Play
7546,France,Blaise Matuidi,Antoine Griezmann,37,18,1,"[80.0, 7.0]","[88.0, 11.0]",8.944272,0.4636476,Ground Pass,,,,,,,,,,,,Regular Play
7546,France,Antoine Griezmann,Olivier Giroud,37,20,1,"[94.0, 15.0]","[98.0, 20.0]",6.4031243,0.8960554,Ground Pass,,,,,,,,Incomplete,,,,Regular Play
7546,France,Paul Pogba,Kylian Mbappé Lottin,38,44,1,"[48.0, 65.0]","[87.0, 74.0]",40.024994,0.22679885,Ground Pass,,,,,,,,,,,,Regular Play
7546,France,Kylian Mbappé Lottin,Antoine Griezmann,38,47,1,"[88.0, 74.0]","[91.0, 48.0]",26.172504,-1.4559197,Ground Pass,,,,,,,,,,,,Regular Play
7546,France,Antoine Griezmann,Olivier Giroud,38,49,1,"[92.0, 48.0]","[109.0, 34.0]",22.022715,-0.6889244,Low Pass,,,,,,,,Incomplete,,,,Regular Play
7546,France,Raphaël Varane,Olivier Giroud,40,24,1,"[61.0, 68.0]","[120.0, 54.0]",60.63827,-0.23297924,High Pass,Free Kick,,,,,,,Out,,,,From Free Kick
7546,France,Blaise Matuidi,Paul Pogba,41,28,1,"[55.0, 5.0]","[53.0, 12.0]",7.28011,1.849096,Ground Pass,,,,,,,,,,,,Regular Play
7546,France,Paul Pogba,N''Golo Kanté,41,29,1,"[50.0, 15.0]","[57.0, 27.0]",13.892444,1.0427219,Ground Pass,,,,,,,,,,,,Regular Play
7546,France,N''Golo Kanté,Blaise Matuidi,41,32,1,"[71.0, 23.0]","[94.0, 3.0]",30.479502,-0.7157436,Ground Pass,,,,,,,,,,,,Regular Play
7546,France,Blaise Matuidi,Antoine Griezmann,41,36,1,"[94.0, 4.0]","[86.0, 15.0]",13.601471,2.1995926,Ground Pass,,,,,,,,,,,True,Regular Play
7546,France,Antoine Griezmann,Paul Pogba,41,39,1,"[89.0, 18.0]","[81.0, 18.0]",8.0,3.1415927,Ground Pass,,,,,,,,,,,,Regular Play
7546,France,Paul Pogba,Blaise Matuidi,41,42,1,"[82.0, 18.0]","[87.0, 4.0]",14.866069,-1.2277724,Ground Pass,,,,,,,,,,,,Regular Play
7546,France,Blaise Matuidi,Paul Pogba,41,45,1,"[88.0, 4.0]","[80.0, 7.0]",8.5440035,2.782822,Ground Pass,,,,,,,,,,,,Regular Play
7546,France,Paul Pogba,Samuel Yves Umtiti,41,47,1,"[79.0, 8.0]","[60.0, 13.0]",19.646883,2.884269,Ground Pass,,,,,,,,,,,,Regular Play
7546,France,Samuel Yves Umtiti,N''Golo Kanté,41,49,1,"[60.0, 16.0]","[73.0, 27.0]",17.029387,0.7022569,Ground Pass,,,,,,,,,,,,Regular Play
7546,France,N''Golo Kanté,Raphaël Varane,41,51,1,"[74.0, 27.0]","[54.0, 52.0]",32.01562,2.2455373,Ground Pass,,,,,,,,,,,,Regular Play
7546,France,Raphaël Varane,Kylian Mbappé Lottin,41,56,1,"[73.0, 58.0]","[89.0, 55.0]",16.27882,-0.18534794,Ground Pass,,,,,,,,,,,,Regular Play
7546,France,Kylian Mbappé Lottin,Benjamin Pavard,41,58,1,"[89.0, 56.0]","[82.0, 76.0]",21.189621,1.9074712,Low Pass,,,,,,,,,,,,Regular Play
7546,France,Benjamin Pavard,Raphaël Varane,42,0,1,"[75.0, 76.0]","[57.0, 70.0]",18.973665,-2.819842,Ground Pass,,,,,,,,,,,,Regular Play
7546,France,Raphaël Varane,Paul Pogba,42,2,1,"[55.0, 72.0]","[63.0, 43.0]",30.083218,-1.3016288,Ground Pass,,,,,,,,,,,,Regular Play
7546,France,Paul Pogba,Antoine Griezmann,42,7,1,"[65.0, 26.0]","[70.0, 39.0]",13.928389,1.2036225,Ground Pass,,,,,,,,,,,,Regular Play
7546,France,Antoine Griezmann,Paul Pogba,42,8,1,"[70.0, 38.0]","[62.0, 30.0]",11.313708,-2.3561945,Ground Pass,,,,,,,,,,,,Regular Play
7546,France,Paul Pogba,N''Golo Kanté,42,9,1,"[62.0, 31.0]","[67.0, 44.0]",13.928389,1.2036225,Ground Pass,,,,,,,,,,,,Regular Play
7546,France,N''Golo Kanté,Benjamin Pavard,42,11,1,"[70.0, 50.0]","[76.0, 67.0]",18.027756,1.2315037,Ground Pass,,,,,,,,,,,,Regular Play
7546,France,Benjamin Pavard,N''Golo Kanté,42,14,1,"[74.0, 66.0]","[80.0, 62.0]",7.2111025,-0.5880026,Ground Pass,,,,,,,,,,,,Regular Play
7546,France,N''Golo Kanté,Kylian Mbappé Lottin,42,14,1,"[80.0, 62.0]","[99.0, 76.0]",23.600847,0.63502675,Ground Pass,,,,,,,,,,,,Regular Play
7546,France,Kylian Mbappé Lottin,N''Golo Kanté,42,17,1,"[100.0, 64.0]","[95.0, 51.0]",13.928389,-1.9379702,Ground Pass,,,,,,,,,,,,Regular Play
7546,France,N''Golo Kanté,Antoine Griezmann,42,19,1,"[95.0, 50.0]","[100.0, 40.0]",11.18034,-1.1071488,Ground Pass,,,,,,,,,,,,Regular Play
7546,France,Antoine Griezmann,Lucas Hernández Pi,42,20,1,"[101.0, 40.0]","[106.0, 27.0]",13.928389,-1.2036225,Ground Pass,,,,,,,,,True,a40a42f9-c914-4ca7-9090-dc0cdbfe4550,,Regular Play
7546,France,Raphaël Varane,Samuel Yves Umtiti,43,7,1,"[32.0, 42.0]","[33.0, 35.0]",7.071068,-1.4288993,Low Pass,Recovery,,,,,,,,,,True,Regular Play
7546,France,Samuel Yves Umtiti,Antoine Griezmann,43,10,1,"[47.0, 36.0]","[58.0, 50.0]",17.804493,0.9048271,Ground Pass,,,,,,,,,,,,Regular Play
7546,France,Antoine Griezmann,Kylian Mbappé Lottin,43,15,1,"[90.0, 43.0]","[116.0, 60.0]",31.06445,0.57907426,Ground Pass,,,,,,,,,,,True,Regular Play
7546,France,Kylian Mbappé Lottin,Antoine Griezmann,43,19,1,"[119.0, 58.0]","[112.0, 43.0]",16.552946,-2.0074234,High Pass,,,True,,,,,Incomplete,,,,Regular Play
7546,France,Hugo Lloris,Olivier Giroud,44,23,1,"[17.0, 25.0]","[79.0, 40.0]",63.788715,0.23737425,High Pass,,,,,,,,,,,,Regular Play
7546,France,Olivier Giroud,Blaise Matuidi,44,27,1,"[88.0, 26.0]","[96.0, 12.0]",16.124516,-1.0516502,Low Pass,,,,,,,,Incomplete,,,True,Regular Play
7546,France,Samuel Yves Umtiti,Lucas Hernández Pi,44,37,1,"[48.0, 4.0]","[50.0, 2.0]",2.828427,-0.7853982,Ground Pass,Recovery,,,,,,,,,,,Regular Play
7546,France,Lucas Hernández Pi,Paul Pogba,44,38,1,"[51.0, 2.0]","[56.0, 7.0]",7.071068,0.7853982,Ground Pass,,,,,,,,,,,True,Regular Play
7546,France,Paul Pogba,Blaise Matuidi,44,39,1,"[55.0, 7.0]","[71.0, 3.0]",16.492422,-0.24497867,Ground Pass,,,,,,,,Out,,,,Regular Play
7546,France,Lucas Hernández Pi,Antoine Griezmann,44,54,1,"[42.0, 10.0]","[48.0, 11.0]",6.0827627,0.16514868,Ground Pass,Recovery,,,,,,,,,,,Regular Play
7546,France,Antoine Griezmann,Kylian Mbappé Lottin,44,56,1,"[49.0, 11.0]","[70.0, 50.0]",44.294468,1.076855,High Pass,,,,,,,,Incomplete,,,,Regular Play
7546,France,Benjamin Pavard,Kylian Mbappé Lottin,45,9,1,"[45.0, 79.0]","[56.0, 74.0]",12.083046,-0.4266275,Low Pass,Throw-in,,,,,,,,,,,From Throw In
7546,France,Kylian Mbappé Lottin,Antoine Griezmann,45,11,1,"[57.0, 76.0]","[66.0, 66.0]",13.453624,-0.8379812,Low Pass,,,,,,,,,,,,From Throw In
7546,France,Antoine Griezmann,N''Golo Kanté,45,11,1,"[65.0, 66.0]","[54.0, 55.0]",15.556349,-2.3561945,Low Pass,,,,,,,,,,,,From Throw In
7546,France,N''Golo Kanté,Lucas Hernández Pi,45,14,1,"[49.0, 49.0]","[56.0, 4.0]",45.54119,-1.4164776,High Pass,,,,,True,,,,,,,From Throw In
7546,France,Lucas Hernández Pi,Samuel Yves Umtiti,45,20,1,"[53.0, 9.0]","[36.0, 15.0]",18.027756,2.8023,Ground Pass,,,,,,,,,,,,From Throw In
7546,France,Samuel Yves Umtiti,Paul Pogba,45,23,1,"[37.0, 16.0]","[50.0, 14.0]",13.152946,-0.15264933,Ground Pass,,,,,,,,,,,,From Throw In
7546,France,Paul Pogba,Olivier Giroud,45,26,1,"[50.0, 19.0]","[85.0, 16.0]",35.128338,-0.08550529,High Pass,,,,,,,,,,,,From Throw In
7546,France,Olivier Giroud,Antoine Griezmann,45,33,1,"[95.0, 20.0]","[108.0, 19.0]",13.038404,-0.07677189,Ground Pass,,,,,,,,,,,,From Throw In
7546,France,Antoine Griezmann,Olivier Giroud,45,34,1,"[107.0, 20.0]","[107.0, 27.0]",7.0,1.5707964,Low Pass,,,,,,,,Incomplete,,,,From Throw In
7546,France,Blaise Matuidi,Antoine Griezmann,46,17,1,"[52.0, 26.0]","[63.0, 18.0]",13.601471,-0.6287963,High Pass,Recovery,,,,,,,Incomplete,,,,From Goal Kick
7546,France,Paul Pogba,Samuel Yves Umtiti,46,24,1,"[66.0, 10.0]","[47.0, 18.0]",20.615528,2.7430701,Ground Pass,,,,,,,,,,,,Regular Play
7546,France,Samuel Yves Umtiti,Benjamin Pavard,46,26,1,"[48.0, 25.0]","[55.0, 55.0]",30.805843,1.3415644,Ground Pass,,,,,,,,,,,,Regular Play
7546,France,Benjamin Pavard,Raphaël Varane,46,28,1,"[55.0, 54.0]","[48.0, 50.0]",8.062258,-2.6224465,Ground Pass,,,,,,,,,,,,Regular Play
7546,France,Raphaël Varane,Benjamin Pavard,46,31,1,"[48.0, 50.0]","[47.0, 70.0]",20.024984,1.6207547,Ground Pass,,,,,,,,,,,,Regular Play
7546,France,Benjamin Pavard,Hugo Lloris,46,33,1,"[47.0, 64.0]","[20.0, 53.0]",29.15476,-2.7547169,Ground Pass,,,,,,,,,,,,Regular Play
7546,France,Hugo Lloris,Lucas Hernández Pi,46,38,1,"[21.0, 41.0]","[48.0, 3.0]",46.615448,-0.9530406,High Pass,,,,,,,,,,,,Regular Play
7546,France,Antoine Griezmann,Olivier Giroud,46,50,1,"[68.0, 3.0]","[96.0, 30.0]",38.8973,0.76721835,Ground Pass,,,,,,,,Incomplete,,,,Regular Play
7546,France,Paul Pogba,N''Golo Kanté,45,26,2,"[42.0, 61.0]","[50.0, 70.0]",12.0415945,0.844154,Ground Pass,Recovery,,,,,,,,,,,Regular Play
7546,France,N''Golo Kanté,Antoine Griezmann,45,28,2,"[51.0, 72.0]","[66.0, 65.0]",16.552946,-0.43662715,Ground Pass,,,,,,,,,,,,Regular Play
7546,France,Antoine Griezmann,Kylian Mbappé Lottin,45,29,2,"[66.0, 64.0]","[74.0, 65.0]",8.062258,0.124354996,Ground Pass,,,,,,,,,,,,Regular Play
7546,France,Kylian Mbappé Lottin,Blaise Matuidi,45,33,2,"[87.0, 46.0]","[99.0, 26.0]",23.323807,-1.0303768,Ground Pass,,,,,,,,,,,,Regular Play
7546,France,Blaise Matuidi,Olivier Giroud,45,37,2,"[110.0, 13.0]","[112.0, 14.0]",2.236068,0.4636476,Ground Pass,,,,,,,,Incomplete,,,,Regular Play
7546,France,Hugo Lloris,Olivier Giroud,48,33,2,"[36.0, 36.0]","[100.0, 24.0]",65.11528,-0.18534794,High Pass,Free Kick,,,,,,,,,,,From Free Kick
7546,France,Olivier Giroud,Antoine Griezmann,48,37,2,"[101.0, 25.0]","[98.0, 17.0]",8.5440035,-1.929567,Low Pass,,,,,,,,Incomplete,,,,From Free Kick
7546,France,Lucas Hernández Pi,Antoine Griezmann,48,40,2,"[64.0, 21.0]","[88.0, 14.0]",25.0,-0.2837941,High Pass,Recovery,,,,,,,Incomplete,,,,From Free Kick
7546,France,N''Golo Kanté,Blaise Matuidi,48,44,2,"[72.0, 21.0]","[80.0, 17.0]",8.944272,-0.4636476,High Pass,Recovery,,,,,,,,,,,From Free Kick
7546,France,Blaise Matuidi,Olivier Giroud,48,46,2,"[80.0, 15.0]","[91.0, 16.0]",11.045361,0.09065989,High Pass,,,,,,,,,,,,From Free Kick
7546,France,Olivier Giroud,Blaise Matuidi,48,48,2,"[91.0, 16.0]","[87.0, 5.0]",11.7046995,-1.9195673,Ground Pass,,,,,,,,,,,,From Free Kick
7546,France,Lucas Hernández Pi,Paul Pogba,49,6,2,"[97.0, 1.0]","[99.0, 8.0]",7.28011,1.2924967,Low Pass,Throw-in,,,,,,,,,,,From Throw In
7546,France,Paul Pogba,Lucas Hernández Pi,49,8,2,"[98.0, 8.0]","[100.0, 4.0]",4.472136,-1.1071488,Ground Pass,,,,,,,,,,,,From Throw In
7546,France,Lucas Hernández Pi,N''Golo Kanté,49,9,2,"[99.0, 5.0]","[87.0, 5.0]",12.0,3.1415927,Ground Pass,,,,,,,,,,,,From Throw In
7546,France,N''Golo Kanté,Benjamin Pavard,49,11,2,"[86.0, 8.0]","[84.0, 80.0]",72.02777,1.598567,High Pass,,,,,True,,,Out,,,True,From Throw In
7546,France,Raphaël Varane,,49,42,2,"[9.0, 76.0]","[24.0, 69.0]",16.552946,-0.43662715,Ground Pass,Recovery,,,,,,,Incomplete,,,,Regular Play
7546,France,Hugo Lloris,Olivier Giroud,50,23,2,"[7.0, 43.0]","[73.0, 64.0]",69.260376,0.30805278,High Pass,Goal Kick,,,,,,,Incomplete,,,,From Goal Kick
7546,France,Blaise Matuidi,Lucas Hernández Pi,50,48,2,"[32.0, 11.0]","[34.0, 4.0]",7.28011,-1.2924967,Ground Pass,,,,,,,,,,,,Regular Play
7546,France,Lucas Hernández Pi,Paul Pogba,50,50,2,"[34.0, 4.0]","[43.0, 6.0]",9.219544,0.21866895,Ground Pass,,,,,,,,,,,,Regular Play
7546,France,Paul Pogba,Blaise Matuidi,50,50,2,"[42.0, 5.0]","[38.0, 3.0]",4.472136,-2.6779451,Ground Pass,,,,,,,,,,,,Regular Play
7546,France,Blaise Matuidi,N''Golo Kanté,50,51,2,"[39.0, 5.0]","[39.0, 20.0]",15.0,1.5707964,Ground Pass,,,,,,,,,,,,Regular Play
7546,France,N''Golo Kanté,Kylian Mbappé Lottin,50,54,2,"[46.0, 29.0]","[83.0, 63.0]",50.24938,0.7431698,High Pass,,,,,,,,Incomplete,,,,Regular Play
7546,France,Raphaël Varane,Benjamin Pavard,51,26,2,"[73.0, 70.0]","[74.0, 72.0]",2.236068,1.1071488,Ground Pass,Free Kick,,,,,,,,,,,From Free Kick
7546,France,Benjamin Pavard,Kylian Mbappé Lottin,51,27,2,"[74.0, 75.0]","[85.0, 77.0]",11.18034,0.1798535,Ground Pass,,,,,,,,,,,,From Free Kick
7546,France,Kylian Mbappé Lottin,N''Golo Kanté,51,28,2,"[85.0, 78.0]","[87.0, 68.0]",10.198039,-1.3734008,Ground Pass,,,,,,,,,,,,From Free Kick
7546,France,N''Golo Kanté,Antoine Griezmann,51,32,2,"[86.0, 61.0]","[92.0, 61.0]",6.0,0.0,Ground Pass,,,,,,,,,,,,From Free Kick
7546,France,Antoine Griezmann,Benjamin Pavard,51,33,2,"[93.0, 65.0]","[99.0, 68.0]",6.708204,0.4636476,Ground Pass,,,,,,,,Incomplete,,,,From Free Kick
7546,France,Antoine Griezmann,Lucas Hernández Pi,51,37,2,"[96.0, 79.0]","[120.0, 4.0]",78.74643,-1.2610934,High Pass,,,True,,True,,,Out,,,,From Free Kick
7546,France,Antoine Griezmann,Samuel Yves Umtiti,53,4,2,"[98.0, 6.0]","[111.0, 47.0]",43.011627,1.2637506,High Pass,Free Kick,,True,,True,,,Incomplete,,,,From Free Kick
7546,France,Samuel Yves Umtiti,Raphaël Varane,53,9,2,"[100.0, 38.0]","[109.0, 36.0]",9.219544,-0.21866895,High Pass,Recovery,,,,,,,Incomplete,,,,From Free Kick
7546,France,Lucas Hernández Pi,Olivier Giroud,53,40,2,"[54.0, 1.0]","[84.0, 6.0]",30.413813,0.16514868,High Pass,Throw-in,,,,,,,,,,,From Throw In
7546,France,Olivier Giroud,Blaise Matuidi,53,42,2,"[86.0, 5.0]","[88.0, 5.0]",2.0,0.0,Ground Pass,,,,,,,,,,,,From Throw In
7546,France,Blaise Matuidi,Olivier Giroud,53,43,2,"[88.0, 5.0]","[89.0, 14.0]",9.055386,1.4601392,Ground Pass,,,,,,,,,,,,From Throw In
7546,France,Paul Pogba,Lucas Hernández Pi,54,20,2,"[80.0, 14.0]","[89.0, 6.0]",12.0415945,-0.7266424,Ground Pass,Free Kick,,,,,,,,,,,From Free Kick
7546,France,Lucas Hernández Pi,Paul Pogba,54,21,2,"[88.0, 6.0]","[80.0, 6.0]",8.0,3.1415927,Ground Pass,,,,,,,,,,,,From Free Kick
7546,France,Paul Pogba,Blaise Matuidi,54,26,2,"[75.0, 6.0]","[102.0, 5.0]",27.018513,-0.037020117,High Pass,,,,,,,,Incomplete,,,,From Free Kick
7546,France,Lucas Hernández Pi,Paul Pogba,54,50,2,"[110.0, 1.0]","[102.0, 5.0]",8.944272,2.6779451,Low Pass,Throw-in,,,,,,,,,,,From Throw In
7546,France,Paul Pogba,Blaise Matuidi,54,52,2,"[107.0, 5.0]","[108.0, 14.0]",9.055386,1.4601392,Ground Pass,,,,,,,,,,,,From Throw In
7546,France,Blaise Matuidi,Lucas Hernández Pi,54,53,2,"[108.0, 12.0]","[116.0, 3.0]",12.0415945,-0.844154,Ground Pass,,,,,,,,,,,,From Throw In
7546,France,N''Golo Kanté,Lucas Hernández Pi,55,4,2,"[83.0, 24.0]","[89.0, 12.0]",13.416408,-1.1071488,Ground Pass,,,,,,,,,,,,From Throw In
7546,France,Lucas Hernández Pi,Paul Pogba,55,10,2,"[100.0, 17.0]","[109.0, 9.0]",12.0415945,-0.7266424,Ground Pass,,,,,,,,,,,,From Throw In
7546,France,Kylian Mbappé Lottin,Samuel Yves Umtiti,55,41,2,"[119.0, 2.0]","[116.0, 41.0]",39.115215,1.6475682,High Pass,Corner,,True,,,,,Incomplete,,,,From Corner
7546,France,Benjamin Pavard,N''Golo Kanté,56,11,2,"[56.0, 80.0]","[59.0, 74.0]",6.708204,-1.1071488,Low Pass,Throw-in,,,,,,,,,,,From Throw In
7546,France,N''Golo Kanté,Olivier Giroud,56,12,2,"[59.0, 74.0]","[75.0, 76.0]",16.124516,0.124354996,High Pass,,,,,,,,Incomplete,,,,From Throw In
7546,France,Olivier Giroud,Paul Pogba,56,14,2,"[75.0, 67.0]","[71.0, 66.0]",4.1231055,-2.896614,High Pass,Recovery,,,,,,,,,,,From Throw In
7546,France,Paul Pogba,Lucas Hernández Pi,56,17,2,"[73.0, 59.0]","[71.0, 28.0]",31.06445,-1.6352232,Ground Pass,,,,,,,,,,,,From Throw In
7546,France,Lucas Hernández Pi,Blaise Matuidi,56,20,2,"[78.0, 32.0]","[88.0, 22.0]",14.142136,-0.7853982,Ground Pass,,,,,,,,,,,,From Throw In
7546,France,Blaise Matuidi,Kylian Mbappé Lottin,56,23,2,"[85.0, 16.0]","[94.0, 4.0]",15.0,-0.9272952,Ground Pass,,,,,,,,,,,,From Throw In
7546,France,Kylian Mbappé Lottin,Blaise Matuidi,56,31,2,"[110.0, 11.0]","[110.0, 23.0]",12.0,1.5707964,Ground Pass,,,,,,,,,,,,From Throw In
7546,France,Blaise Matuidi,Olivier Giroud,56,32,2,"[111.0, 22.0]","[110.0, 23.0]",1.4142135,2.3561945,Low Pass,,,,,,,,Incomplete,,,,From Throw In
7546,France,Lucas Hernández Pi,Blaise Matuidi,57,0,2,"[14.0, 28.0]","[59.0, 15.0]",46.840153,-0.2812322,High Pass,Recovery,,,,,,,Incomplete,,,,From Throw In
7546,France,Benjamin Pavard,Kylian Mbappé Lottin,57,22,2,"[11.0, 58.0]","[33.0, 77.0]",29.068884,0.7123576,Ground Pass,,,,,,,,,,,,Regular Play
7546,France,Hugo Lloris,Antoine Griezmann,58,1,2,"[16.0, 29.0]","[87.0, 5.0]",74.94665,-0.32596993,High Pass,,,,,,,,Incomplete,,,,Regular Play
7546,France,Benjamin Pavard,N''Golo Kanté,58,10,2,"[37.0, 51.0]","[40.0, 45.0]",6.708204,-1.1071488,Low Pass,Recovery,,,,,,,,,,,Regular Play
7546,France,N''Golo Kanté,Paul Pogba,58,12,2,"[40.0, 44.0]","[45.0, 40.0]",6.4031243,-0.67474097,Low Pass,,,,,,,,,,,,Regular Play
7546,France,N''Golo Kanté,Kylian Mbappé Lottin,58,34,2,"[56.0, 78.0]","[81.0, 80.0]",25.079872,0.07982998,Ground Pass,,,,,,,,Out,,,,Regular Play
7546,France,Raphaël Varane,Hugo Lloris,59,0,2,"[24.0, 60.0]","[9.0, 47.0]",19.849434,-2.427502,Ground Pass,,,,,,,,,,,,From Throw In
7546,France,Hugo Lloris,Kylian Mbappé Lottin,59,2,2,"[10.0, 47.0]","[46.0, 80.0]",48.83646,0.7419473,High Pass,,,,,,,,Out,,,,From Throw In
7546,France,Kylian Mbappé Lottin,Antoine Griezmann,60,29,2,"[23.0, 64.0]","[27.0, 65.0]",4.1231055,0.24497867,Ground Pass,Recovery,,,,,,,Incomplete,,,,From Throw In
7546,France,Hugo Lloris,Olivier Giroud,61,10,2,"[7.0, 44.0]","[75.0, 40.0]",68.117546,-0.058755822,Ground Pass,Goal Kick,,,,,,,,,,,From Goal Kick
7546,France,Olivier Giroud,Antoine Griezmann,61,14,2,"[74.0, 40.0]","[76.0, 42.0]",2.828427,0.7853982,Low Pass,,,,,,,,,,,,From Goal Kick
7546,France,Antoine Griezmann,Paul Pogba,61,15,2,"[76.0, 43.0]","[69.0, 42.0]",7.071068,-2.9996955,Low Pass,,,,,,,,,,,,From Goal Kick
7546,France,Paul Pogba,Olivier Giroud,61,15,2,"[70.0, 42.0]","[105.0, 39.0]",35.128338,-0.08550529,High Pass,,,,,,,,Incomplete,,,,From Goal Kick
7546,France,Hugo Lloris,Olivier Giroud,62,20,2,"[18.0, 29.0]","[75.0, 5.0]",61.846584,-0.39852244,High Pass,,,,,,,,,,,,Regular Play
7546,France,Olivier Giroud,Paul Pogba,62,23,2,"[76.0, 4.0]","[57.0, 19.0]",24.207438,2.4733033,High Pass,,,,,,,,,,,,Regular Play
7546,France,Paul Pogba,Lucas Hernández Pi,62,25,2,"[59.0, 19.0]","[57.0, 4.0]",15.132746,-1.7033478,High Pass,,,,,,,,,,,True,Regular Play
7546,France,Lucas Hernández Pi,Paul Pogba,62,29,2,"[57.0, 3.0]","[56.0, 14.0]",11.045361,1.6614562,Ground Pass,,,,,,,,,,,,Regular Play
7546,France,Paul Pogba,Raphaël Varane,62,32,2,"[54.0, 25.0]","[46.0, 45.0]",21.540659,1.9513026,Ground Pass,,,,,,,,,,,,Regular Play
7546,France,Raphaël Varane,Benjamin Pavard,62,35,2,"[48.0, 52.0]","[48.0, 76.0]",24.0,1.5707964,Ground Pass,,,,,,,,,,,,Regular Play
7546,France,Benjamin Pavard,Paul Pogba,62,41,2,"[72.0, 63.0]","[67.0, 40.0]",23.537205,-1.784857,Ground Pass,,,,,,,,,,,,Regular Play
7546,France,Paul Pogba,Olivier Giroud,62,44,2,"[70.0, 39.0]","[87.0, 19.0]",26.24881,-0.86630225,Ground Pass,,,,,,,,,,,,Regular Play
7546,France,Olivier Giroud,Kylian Mbappé Lottin,62,48,2,"[98.0, 25.0]","[103.0, 61.0]",36.345562,1.4327903,High Pass,,,,,,,,,,,,Regular Play
7546,France,Kylian Mbappé Lottin,Blaise Matuidi,62,54,2,"[114.0, 59.0]","[113.0, 59.0]",1.0,3.1415927,Ground Pass,,,,,,,,Incomplete,,,,Regular Play
7546,France,Benjamin Pavard,Olivier Giroud,63,9,2,"[111.0, 80.0]","[116.0, 61.0]",19.646883,-1.3134726,High Pass,Throw-in,,,,,,,,,,,From Throw In
7546,France,Raphaël Varane,Benjamin Pavard,63,22,2,"[72.0, 75.0]","[87.0, 69.0]",16.155495,-0.38050637,Low Pass,Interception,,,,,,,,,,,Regular Play
7546,France,Benjamin Pavard,,63,24,2,"[88.0, 69.0]","[101.0, 54.0]",19.849434,-0.8567056,High Pass,,,,,,,,Incomplete,,,,Regular Play
7546,France,Antoine Griezmann,Kylian Mbappé Lottin,63,35,2,"[71.0, 74.0]","[75.0, 79.0]",6.4031243,0.8960554,Ground Pass,Recovery,,,,,,,,,,,Regular Play
7546,France,Kylian Mbappé Lottin,Antoine Griezmann,63,36,2,"[76.0, 78.0]","[72.0, 76.0]",4.472136,-2.6779451,Ground Pass,,,,,,,,,,,,Regular Play
7546,France,Antoine Griezmann,Lucas Hernández Pi,63,39,2,"[70.0, 73.0]","[63.0, 22.0]",51.47815,-1.707199,High Pass,,,,,True,,,,,,,Regular Play
7546,France,Lucas Hernández Pi,Blaise Matuidi,63,42,2,"[62.0, 23.0]","[65.0, 3.0]",20.22375,-1.4219064,Low Pass,,,,,,,,,,,,Regular Play
7546,France,Blaise Matuidi,Samuel Yves Umtiti,63,45,2,"[58.0, 5.0]","[48.0, 28.0]",25.079872,1.9809237,Ground Pass,,,,,,,,,,,,Regular Play
7546,France,Samuel Yves Umtiti,Blaise Matuidi,63,47,2,"[48.0, 27.0]","[57.0, 24.0]",9.486833,-0.32175055,Ground Pass,,,,,,,,,,,,Regular Play
7546,France,Blaise Matuidi,Raphaël Varane,63,48,2,"[57.0, 21.0]","[47.0, 53.0]",33.526108,1.8736812,Ground Pass,,,,,,,,,,,,Regular Play
7546,France,Raphaël Varane,Olivier Giroud,63,54,2,"[50.0, 62.0]","[112.0, 46.0]",64.03124,-0.25255427,High Pass,,,,,,,,Incomplete,,,,Regular Play
7546,France,Samuel Yves Umtiti,Antoine Griezmann,64,40,2,"[25.0, 27.0]","[30.0, 32.0]",7.071068,0.7853982,Ground Pass,,,,,,,,,,,,Regular Play
7546,France,Antoine Griezmann,N''Golo Kanté,64,41,2,"[31.0, 33.0]","[33.0, 26.0]",7.28011,-1.2924967,Ground Pass,,,,,,,,,,,,Regular Play
7546,France,N''Golo Kanté,Paul Pogba,64,42,2,"[33.0, 27.0]","[45.0, 27.0]",12.0,0.0,Ground Pass,,,,,,,,,,,,Regular Play
7546,France,Paul Pogba,Kylian Mbappé Lottin,64,45,2,"[47.0, 32.0]","[75.0, 55.0]",36.23534,0.68767124,High Pass,,,,,,,,Incomplete,,,,Regular Play
7546,France,Blaise Matuidi,Antoine Griezmann,66,37,2,"[29.0, 23.0]","[39.0, 39.0]",18.867962,1.012197,Low Pass,,,,,,,,,,,,Regular Play
7546,France,Antoine Griezmann,Blaise Matuidi,66,39,2,"[39.0, 32.0]","[41.0, 9.0]",23.086792,-1.484058,Ground Pass,,,,,,,,,,,,Regular Play
7546,France,Blaise Matuidi,Kylian Mbappé Lottin,66,41,2,"[39.0, 2.0]","[63.0, 45.0]",49.24429,1.0617255,Ground Pass,,,,,True,,,Incomplete,,,,Regular Play
7546,France,Hugo Lloris,Olivier Giroud,67,35,2,"[7.0, 37.0]","[77.0, 25.0]",71.021126,-0.16977827,High Pass,Goal Kick,,,,,,,Incomplete,,,,From Goal Kick
7546,France,Hugo Lloris,Blaise Matuidi,69,4,2,"[6.0, 48.0]","[73.0, 40.0]",67.47592,-0.118840344,High Pass,Goal Kick,,,,,,,,,,,From Goal Kick
7546,France,Blaise Matuidi,Antoine Griezmann,69,7,2,"[79.0, 45.0]","[87.0, 49.0]",8.944272,0.4636476,High Pass,,,,,,,,Incomplete,,,True,From Goal Kick
7546,France,Lucas Hernández Pi,Paul Pogba,69,38,2,"[51.0, 2.0]","[72.0, 3.0]",21.023796,0.047583103,Low Pass,Throw-in,,,,,,,,,,,From Throw In
7546,France,Paul Pogba,Blaise Matuidi,69,39,2,"[72.0, 4.0]","[75.0, 3.0]",3.1622777,-0.32175055,Low Pass,,,,,,,,Incomplete,,,,From Throw In
7546,France,Paul Pogba,Olivier Giroud,69,41,2,"[75.0, 7.0]","[81.0, 6.0]",6.0827627,-0.16514868,Ground Pass,,,,,,,,Incomplete,,,,From Throw In
7546,France,Lucas Hernández Pi,Olivier Giroud,70,6,2,"[87.0, 1.0]","[99.0, 5.0]",12.649111,0.32175055,Low Pass,Throw-in,,,,,,,,,,,From Throw In
7546,France,Olivier Giroud,Paul Pogba,70,7,2,"[99.0, 5.0]","[94.0, 18.0]",13.928389,1.9379702,Ground Pass,,,,,,,,,,,,From Throw In
7546,France,Paul Pogba,Blaise Matuidi,70,9,2,"[96.0, 17.0]","[112.0, 13.0]",16.492422,-0.24497867,Ground Pass,,,,,,,,,,,,From Throw In
7546,France,Blaise Matuidi,Benjamin Pavard,70,10,2,"[114.0, 13.0]","[116.0, 55.0]",42.047592,1.5232133,High Pass,,,True,,True,,,Incomplete,,,True,From Throw In
7546,France,Benjamin Pavard,N''Golo Kanté,70,22,2,"[107.0, 80.0]","[99.0, 76.0]",8.944272,-2.6779451,Low Pass,Throw-in,,,,,,,,,,,From Throw In
7546,France,N''Golo Kanté,Kylian Mbappé Lottin,70,27,2,"[87.0, 76.0]","[93.0, 71.0]",7.81025,-0.69473827,Ground Pass,,,,,,,,,,,,From Throw In
7546,France,Kylian Mbappé Lottin,Antoine Griezmann,70,29,2,"[93.0, 69.0]","[93.0, 59.0]",10.0,-1.5707964,Ground Pass,,,,,,,,,,,True,From Throw In
7546,France,Antoine Griezmann,Paul Pogba,70,31,2,"[91.0, 59.0]","[74.0, 55.0]",17.464249,-2.910502,Ground Pass,,,,,,,,,,,True,From Throw In
7546,France,Paul Pogba,Lucas Hernández Pi,70,33,2,"[83.0, 52.0]","[92.0, 22.0]",31.320919,-1.2793396,Ground Pass,,,,,,,,,,,,From Throw In
7546,France,Lucas Hernández Pi,Blaise Matuidi,70,36,2,"[100.0, 19.0]","[110.0, 17.0]",10.198039,-0.19739556,Ground Pass,,,,,,,,,,,,From Throw In
7546,France,Blaise Matuidi,Olivier Giroud,70,38,2,"[110.0, 17.0]","[110.0, 21.0]",4.0,1.5707964,Ground Pass,,,,,,,,Incomplete,,,True,From Throw In
7546,France,Samuel Yves Umtiti,Hugo Lloris,71,47,2,"[22.0, 25.0]","[5.0, 37.0]",20.808653,2.5269296,Ground Pass,,,,,,,,,,,,From Throw In
7546,France,Hugo Lloris,Kylian Mbappé Lottin,71,50,2,"[6.0, 36.0]","[47.0, 69.0]",52.63079,0.67770827,High Pass,,,,,,,,Incomplete,,,True,From Throw In
7546,France,Raphaël Varane,Kylian Mbappé Lottin,71,54,2,"[25.0, 62.0]","[50.0, 80.0]",30.805843,0.6240231,High Pass,Recovery,,,,,,,Out,,,,From Throw In
7546,France,Benjamin Pavard,Hugo Lloris,72,20,2,"[24.0, 60.0]","[7.0, 42.0]",24.758837,-2.3276308,Ground Pass,Recovery,,,,,,,,,,True,From Throw In
7546,France,Hugo Lloris,Blaise Matuidi,72,28,2,"[9.0, 35.0]","[57.0, 27.0]",48.6621,-0.16514868,High Pass,,,,,,,,Incomplete,,,,From Throw In
7546,France,Antoine Griezmann,Paul Pogba,72,52,2,"[35.0, 29.0]","[34.0, 24.0]",5.0990195,-1.7681919,Low Pass,Interception,,,,,,,,,,,From Throw In
7546,France,Paul Pogba,Olivier Giroud,72,54,2,"[35.0, 25.0]","[103.0, 21.0]",68.117546,-0.058755822,High Pass,,,,,,,,Incomplete,,,,From Throw In
7546,France,Samuel Yves Umtiti,Paul Pogba,73,15,2,"[25.0, 47.0]","[35.0, 46.0]",10.049875,-0.09966865,Low Pass,Recovery,,,,,,,Incomplete,,,,From Throw In
7546,France,Hugo Lloris,Olivier Giroud,74,40,2,"[7.0, 46.0]","[70.0, 21.0]",67.77905,-0.37776667,High Pass,Goal Kick,,,,,,,,,,,From Goal Kick
7546,France,Olivier Giroud,Blaise Matuidi,74,43,2,"[70.0, 21.0]","[87.0, 16.0]",17.720045,-0.28605145,Low Pass,,,,,,,,Incomplete,,,,From Goal Kick
7546,France,Paul Pogba,N''Golo Kanté,74,47,2,"[65.0, 26.0]","[57.0, 31.0]",9.433981,2.5829933,Ground Pass,,,,,,,,,,,True,From Goal Kick
7546,France,N''Golo Kanté,Blaise Matuidi,74,51,2,"[59.0, 24.0]","[81.0, 16.0]",23.409399,-0.348771,Ground Pass,,,,,,,,,,,,From Goal Kick
7546,France,Blaise Matuidi,Lucas Hernández Pi,74,53,2,"[81.0, 16.0]","[79.0, 4.0]",12.165525,-1.735945,Ground Pass,,,,,,,,,,,,From Goal Kick
7546,France,Lucas Hernández Pi,Blaise Matuidi,75,9,2,"[111.0, 1.0]","[110.0, 11.0]",10.049875,1.670465,Low Pass,Throw-in,,,,,,,,,,,From Throw In
7546,France,Blaise Matuidi,Olivier Giroud,75,14,2,"[119.0, 13.0]","[115.0, 28.0]",15.524175,1.8313987,Ground Pass,,,,,,,,Incomplete,,,,From Throw In
7546,France,Lucas Hernández Pi,Olivier Giroud,75,32,2,"[94.0, 1.0]","[114.0, 6.0]",20.615528,0.24497867,Low Pass,Throw-in,,,,,,,,,,,From Throw In
7546,France,Olivier Giroud,N''Golo Kanté,75,41,2,"[118.0, 10.0]","[81.0, 21.0]",38.600517,2.8526173,High Pass,,,,,,,,,,,True,From Throw In
7546,France,N''Golo Kanté,Samuel Yves Umtiti,75,44,2,"[77.0, 22.0]","[66.0, 18.0]",11.7046995,-2.7928216,Low Pass,,,,,,,,,,,,From Throw In
7546,France,Samuel Yves Umtiti,Raphaël Varane,75,46,2,"[59.0, 14.0]","[53.0, 33.0]",19.924858,1.8766752,Ground Pass,,,,,,,,,,,,From Throw In
7546,France,Raphaël Varane,Benjamin Pavard,75,53,2,"[58.0, 56.0]","[58.0, 77.0]",21.0,1.5707964,Ground Pass,,,,,,,,,,,,From Throw In
7546,France,Benjamin Pavard,Hugo Lloris,75,56,2,"[57.0, 78.0]","[14.0, 56.0]",48.30114,-2.6686862,Ground Pass,,,,,,,,,,,True,From Throw In
7546,France,Hugo Lloris,Blaise Matuidi,76,0,2,"[14.0, 56.0]","[78.0, 37.0]",66.760765,-0.28858736,High Pass,,,,,,,,,,,,From Throw In
7546,France,Blaise Matuidi,Antoine Griezmann,76,4,2,"[94.0, 39.0]","[106.0, 38.0]",12.0415945,-0.08314123,High Pass,,,,,,,,Incomplete,,,True,From Throw In
7546,France,Lucas Hernández Pi,Olivier Giroud,77,16,2,"[20.0, 1.0]","[39.0, 5.0]",19.416489,0.20749623,High Pass,Throw-in,,,,,,,Incomplete,,,,From Throw In
7546,France,N''Golo Kanté,Paul Pogba,77,29,2,"[32.0, 44.0]","[33.0, 35.0]",9.055386,-1.4601392,Ground Pass,Recovery,,,,,,,,,,,Regular Play
7546,France,Raphaël Varane,Lucas Hernández Pi,77,54,2,"[55.0, 46.0]","[65.0, 16.0]",31.622776,-1.2490457,Ground Pass,Free Kick,,,,,,,,,,,From Free Kick
7546,France,Lucas Hernández Pi,Paul Pogba,77,57,2,"[65.0, 17.0]","[64.0, 27.0]",10.049875,1.670465,Ground Pass,,,,,,,,,,,,From Free Kick
7546,France,Paul Pogba,Raphaël Varane,78,1,2,"[57.0, 31.0]","[50.0, 55.0]",25.0,1.8545904,Ground Pass,,,,,,,,,,,,From Free Kick
7546,France,Raphaël Varane,Benjamin Pavard,78,4,2,"[54.0, 59.0]","[86.0, 78.0]",37.215588,0.53581125,High Pass,,,,,,,,,,,True,From Free Kick
7546,France,Benjamin Pavard,Ousmane Dembélé,78,30,2,"[57.0, 78.0]","[76.0, 79.0]",19.026299,0.05258306,Ground Pass,,,,,,,,,,,,Regular Play
7546,France,Ousmane Dembélé,Benjamin Pavard,78,32,2,"[67.0, 79.0]","[56.0, 79.0]",11.0,3.1415927,Ground Pass,,,,,,,,,,,,Regular Play
7546,France,Benjamin Pavard,N''Golo Kanté,78,34,2,"[54.0, 79.0]","[63.0, 66.0]",15.811388,-0.9652517,Ground Pass,,,,,,,,,,,True,Regular Play
7546,France,N''Golo Kanté,Raphaël Varane,78,35,2,"[63.0, 66.0]","[37.0, 75.0]",27.513634,2.8083484,Ground Pass,,,,,,,,,,,,Regular Play
7546,France,Raphaël Varane,Hugo Lloris,78,37,2,"[34.0, 74.0]","[15.0, 52.0]",29.068884,-2.283154,Ground Pass,,,,,,,,,,,True,Regular Play
7546,France,Hugo Lloris,Samuel Yves Umtiti,78,40,2,"[15.0, 49.0]","[29.0, 25.0]",27.784887,-1.0427219,Ground Pass,,,,,,,,,,,,Regular Play
7546,France,Samuel Yves Umtiti,Paul Pogba,78,43,2,"[29.0, 24.0]","[38.0, 33.0]",12.727922,0.7853982,Ground Pass,,,,,,,,,,,True,Regular Play
7546,France,Paul Pogba,Raphaël Varane,78,45,2,"[35.0, 31.0]","[27.0, 62.0]",32.01562,1.8233505,Low Pass,,,,,,,,,,,,Regular Play
7546,France,Raphaël Varane,Ousmane Dembélé,78,48,2,"[29.0, 68.0]","[55.0, 68.0]",26.0,0.0,High Pass,,,,,,,,,,,,Regular Play
7546,France,Ousmane Dembélé,Benjamin Pavard,78,50,2,"[55.0, 68.0]","[55.0, 79.0]",11.0,1.5707964,Low Pass,,,,,,,,,,,,Regular Play
7546,France,Benjamin Pavard,Olivier Giroud,78,51,2,"[55.0, 78.0]","[69.0, 77.0]",14.035668,-0.071307465,Ground Pass,,,,,,,,,,,,Regular Play
7546,France,Olivier Giroud,Ousmane Dembélé,78,52,2,"[69.0, 78.0]","[67.0, 69.0]",9.219544,-1.7894653,Ground Pass,,,,,,,,,,,,Regular Play
7546,France,Paul Pogba,Benjamin Pavard,79,33,2,"[39.0, 10.0]","[29.0, 61.0]",51.971146,1.7644184,Ground Pass,,,,,True,,,,,,,Regular Play
7546,France,Benjamin Pavard,Ousmane Dembélé,79,36,2,"[29.0, 64.0]","[49.0, 72.0]",21.540659,0.38050637,Ground Pass,,,,,,,,,,,True,Regular Play
7546,France,Ousmane Dembélé,Nabil Fekir,79,40,2,"[51.0, 71.0]","[57.0, 63.0]",10.0,-0.9272952,Ground Pass,,,,,,,,,,,,Regular Play
7546,France,Raphaël Varane,Olivier Giroud,81,2,2,"[67.0, 67.0]","[106.0, 52.0]",41.785164,-0.36717382,High Pass,Free Kick,,,,,,,,,,,From Free Kick
7546,France,Olivier Giroud,Ousmane Dembélé,81,5,2,"[106.0, 52.0]","[103.0, 48.0]",5.0,-2.2142975,Low Pass,,,,,,,,,True,bd632119-1980-4652-9366-18687f559cf5,,From Free Kick
7546,France,Benjamin Pavard,Olivier Giroud,81,47,2,"[21.0, 45.0]","[55.0, 49.0]",34.234486,0.11710875,High Pass,Recovery,,,,,,,Incomplete,,,,Regular Play
7546,France,Samuel Yves Umtiti,Olivier Giroud,82,31,2,"[51.0, 13.0]","[98.0, 20.0]",47.518417,0.14784937,High Pass,Free Kick,,,,,,,,,,,From Free Kick
7546,France,Olivier Giroud,Blaise Matuidi,82,34,2,"[98.0, 20.0]","[93.0, 22.0]",5.3851647,2.7610862,High Pass,,,,,,,,Incomplete,,,True,From Free Kick
7546,France,Olivier Giroud,Nabil Fekir,84,30,2,"[29.0, 27.0]","[35.0, 20.0]",9.219544,-0.86217004,Ground Pass,Interception,,,,,,,,,,,From Throw In
7546,France,Raphaël Varane,Paul Pogba,85,19,2,"[19.0, 55.0]","[29.0, 54.0]",10.049875,-0.09966865,High Pass,Interception,,,,,,,,,,,From Throw In
7546,France,N''Golo Kanté,Benjamin Pavard,87,44,2,"[24.0, 67.0]","[16.0, 71.0]",8.944272,2.6779451,Ground Pass,,,,,,,,,,,,Regular Play
7546,France,Benjamin Pavard,Olivier Giroud,87,45,2,"[16.0, 71.0]","[87.0, 44.0]",75.96052,-0.36339313,High Pass,,,,,,,,Incomplete,,,,Regular Play
7546,France,Hugo Lloris,Olivier Giroud,88,54,2,"[6.0, 40.0]","[105.0, 29.0]",99.60924,-0.11065722,High Pass,Goal Kick,,,,,,,Incomplete,,,,From Goal Kick
7546,France,Samuel Yves Umtiti,N''Golo Kanté,89,8,2,"[43.0, 47.0]","[53.0, 49.0]",10.198039,0.19739556,Low Pass,Interception,,,,,,,Incomplete,,,True,Regular Play
7546,France,Nabil Fekir,Olivier Giroud,89,53,2,"[91.0, 80.0]","[91.0, 71.0]",9.0,-1.5707964,Low Pass,Throw-in,,,,,,,,,,,From Throw In
7546,France,Olivier Giroud,,89,55,2,"[92.0, 71.0]","[120.0, 70.0]",28.01785,-0.035699114,Ground Pass,,,,,,,,Injury Clearance,,,,From Throw In
7546,France,Raphaël Varane,Nabil Fekir,90,13,2,"[29.0, 65.0]","[53.0, 58.0]",25.0,-0.2837941,High Pass,Recovery,,,,,,,Incomplete,,,,Regular Play
7546,France,Blaise Matuidi,Nabil Fekir,90,16,2,"[43.0, 33.0]","[62.0, 53.0]",27.58623,0.81103355,Ground Pass,Recovery,,,,,,,,,,,Regular Play
7546,France,Nabil Fekir,Ousmane Dembélé,90,20,2,"[75.0, 54.0]","[83.0, 71.0]",18.788294,1.1309538,Ground Pass,,,,,,,,,,,,Regular Play
7546,France,Ousmane Dembélé,Nabil Fekir,90,24,2,"[105.0, 68.0]","[108.0, 65.0]",4.2426405,-0.7853982,Low Pass,,,,,,,,Incomplete,,,,Regular Play
7546,France,Ousmane Dembélé,Nabil Fekir,90,45,2,"[119.0, 80.0]","[118.0, 79.0]",1.4142135,-2.3561945,Ground Pass,Corner,,,,,,,,,,,From Corner
7546,France,Ousmane Dembélé,Steven N''Kemboanza Mike Christopher Nzonzi,91,22,2,"[115.0, 79.0]","[114.0, 51.0]",28.01785,-1.6064954,High Pass,Free Kick,,,,,,,Incomplete,,,,From Free Kick
7546,France,Lucas Hernández Pi,Olivier Giroud,92,3,2,"[32.0, 1.0]","[57.0, 6.0]",25.495098,0.19739556,High Pass,Throw-in,,,,,,,,,,,From Throw In
7546,France,Olivier Giroud,Steven N''Kemboanza Mike Christopher Nzonzi,92,6,2,"[57.0, 13.0]","[43.0, 7.0]",15.231546,-2.7367008,Ground Pass,,,,,,,,Incomplete,,,True,From Throw In
7546,France,Hugo Lloris,Olivier Giroud,93,1,2,"[7.0, 46.0]","[63.0, 77.0]",64.00781,0.5055811,High Pass,Goal Kick,,,,,,,,,,,From Goal Kick
7546,France,Olivier Giroud,Nabil Fekir,93,4,2,"[63.0, 77.0]","[70.0, 61.0]",17.464249,-1.1583859,High Pass,,,,,,,,Incomplete,,,,From Goal Kick
7546,France,N''Golo Kanté,Benjamin Pavard,93,11,2,"[48.0, 72.0]","[49.0, 78.0]",6.0827627,1.4056476,Ground Pass,,,,,,,,,,,,From Goal Kick
7546,France,Benjamin Pavard,Ousmane Dembélé,93,12,2,"[49.0, 78.0]","[64.0, 78.0]",15.0,0.0,Ground Pass,,,,,,,,,,,,From Goal Kick
7546,France,Ousmane Dembélé,Nabil Fekir,93,14,2,"[67.0, 78.0]","[65.0, 66.0]",12.165525,-1.735945,Ground Pass,,,,,,,,,,,True,From Goal Kick
7546,France,Nabil Fekir,Ousmane Dembélé,93,15,2,"[66.0, 66.0]","[82.0, 78.0]",20.0,0.6435011,Ground Pass,,,,,,,,,,,,From Goal Kick
7546,France,Ousmane Dembélé,Olivier Giroud,93,21,2,"[111.0, 62.0]","[111.0, 41.0]",21.0,-1.5707964,Low Pass,,,,,,,,Incomplete,,,,From Goal Kick
7546,France,N''Golo Kanté,Blaise Matuidi,93,34,2,"[58.0, 45.0]","[66.0, 28.0]",18.788294,-1.1309538,Ground Pass,,,,,,,,,,,True,From Goal Kick
7546,France,Blaise Matuidi,Olivier Giroud,93,41,2,"[85.0, 13.0]","[85.0, 22.0]",9.0,1.5707964,Ground Pass,,,,,,,,,True,ea0edec5-15a4-415f-a0c5-6d002474f269,,From Goal Kick
7546,France,Ousmane Dembélé,Nabil Fekir,94,20,2,"[120.0, 1.0]","[118.0, 5.0]",4.472136,2.0344439,Ground Pass,Corner,,,,,,,,,,,From Corner
7546,France,Nabil Fekir,,94,22,2,"[119.0, 5.0]","[117.0, 7.0]",2.828427,2.3561945,Ground Pass,,,,,,,,Incomplete,,,,From Corner
